ORIGEN;IDIGER;;;;;;;;;;;;;;;;;;;;;;;;;;;;;;;;;;;;;;;;;;;;;;;;;;;;;;;;;;;;;;;;;;;;;
FECHA CORTE ;dic-24;;;;;;;;;;;;;;;;;;;;;;;;;;;;;;;;;;;;;;;;;;;;;;;;;;;;;;;;;;;;;;;;;;;;;
FECHALECTURA;Altos De La Estancia;COLMAC;Casas Fiscales Artillería;Cerro Cazadores;Cerro Norte;Chicu Río Bogotá;Colegio 21 Ángeles (IED);Colegio Agustín Fernández (IE;Colegio Alberto Lleras Camarg;Colegio Alemania Unificada;Colegio Antonio García (IED);Colegio Carlo Federici(IED);Colegio Carlos Pizarro (IED);Colegio Ciudad De Villavicenc;Colegio Eduardo Umaña (IED);Colegio El Manantial (IED);Colegio El Tesoro De La Cumbr;Colegio Francisco Primero S.S;Colegio Friedrich Naumann (IE;Colegio Gabriel Garcia Márque;Colegio Gustavo Morales Moral;Colegio Gustavo Restrepo (IED;Colegio Inem Francisco De Pau;Colegio La Belleza (IED);Colegio La Chucua (IED);Colegio La Felicidad(IED);Colegio Los Alpes (IED);Colegio Los Pinos (IED);Colegio Magdalena Ortega De N;Colegio Manuel Elkin Patarroy;Colegio Moralba Suroriental (;Colegio Nueva Zelandia (IED);Colegio Ofelia Uribe (IED);Colegio Paulo Freire (IED);Colegio Rafael Uribe Uribe (I;Colegio Rodolfo Llinás (IED);Colegio Sierra Morena;Colegio Simón Rodríguez Sede ;Colegio Sorrento (Sede B San ;Colegio Unión Colombia Sede A;Doña Juana;El Codito;El Tabaco Río Bogotá;Escuela Colombiana de Ingenie;Escuela Pedagógica Experiment;FOPAE - IDIGER;Fundación Ana Restrepo Del Co;Gran Bretaña;Gravilleras Río Tunjuelo;Guadalupe;Independencia Río Tunjuelo;Juan Rey;Kennedy;La Esperanza;La Fiscala;La Ramada Río Bogotá;La Unión;La viga;Micaela;Molinos;NAZARETH;Paraiso;Pasquilla;Quiba;Río Salitre – Carrera 56b;San Benito Río Tunjuelo;San Francisco Qda. Limas;UAN Circunvalar;UAN Usme;Vitelma
2021-09-01 00:00:00.0;0;3,1;0;0,3;0,2;11518560;0,4;0,3;0,4;;0;0,2;0,5;0;0;0,2;0;0,1;0,4;0,1;0,3;0,05;0,5;0;0,28;0,1;0,1;0,1;0,3;1;0,2;0,3;0;0;0,01;0,4;0;0,1;1,1;0,2;0;0,4;11518560;;0,4;0,2;0,3;0;11518560;0,4;0,6;0,2;0,7;0,7;0;11518560;0,2;;0,1;0;;0,9;0,6;0;11518560;0;0;0,1;0;0,1
2021-09-02 00:00:00.0;0;0;0,2;0,1;0;11518560;0,1;0;0,31;;0,3;0;0,3;0,6;0,3;0,3;0;0;0,2;0;0;0;0;0,7;0;0;0,3;0;0;0,1;0,6;0,4;0;0,2;0;0;0;0;0;0,4;0;0,8;11518560;;0,1;0;0;0;11518560;0,1;0;0,4;0;0,2;0,3;11518560;2,2;;0,1;0,1;;0;0;0,1;11518560;0,1;0,1;0,1;0,1;0,1
2021-09-03 00:00:00.0;0,3;0,6;0,2;0,2;0,9;11518560;0,3;0,5;0,5;;0,2;0,4;0;0,9;0,4;0,3;0,2;0;0,6;0,7;0;0,27;0,4;0,3;0,63;0,1;0,3;0,2;0;0,3;0,3;0,2;0,6;0,2;0,38;0,1;0,1;0,1;0;0,5;0,2;0,9;11518560;;0,3;0,1;0,3;0,4;11518560;0,6;0;0,6;0,2;1,2;0,1;11518560;0,5;;1;0,1;;0,4;0,1;0,3;11518560;0,4;0,5;0,2;0,5;0,4
2021-09-04 00:00:00.0;0;0,2;0;0,6;0;11518560;0;0;0;;0,1;0;0;0;0;1,3;0;0;0;0,1;0;0,19;0;0,4;0,08;0;1;0;0;0;1,3;0;0;0;0,12;0;0;0;0;0;0;0;11518560;;1,2;0;0,1;0;11510561;0;0;0,4;0;0,1;0,1;11518560;0;;0,2;0;;0,2;0;0,1;11518560;0,2;0,2;0,1;0;0,7
2021-09-05 00:00:00.0;0;0;0;0;0;11518560;23,2;0;2,32;;0;4,7;0;0;0;0,3;3,5;4,8;0;0;2,3;0,01;0;0,1;0;6;0;1,4;15,8;0,6;0,1;3,8;0;0;0;4,2;0;0,4;1,3;0;0;0;11518560;;0,2;12,2;0;0,3;11518560;3;0;0;0;1,2;0;11518560;0,5;;0;0;;0;1,4;10,4;11518560;0;0;0;0;1,1
2021-09-06 00:00:00.0;3,9;0,2;6,8;2,2;1;11518560;2,7;0,8;4;;7,2;6,6;8,4;6,2;6;7,5;15,5;5,1;0,6;6;4,4;7,2;7,9;11,1;5,8;14,3;10,2;6,3;12,4;3,8;8,8;0,7;7,3;11,4;15,94;13,6;5;3,2;9,9;0,8;6,8;0,9;11518560;;2,1;15,2;1,5;16;11518560;4,3;7,7;9,1;4,7;6,3;14,1;11518560;8,9;;6;8,8;;3,3;4,7;7,6;11518560;8,9;3,5;3,3;6,3;7,7
2021-09-07 00:00:00.0;0;0,9;0;0;0,2;11518560;0,1;0,2;0,13;;0;0,2;0;0;0;0;0;0;0,2;0;0,2;0;0,1;0;0,12;0;0;0;0,3;0;0;0,1;0;0;0;0,4;0;0;0;0,1;0;0,2;11518560;;0;0,2;0,2;0;11518560;0;0;0;0,1;0,2;0;11518560;0,5;;0;0;;0;0,1;0;11518560;0;0;0;0,1;0
2021-09-08 00:00:00.0;0;6,5;0;0,3;0;11510561;0,1;0;0,08;;0,5;1,3;2,6;0,6;0,4;0,6;0,1;0,1;0;0,4;0;0,02;1,1;1,2;0,83;0,9;0;0,5;0,2;0,2;0,5;0,9;0;0;0,29;0;0;0,5;1,5;0,6;0;3;11510561;;0,1;0,5;0;0,8;11510561;1,3;0,3;1,3;0,4;2,1;0,1;11510561;0,6;;1;0;;0,8;0;0,4;11510561;0;0,1;0,5;0;0,5
2021-09-09 00:00:00.0;0;0;0;0;0;11518560;0;0;0;;0;1;0,1;0;0;0;0;0;0,1;0;0;0,01;0,5;0;0,03;0;0,1;0,1;0;1,8;0;0,1;0;0;0;0;0;0,4;0,9;0,1;0;0,3;11518560;;0;0;0;0;11518560;0,7;0;0,1;0,3;0;0;11518560;0,2;;0;0;;2;0;0;11518560;0;0;0,5;0;0,2
2021-09-10 00:00:00.0;2,2;2,9;2,4;2,4;4,9;11518560;3;3,8;2,28;;2,3;3,8;1,3;4,3;2,6;5,6;2,6;3,4;4;3,9;1,9;2,55;2,3;3,2;2,31;4,2;4,1;2;2,1;2,5;5;2,4;3;2;2,51;2,7;1,7;3;1,9;2,6;2,4;3,6;11518560;;3,9;6,9;3,9;2,6;11518560;3,8;1,9;4,2;1,8;0,1;2;11518560;8,6;;5,6;2,1;;2,9;3,1;4,2;11518560;2,6;2,1;3,2;2,1;2,5
2021-09-11 00:00:00.0;6,8;8,2;4,2;8,3;8,8;11518560;11,8;6,9;7,49;;4,2;4,2;5,4;2,1;2,5;5,3;3,3;5,1;9;2,1;8,9;5,92;6,3;3,8;5,51;4,5;4,6;4,5;7,2;3,5;4,3;8,7;2,6;4,9;5,22;9,1;6,5;3,9;4,8;7,9;3,7;11,4;11518560;;9,9;5,5;8,8;4,6;11518560;4,9;3,9;3,1;4,2;;5,5;11518560;5,8;;2,6;4,3;;3,9;7,7;4;11518560;4,3;3,2;3,8;2,7;5,3
2021-09-12 00:00:00.0;0,5;2,9;0;1,8;0,8;11518560;0,1;0,2;0;;0;0,1;0;2,2;1,5;1,5;0,1;0,1;0,6;2,2;0,1;0,17;0,1;0,7;0,6;0;1,3;0,5;0;0,1;1,5;0,3;1,7;0,2;0,3;0;0,2;0,4;0;0,3;0,6;0,6;11518560;;1,7;0,1;0,5;1;11518560;1,6;0;2;0,5;0;0;11518560;1,9;;4,4;0,1;;0,4;1,8;0,1;11518560;0;0;0,3;1;1,3
2021-09-13 00:00:00.0;0;0;0;0,2;0;11518560;0;0;0;;0;0,1;0;0,2;0;0,2;0;0,1;0;0,1;0;0,09;0;0;0;0;0,2;0,4;0;0,5;0,1;0;0,1;0;0,14;0;0;0,4;0,2;0;0;0;11518560;;0,4;0;0;0;11518560;1,2;0;0;0;0;0;11518560;0;;0,2;0;;0,6;0;0;11518560;0;0;0,1;0;0,6
2021-09-14 00:00:00.0;0;0;0;0;0;11518560;0;0;0;;0;0;0;0;0;0;0;0;0;0;0;0;0;0,2;0;0;0;0;0;0;0;0;0;0;0;0;0;0;0;0;0;0;11518560;;0,1;0;0;0;11518560;0;0;0;0;0;0;11518560;0;;0;0;;0,1;0;0;11518560;0;0;0;0;0
2021-09-15 00:00:00.0;0;0;0;0;0;11518560;0;0;0;;0;0;0;1,8;1,1;0,4;0,1;0;0,1;1,7;0;0;0;0,8;0,01;0,2;0,1;0;0;0;1,4;0;1,1;0,5;0;0;0;0;0;0;1,1;0;11518560;;0;0;0;0,4;11518560;0,2;0;1,9;0;6,6;0,4;11518560;1,3;;2,9;0;;0;2,2;0,1;11518560;0;0;0;1,2;0,4
2021-09-16 00:00:00.0;0;0,2;0;0,2;0;11518560;0;0;0;;0;0,2;0;1,5;0,8;0,8;0;0;0;1,2;0;0;0;0,7;0;0;0,5;0,5;0;0;1,1;0;1;0,1;0;0;0;0;0;0;0,3;0;11518560;;0,2;0,5;0;0,3;11518560;0,6;0;1,3;0;2,7;0,1;11518560;0,1;;2,2;0;;0,2;0,4;0;11518560;0;0;0,1;0,6;0,4
2021-09-17 00:00:00.0;0;0;0;0;0;11518560;0;0;0;;0;0;0;0;0;0;0;0;0;0;0;0;0;0;0;0;0;0;0;0;0;0;0;0;0;0;0;0;0;0;0;0;11518560;;0;0;0;0;11518560;0;0;0;0;0;0;11518560;0;;0;0;;0;0;0;11518560;0;0;0;0;0
2021-09-18 00:00:00.0;0;0;0;0;0;11518560;0;0;0;;0;0;0;0;0;0;0;0;0;0;0;0;0;0;0;0;0;0;0;0;0;0;0;0;0,01;0,2;0;0;0;0;0;0;11518560;;0;0;0;0;11518560;0;0;0;0;0;0;11518560;0;;0;0;;0;0;0;11518560;0;0;0;0;0
2021-09-19 00:00:00.0;0;12,4;0;1,6;2,9;11518560;4,4;3;9,16;;0;0,3;0;0;0;0;0;2,1;2,8;0;3,1;0;0;0;0;0,7;0;0,1;2,3;0,3;0;8,1;0;0;0;3,2;0;2,2;10,7;3,6;0;3,9;11518560;;2,2;0,5;3;0;11518560;0,6;0;0;0;0,1;0;11518560;0;;0;0;;1,8;1,4;0;11518560;0;0;2,1;0;0
2021-09-20 00:00:00.0;1,4;0,9;1,5;2,8;1,2;11518560;3,7;1,2;4,07;;0,9;1,9;2;0,5;0,1;1,6;0,4;1,6;0,5;0,8;2,4;1,36;4,9;1;2,63;3,1;1,9;1,4;2;1,2;1,8;0,7;0,4;0,9;2,47;1,1;1,1;2,9;2,4;0,7;0,1;0,7;11518560;;3,5;1,7;2,4;1,5;11518560;2,9;2,6;1,8;2,1;0,6;1,2;11518560;0,9;;1,1;1,3;;1,7;1,3;1;11518560;1,6;1,2;2,1;0;1,7
2021-09-21 00:00:00.0;0;3,9;0,2;0,4;0;11518560;0;0;0,01;;0;11;0,3;0,2;0;0,4;0;0;0;0;0;0;0;0,2;0;2,4;0,3;0;0,2;0;0;0,1;0;0;0;0;0;0;0;0;0;0;11518560;;0,1;0;0;0;11518560;0;0;0,3;0;1,4;0;11518560;0,6;;0,6;0;;0;1,8;0;11518560;0;0;0;0;0,3
2021-09-22 00:00:00.0;11;11,5;13,2;9,1;8,5;11518560;12,2;9,6;10,25;;10,3;16,2;10,4;8,6;6,9;11,6;10,5;17,4;6,7;9,6;7,7;11,05;8,7;7,7;11,14;11,5;10,1;8,9;30,6;8,6;9,6;10;6,5;8,4;12,87;10,1;10;10,9;11,5;6,6;7,9;7,5;11518560;;7,7;28,5;6,9;11;11518560;13,4;10,2;11,1;8,1;8,4;7,8;11518560;9,8;;13,3;6,9;;12,2;7,8;10,7;11518560;11,4;7,8;10,4;4,5;10,1
2021-09-23 00:00:00.0;0,7;4,8;2;1;1,8;11518560;2,7;1,3;2,2;;3,5;2,5;1,5;3,6;2,4;2;2,3;0,6;2,1;6,3;1,6;1,38;1,3;3,5;1,24;1,8;1,6;0,4;1,1;0;5,2;3,4;2,3;0,4;1,52;2,1;0,6;0,1;1;2;1,2;2,1;11518560;;0,5;1,7;1,4;5,9;11518560;1,6;1,1;8;1;4,9;0,5;11518560;2,4;;12,6;0,1;;0,3;1,3;2,1;11518560;1,7;1,2;0;0,7;1,4
2021-09-24 00:00:00.0;0;0,7;0;0,9;1;11518560;0,8;0,7;0,52;;0;0;0;2,1;0,8;1;0;0;0,7;1,8;0,7;0,01;0;1,3;0;0,1;0,9;0,1;0,5;0;2,2;0,5;0,6;0,1;0,01;0,5;0;0,1;0;0,3;0,1;0,6;11518560;;1,1;0,3;0,8;0,1;11518560;1,3;0;3,3;0;5,1;0,4;11518560;2,5;;4,8;0;;0;1,1;0;11518560;0;0;0,1;0,5;1
2021-09-25 00:00:00.0;0;0;0;0,3;0;11518560;0;0;0;;0;0,1;0;0,8;0,1;0,3;0;0;0;0,7;0;0,01;0;0,3;0;0;0,3;0,1;0;0,1;1;0;0;0;0;0;0;0;0;0;0;0;11518560;;0,4;0;0;0,1;11518560;1;0;1;0;0,7;0;11518560;0;;1,9;0;;0,1;0,2;0;11518560;0;0;0;0;0,6
2021-09-26 00:00:00.0;0;0;0;0;0;11518560;0;0;0;;0;0;0;0;0;0;0;0;0;0;0;0;0;0;0;0;0;0;0;0;0;0;0;0;0;0;0;0;0;0;0;0;11518560;;0;0;0;0,1;11518560;0;0;0;0;0;0;11518560;0;;0;0;;0;0;0;11518560;0;0;0;0;0
2021-09-27 00:00:00.0;0;0;0;0;0,3;11518560;0;0,2;0;;0;0;0;0;0;0;0;0;0;0;0;0;0;0;0;0;0;0;0;0;0;0;0;0;0,02;0;0;0;0;0;0;0;11518560;;0;0;0,1;0;11518560;0;0,2;0;0,2;0;0;11518560;0;;0;0;;0;0;0;11518560;0;0;0;0;0
2021-09-28 00:00:00.0;0;0,6;0;7;5,5;11518560;1,3;4,2;3,68;;0;1,4;0,4;0,1;0,3;0,7;0;3,9;3,2;0,2;3,4;0,14;1,7;0,2;0,2;2,7;0;0,6;3,1;0,1;0,4;1,1;0,1;0;0,43;0,7;0;2,4;0;2,4;1,3;2,9;11518560;;9,5;2,6;8;3,1;11518560;1,5;0,2;0,4;0,2;2,3;0;11518560;0,3;;0,8;0;;1,7;4,5;0;11518560;0;0;1,8;3,3;1,2
2021-09-29 00:00:00.0;1,7;0;4,4;0,5;0,1;11518560;0,7;0,2;0,07;;3,7;2,6;2,9;1,1;0,4;3,9;0,7;0,8;0,1;2;1,2;7,23;1;1,8;0,14;2,6;7,5;0,9;0,4;0,3;4,7;1,2;1,6;0,8;2,06;0,2;0,8;0,9;0,2;0,1;0;0,1;11518560;;0,4;1,1;0,5;0;11518560;0,9;0,9;3,5;0,3;0,4;1;11518560;0;;3,2;3,3;;1,1;0,4;1,6;11518560;2,3;1,2;0,9;0,1;2
2021-09-30 00:00:00.0;5,3;2,8;11,9;4,5;12,5;11518560;4,4;9,5;9,66;;3,1;24;21,3;1,1;1,7;4,2;3,4;26,6;7,7;1,9;1;24,15;16,3;3,4;17,02;21,6;4,3;5;23,7;8,4;3,5;6,8;4;3,5;25,53;27,8;4,8;7,6;13,6;7,5;4,1;7,2;11518560;;4,7;28,1;0,9;3,4;11518560;5;12,2;3,1;21,5;3,3;4,4;11518560;4;;1,6;3,9;;7,6;3,1;3,6;11518560;13,8;7,6;11;4,4;3,8
2021-10-01 00:00:00.0;0;0;0;0;0;11518560;0;0;0,01;;0;0;0;0;0;0;0;0;0;0;0;0;0;0;0;0;0;0;0;0;0;0;0;0;0;0;0;0;0;0;0;0;11518560;;0;0;0;0;11518560;0;0;0;0;0;0;11518560;0;;0;0;;0;0;0;11518560;0;0;0;0;0
2021-10-02 00:00:00.0;0;0;0;0;0;11518560;0;0;0;;0;0;0;0;0;0,1;0;0;0;0;0;0;0;0;0;0;0;0,8;0;0,9;0;0;0;0;0;0;0;0;0;0;0;0;11518560;;0;0;0;0;11518560;4;0;0;0;0;0;11518560;0;;0;0;;0;0;0;11518560;0;0;0;0;0,3
2021-10-03 00:00:00.0;0,3;0;0;0;0;11518560;0;0;0;;0;5,7;15,8;0;0;0;0;0;0;0;0;0;16,8;0;0,65;2,4;0;0;0;0;0;0,1;0;0;0,01;0;0;0;3,8;0;0;0;11518560;;0;0,1;0;0;11518560;0;26,5;0;14,7;0,1;0;11518560;0;;0;0;;0;0;0;11518560;0;0;0;0;0
2021-10-04 00:00:00.0;0,3;0,2;0,1;0,9;0,7;11518560;8,1;0,6;11,23;;0,1;9,2;3,9;0,3;0,4;0,5;0;0,6;0,3;0,3;0,4;0,78;0,5;0,5;0,85;0,5;0,3;1,5;1;1,5;0,7;0,1;0,3;0,4;0,78;4;0,3;0,5;1,2;0,2;0,5;0,3;11518560;;1,2;0,6;1,1;0,1;11518560;2;0,5;0,6;0,5;0,1;0,6;11518560;0;;0,6;0,2;;1;0;0,1;11518560;0,1;0;0,6;0,1;1
2021-10-05 00:00:00.0;0,1;0,8;0,1;0,5;0,5;11518560;0,5;0,3;0,31;;0,5;0,1;0;1,6;1,4;0,1;0,4;0;0,3;0,4;0,5;0;0,4;0,4;0,16;0,2;0,1;0,1;0,4;0,4;0,2;0,5;0,2;0,3;0,28;0,3;0;0,3;0,9;0,3;1,2;1,1;11518560;;0,6;0,1;1,1;1,8;11518560;0,8;0;1;0;8,1;0,2;11518560;1;;1;0;;0,2;3,5;0,7;11518560;0,2;0,3;0,1;2;0,1
2021-10-06 00:00:00.0;0,3;0,6;0,4;0,8;0,6;11518560;0,1;0,2;0,09;;0,5;0;0,6;9;5,7;3,2;1,6;0,4;0,4;9,6;0;0,23;1,6;6,9;0,39;0,1;3,1;0,3;0;3;6,2;0,3;6,3;2,1;0,04;0,1;0,5;1,5;0,6;0,6;2,9;2,1;11518560;;0,9;0;0,5;4,1;11518560;1,9;0,4;13;0,3;15,3;2,7;11518560;0,5;;15,4;0,6;;3;6,3;1,3;11518560;0,1;0,2;1,3;6,1;1,4
2021-10-07 00:00:00.0;0;0,1;0;0,2;0;11518560;0;0;0;;0;0;0;1,1;1;0,7;0;0;0,1;0,7;0;0;0;1,4;0;0;0,9;0,4;0;0;1,2;0,1;0,4;0;0;0;0;0;0;0;0,4;0,3;11518560;;0,1;0;0;0,7;11518560;0,5;0;1,7;0;3,3;0,4;11518560;0;;1,2;0;;0;1,3;0,1;11518560;0;0;0;1,1;0,4
2021-10-08 00:00:00.0;0,7;0;0,7;0;0;11518560;0,1;0;0;;1,7;17,5;0,2;1,1;1,6;0;1,7;1,8;0;0,7;0;1,59;0,5;1,2;0,06;5,7;0;0;1,9;0,1;0,1;0;0,6;0,5;1,42;3,3;2,2;0;6,1;0;2,2;0;11518560;;0;3,1;0;1,8;11518560;0;0;1,7;0;2,8;0,6;11518560;0,4;;0,9;0,1;;0;1;3,7;11518560;3,3;4,9;0;1;0
2021-10-09 00:00:00.0;0,6;20,7;0,1;0;2;11518560;28,9;2,2;10,71;;0,2;0,1;0,2;0,1;0,6;0;0;18,8;20,4;0,1;13,5;0,02;0,1;0,6;0,42;1,7;0,8;0;18,1;0,1;1,2;31,3;0,1;0,1;0,01;13,9;0,6;0;1,7;38,7;0,5;43,6;11518560;;0;32,9;0;0,2;11518560;0;0,8;0,2;1,7;3,1;0,5;11518560;2,2;;0;0,4;;0;3,4;0;11518560;0;0,3;0;1;0,1
2021-10-10 00:00:00.0;20;30,9;18,4;13;57,3;11518560;90,6;52,8;36,76;;15,5;21,2;16,2;3,2;3,1;52,1;6,7;34,1;64;4;32,4;30,27;33,7;14,7;34,05;30;49,2;57,9;56,7;14,2;26,3;29,1;3;18,6;35,61;44,4;11,5;18;31,5;55,9;11,1;63,5;11518560;;20,1;44,6;31,3;13,8;11518560;29,5;14,8;7,8;20,8;6,8;19,6;11518560;9,6;;3,3;10,3;;14,5;4,4;7;11518560;15,7;15;15,6;13,8;53,4
2021-10-11 00:00:00.0;5,8;0,3;3,6;4,3;1,3;11518560;5,4;0,8;0,8;;2,3;9;0,9;16;13,3;3,4;2,8;3,8;0,8;7,8;0,2;17,28;13,6;3,6;6,86;14,7;3,8;6,6;0,1;11,6;3,7;0,3;5,8;3,8;9;0,1;24,4;6;8;0,1;6,9;0,4;11518560;;3,4;0,6;1,7;4,8;11518560;5,2;3,8;5,1;5,1;21,9;4,5;11518560;12,8;;9,3;5,7;;9,2;7,4;4;11518560;4,7;4;5,8;8,4;4
2021-10-12 00:00:00.0;0;0;0;0;0;11518560;0;0;0;;0;0;0,1;0;0;0;0;0;0;0;0;0;0;0;0;0;0;0;0;0;0;0;0;0;0;0;0;0;0;0;0;0;11518560;;0;0;0;0;11518560;0;0;0;0;0;0;11518560;0,1;;0;0;;0;0;0;11518560;0;0;0;0;0
2021-10-13 00:00:00.0;0;0;0;0;0;11518560;0;0;0,49;;0;0;0;0;0;0;0;0;0;0;0;0;0;0;0;0;0;0;0;0;0;0,2;0;0;0;0,1;0;0;0;0;0;0;11518560;;0;0;0;0;11518560;0;0;0;0;0,1;0;11518560;0,6;;0;0;;0;0;0;11518560;0;0;0;0;0
2021-10-14 00:00:00.0;1,6;4,4;2,5;0;35,1;11518560;26,4;18,1;21,45;;0;11,5;2,9;0;0;1,7;0;16,2;27,6;0,1;12,1;33,74;12,3;0,9;13,24;23;3,6;13,4;4,6;24,3;2,3;6,3;0,4;1,7;20,67;8,7;0,7;6,2;38,2;18,1;0,2;17,7;11518560;;1,1;14,8;1,4;0,3;11518560;18;1,9;0,5;3,3;0;8,9;11518560;0;;0,2;10,4;;9,3;0,1;0;11518560;1,2;0,2;9,3;0;4
2021-10-15 00:00:00.0;6,5;0,8;13;7,7;7,1;11518560;9,2;9,7;7,96;;7,5;2,5;8,3;7,5;7,8;11,1;8;20,6;3,9;8;20,2;4,96;5,2;9,5;6,77;4,1;10;3,8;10,3;4,6;11,1;0,3;7,2;10,3;2,38;9,9;4,9;7,2;7,3;0,9;7,7;1,1;11518560;;3,8;5,3;19,6;10,3;11518560;4,5;4,2;8,4;2,6;7,8;9,3;11518560;5,6;;8,3;8,4;;3,3;12,6;6;11518560;11,5;9,5;7,7;7,9;5,6
2021-10-16 00:00:00.0;11,7;11,7;13,2;13,9;14,8;11518560;16,2;9,4;13,35;;11,5;16;10,5;14;11,3;14;13,3;14,2;13,4;14,7;13;17,96;10,4;12,9;11,6;12;14,3;12,2;12,2;11,3;12,8;13,1;10,2;11,3;13,81;14,7;11,1;16,4;14,9;11,9;11,4;16;11518560;;12,9;14,6;12,7;14,9;11518560;15,5;9;14,4;8,5;18,2;13,6;11518560;10,2;;17,6;10,7;;17;11,7;15,6;11518560;15,6;10,5;16,2;11;14,9
2021-10-17 00:00:00.0;2;5,4;1,3;1,5;2,2;11518560;3,3;1,8;2,74;;1,4;2,2;1,8;2,5;2,7;2,2;1,9;1,3;3,2;3,4;2,5;1,85;1,8;3,5;1,77;1,9;2,4;1,2;1,9;1,1;2,9;3,8;2,6;1,8;1,74;3;1,8;1,5;1,3;3,3;3;3,7;11518560;;1,9;2,5;2,1;3,5;11518560;1,7;1,7;4,1;1,7;4,8;2,2;11518560;1,7;;3,2;1,6;;1,5;2,9;1,9;11518560;1,6;1,5;1,5;3,5;1,7
2021-10-18 00:00:00.0;0;1,9;0;0;0;11518560;0;0;0;;0;0;0,1;0;0;0;0;0;0;0;0;0;0;0;0;0;0;0;0;0,1;0;0;0;0;0;0;0;0;0;0;0;0;11518560;;0;0;0;0;11518560;0,9;0;0;0;0,1;0;11518560;0;;0,1;0;;0;2,3;0;11518560;0;0;0;0;0
2021-10-19 00:00:00.0;0;0;3,2;0;1;11518560;0;0,5;0;;4,1;0;0;0,4;0,4;0,4;2;0,1;0;0,4;0,2;0,17;0;0,5;0;0;2,1;0;0;0,2;1,7;0;0,2;1;0,26;0;0;0;0;0;1,1;0;11518560;;0;0;0,1;0,4;11518560;0;0;0,7;0,1;0,8;0,8;11518560;2,4;;0,7;2,5;;0;0,5;3,7;11518560;0,9;0,9;0,2;1,4;0
2021-10-20 00:00:00.0;1,5;15,2;5,1;5;1;11518560;6,8;0,7;11,19;;2;21,6;13,5;4,3;4,9;8,7;2,8;3,4;0,9;4,9;3,4;7,69;4,7;3,7;2,22;4,6;7,4;5;10,2;3,3;6,2;4,2;3,7;6;3,26;8,7;1,7;3,3;2,5;0,6;7,3;1,4;11518560;;14,3;16;3,1;4,8;11518560;6;6,5;4,6;3,1;8,3;6,8;11518560;7;;6;4,2;;5,3;7,2;3,3;11518560;4,1;2,9;3,3;5,1;9,6
2021-10-21 00:00:00.0;7,2;0;3,8;0,7;0,1;11518560;8,8;0;10,05;;3,4;3,9;2,1;1,3;0,6;3,6;0,6;0;0,6;1,8;17,2;1,09;5;0,2;4,88;0,3;2,5;1,9;4,7;1;1,7;7;1,8;2;2,64;13;6,6;0,6;3,5;5,6;0,7;4,3;11518560;;2,2;2,1;0,1;3,7;11518560;2,3;4,1;0,4;5,7;0,6;0,8;11518560;1,6;;1,8;2;;0,7;0,1;1,8;11518560;2,8;2,9;0,1;0,2;2
2021-10-22 00:00:00.0;0,2;1;0,1;0;0;11518560;29,2;0;9,94;;0;3,1;2,4;0;0;0,1;0;4,7;0;0;3,6;0,47;10,7;0;6,06;12,3;0;1,1;11,2;0;0;0;0;0;0,07;3;0;0;3,2;0;0;0;11518560;;0,1;8;0;1,6;11518560;0,2;0,7;0;2,5;0,2;0;11518560;10,6;;0;0;;1,1;0;0,7;11518560;0;0;0,2;0;0,2
2021-10-23 00:00:00.0;10,3;0;5,2;0,3;22,7;11518560;11,7;21,7;8,87;;6,6;1,2;16;0,7;3,6;2;5,3;35,7;11,3;0,4;10,9;13,13;2,5;0,6;10,77;6;1,4;6,3;13,2;9,7;0,4;21,1;0,2;1,9;18,06;1,8;13,7;4,1;19,3;16,8;2,3;2;11518560;;0,4;7,4;23,5;1,1;11518560;5,2;0,8;2,2;16,8;2,1;1,4;11518560;2,4;;0,6;4,4;;7,4;2,2;8,7;11518560;7,7;13,9;9,4;4;5,9
2021-10-24 00:00:00.0;0,6;18,4;0,8;5,4;16,7;11518560;15,5;14,7;10,42;;5,8;0,2;0;0;0,3;3,8;2;10,5;11,3;4,2;5,4;2,16;0,4;2,8;0,84;0,7;1,3;10,2;7,6;13,5;1,1;14,9;3,5;4,5;0,88;2,4;0,8;18,5;2,7;14,6;1,1;31,2;11518560;;5,4;2,6;15,4;0,3;11518560;7,6;3,7;3,3;0,2;1,8;2,3;11518560;0;;0,5;2,1;;24,7;0;3;11518560;1,5;2,5;25;0,1;2,6
2021-10-25 00:00:00.0;16;18,5;58,1;15,8;12,7;11518560;43,1;11,4;30,17;;34,9;11,6;4,8;11;13,9;35,7;18;17,6;18;13,8;18,3;22,7;8,9;29,2;18,2;11,3;33,1;14,6;14,7;23,5;36;11,5;14,7;32,5;21,71;72,2;11,1;27,7;9,6;15,7;15;18,8;11518560;;8,8;10,6;6,7;21,1;11518560;26,3;0,6;22,7;5,8;18,7;34,9;11518560;22,7;;18,2;53,3;;36,5;19,1;14,4;11518560;27;15,4;28,6;10,9;21,1
2021-10-26 00:00:00.0;4,2;2,6;4,3;8,9;7,3;11518560;3,7;4,2;5,54;;3,5;8,2;12,2;1,1;0,9;5,5;5,6;4,2;4,7;2,1;1,8;4,4;15,6;2,8;11,46;7,2;7,1;3,3;2,2;5,9;7,7;2,3;1,2;3,6;4,31;7,9;2,5;7,8;8,3;3,5;1,7;5;11518560;;9,5;4,3;6,8;6,1;11518560;7,1;6,5;2,6;8,2;10,1;3,8;11518560;2,2;;2,8;2,9;;8,2;5,4;5,8;11518560;3,8;2,4;6,6;1,2;5,4
2021-10-27 00:00:00.0;4,1;0,6;0;0;0,2;11518560;0;0,1;0;;0,8;0,4;3,2;0;1,6;0,1;3,5;0;0,1;0;0;0,3;0,5;0;0,23;0,1;0,1;0;0;0;0,2;0;0;0,5;0,02;0;1,6;0;0,2;0,1;6,4;0,3;11518560;;0,1;0;0;6,3;11518560;0,3;7,5;0,1;1,4;10,3;0;11518560;0,9;;0,1;0;;0;4,2;3,8;11518560;0,3;0,9;0;4,1;0,1
2021-10-28 00:00:00.0;3,6;6;3,8;1;5,7;11518560;14,6;4,5;18,63;;7,5;0;0,1;3;4,9;0,8;11,6;1,9;2,3;2,2;5,5;1,91;3,1;1,7;9,04;0,5;1;0,5;9,5;0,3;1;6,2;3,3;2,9;8,89;20;26,1;0,1;3,3;2,2;3,8;1,9;11518560;;1;11;8,6;13,6;11518560;0,6;2;1,9;0,6;1,6;1,6;11518560;11,4;;1,4;1,8;;0,4;9;13,7;11518560;3,5;4,6;0,3;5,5;0,8
2021-10-29 00:00:00.0;1,5;11,7;12;37,1;21,8;11518560;9,7;20,3;8,41;;9,5;4,2;4,4;19,9;24,4;44,1;7,9;29,8;17,4;9,2;21,3;36,37;1,8;10;4,97;4,7;28,9;59,1;16;42,8;22,9;17,4;14,6;15,2;9,59;7,3;1,6;45,9;13,5;9,9;8,9;13;11518560;;36,7;4,2;23,6;7,1;11518560;53,8;0,6;8,6;1,5;12,9;16,9;11518560;9,1;;10,2;19,9;;42,6;9,4;5,5;11518560;6,7;4,7;53,7;17,3;49,5
2021-10-30 00:00:00.0;0,8;1,4;2;3,7;5,3;11518560;4,1;5,4;3,71;;1;4,7;4,1;5,1;6,8;3,2;1,4;1,1;4,3;11,6;5,6;1,71;3,4;7,1;2;3,7;4,1;16,9;2,5;0,7;5,6;2,6;16,7;2,7;1,82;5,1;0,7;1,1;1,4;3,2;1,6;3,7;11518560;;3,9;5,1;7,1;2,8;11518560;24,5;1,6;18,5;1,9;2,3;4,5;11518560;0;;10,7;2,6;;2,2;1,7;1,4;11518560;1,4;1;1,1;6,6;15,5
2021-10-31 00:00:00.0;3,2;3,4;1,3;0,8;0,2;11518560;0,8;0,1;1,41;;2,5;5,5;3,3;1,3;1,1;5;2;2,4;0,3;2,2;0,5;3,53;2;2,5;3,58;4,9;8;2,5;1,4;3,6;5,1;0,9;1;3,1;2,99;4,1;1,7;2,7;1,7;0,4;1,1;0,9;11518560;;0,5;4,7;0,3;1,2;11518560;5,4;1,5;3;3,5;0,3;1,6;11518560;7,6;;2,5;2,2;;5,7;0,4;2,9;11518560;1,1;1,5;2,9;0,1;2,8
2021-11-01 00:00:00.0;5,3;0,9;3,8;1,7;29,7;11518560;0;25;0,02;;3,1;0,8;5,1;12,8;11,5;4;3,9;0,5;6,1;7,6;21;3,85;2,4;5,6;2,83;0,8;4,6;3,3;4,7;1,4;8,6;0,2;6,4;5;3,17;1,6;4,7;0,6;1,6;0,9;5,5;2;11518560;;10,3;0,6;35,6;4,2;11518560;3,5;1,2;6;3;6,4;5,6;11518560;4,4;;5,7;3,2;;1,2;4,7;2,3;11518560;3,9;3,1;0,8;6,8;3,6
2021-11-02 00:00:00.0;1;0;1,2;13,9;8,5;11518560;0,7;7;0,34;;1,6;0,5;0,4;0,2;0,3;0,1;1,6;0,2;4,9;0,5;0,1;0;0,2;1,6;0,24;0;0,3;0,1;0;0,1;0,5;1,2;0,5;1,6;0,19;0,2;0,6;0,1;0,1;2,3;0,9;2;11518560;;12,9;0,2;0,7;6,5;11518560;0,2;0,4;13,2;0,3;0,5;0,4;11518560;0,2;;0,4;0,6;;0,1;1,7;0,2;11518560;0;0;0;0;0
2021-11-03 00:00:00.0;14,7;0,1;7,7;17,4;2,3;11518560;1,8;5;3,42;;9,4;4,7;7,9;4;4,7;14,7;6,5;4,4;1;5;2,2;7,22;7,5;5,3;10,21;4,7;8,6;9,5;2,6;4,5;7,7;0,4;5,1;6,1;7,75;2,7;12,8;4,3;6,8;0,5;4,6;0,4;11518560;;41,4;3;35,9;4,8;11518560;11,2;3,2;4,6;9,8;5,1;6,2;11518560;7,8;;4,1;7,1;;5,1;9,9;11;11518560;9;8,3;4,6;5,4;22,3
2021-11-04 00:00:00.0;14;2,8;13,4;7,5;9,1;11518560;0,9;12,4;2,9;;13,3;22;19,2;17,2;16,8;33,1;11,7;38,2;8,4;17,9;7,4;17,26;32,9;19,5;12,6;25,4;28,4;28,1;10,8;21;30,5;1,6;14,1;11,7;17,17;4,8;9,3;27,8;17,2;4,9;8,9;8;11518560;;9,5;27,3;5,4;10,4;11518560;11,5;7;23,4;24,8;25,3;12,9;11518560;8,4;;17,1;13,3;;26,4;10,6;13,1;11518560;17,2;9,1;29,8;14,7;39,9
2021-11-05 00:00:00.0;1;0,1;0;0,1;0;11518560;0,1;0,1;0,02;;0;0;0;0,6;0,1;0;0;0;0;0;0;0,34;0;0;0;0;0;0;0;0;0;0;0;0;0;0;0,1;0;0;0;0;0,1;11518560;;0;0;0,1;0;11518560;0;4;0,1;0;1,9;0;11518560;3,6;;0;0,3;;0;0,1;0;11518560;0;0;0;0,1;0,1
2021-11-06 00:00:00.0;0;0;0;0;0;11518560;0;0;0;;0;0;0;0;0;0;0;0;0;0;0;0;0;0;0;0;0;0;0;0;0;0;0;0;0;0;0;0;0;0;0;0;11518560;;0;0;0;0;11518560;0;5,6;0;0;0;0;11518560;0;;0;0;;0;0;0;11518560;0;0;0;0;0
2021-11-07 00:00:00.0;0;0;0;0;0;11518560;0;0;0;;0;0;0;0;0;0;0;0;0;0;0;0;0;0;0;0;0;0;0;0;0;0;0;0;0;0;0;0;0;0;0;0;11518560;;0;0;0;0;11518560;0;0,3;0;0;0,1;0;11518560;0;;0;0;;0;0;0;11518560;0;0;0;0;0
2021-11-08 00:00:00.0;9,4;0,5;15,7;20,7;3,7;11518560;4,4;3,4;3,49;;14;16,7;6,3;1;1,5;1,6;11,5;15,1;2,4;2;8,6;7,98;6,3;1,5;6,83;8;1,1;3,9;17,1;16,8;1,1;0,7;1,6;11,7;6,88;6,7;8,5;16;11,7;2;2;2;11518560;;19,2;22,4;15,7;18;11518560;1,8;3,2;2,6;4,1;4,1;4,9;11518560;1,9;;1,9;16,2;;0,1;2,3;11,4;11518560;8,7;8,8;14,6;2,8;2,6
2021-11-09 00:00:00.0;6,9;0,8;12,9;0,4;0,1;11518560;25,5;0,1;17,15;;4,5;2,2;8,9;1,7;1,8;0,7;4,5;20,7;0,1;3,7;22,4;19,58;11,4;2,5;12,25;8,2;1,3;13,9;19,4;1,6;2,1;12,2;5,9;3,9;11,63;14,5;6,6;1,2;8,1;1,4;4,4;0,1;11518560;;0,5;11,5;0,1;1,2;11518560;0,7;3,1;2,2;8,6;2,5;4;11518560;3;;2,4;7,9;;0;1,4;13,9;11518560;8,4;5;1,3;1,6;2,9
2021-11-10 00:00:00.0;0,5;24,6;1,3;8,2;5,2;11518560;14,3;5,3;7,27;;0,5;0,1;0,2;1,5;4,4;24,7;8,6;32,1;8,3;4,8;9,9;2,89;0,5;3,4;1,45;1;14,9;25,9;16,8;29;13,3;2,7;7,8;8,7;1,93;1,6;0,5;18,6;3,4;11,3;8,6;14,8;11518560;;10,5;9,4;3,1;16,7;11518560;12,9;5,5;3,5;0,5;3,6;12,6;11518560;0,1;;2,7;4,3;;0;0,6;10,1;11518560;0,7;0,9;29,4;4,4;22,7
2021-11-11 00:00:00.0;0;9,8;0;1,7;13,3;11518560;0;12,3;0,01;;0;0;0,7;0;0;0;0;0;3,4;0;0,3;0;0;0;0;0;0;0,2;0;0;0,2;0;0;0;0;0;0;0;0;0,1;0;1;11518560;;5,6;0;9,6;0;11518560;0;0,9;0;0;0,1;0;11518560;1,3;;0;0;;0;0;0;11518560;0;0;0;0;0,1
2021-11-12 00:00:00.0;0;0;0;0,6;0;11518560;0;0;0;;0;0;0,1;0;0;0;0;0;0;0;0;0;0;0;0;0;0;0;0,2;0;0;0;0;0;0;0;0;0;0;0;0;0;11518560;;3,3;0;2,9;0;11518560;0;0;0;0;0,2;0;11518560;0;;0;0;;0;0;0;11518560;0;0;0;0;0
2021-11-13 00:00:00.0;11,9;9,1;6;2,8;3,8;11518560;4,1;3,3;4,02;;1;0;6,2;0;0;8,6;1,2;1,3;3,4;1,4;3,7;4,96;0,1;3,7;2,96;0;11,2;12,8;5,8;1,7;2;4,4;0,8;1,7;8,91;8,5;12;0,7;0,5;4,3;0;5,3;11518560;;2,7;11,3;4,6;0;11518560;8,1;1,2;3,8;0,2;0;7;11518560;0;;2,6;2,9;;0,1;0;1,2;11518560;7,9;4,3;0,7;0;10,3
2021-11-14 00:00:00.0;0;1,1;0;0;1,4;11518560;1,5;0,7;0,4;;0;0;0;0;0;0;0,1;0;15,8;0;11,2;1,42;0;0;0,01;0;0,1;0;1,2;0;0;8,7;0;0;0,03;2,1;0;0;0;25,7;0;3,3;11518560;;0,1;0;0,1;0;11518560;0;0;0;0;0;0;11518560;0;;0;0,1;;0;0;0;11518560;0;0;0;0;0,1
2021-11-15 00:00:00.0;0;0,4;0;0;0;11518560;0;0;0;;0;0,4;0;0;0;0,3;0;6,3;0;0;0;1,63;0;0;0;1,5;0,3;0;0,1;3;0,2;0;0;0;0,03;0;0;8,1;0,7;0;0;0;11518560;;0;9,5;0;0;11518560;0;0;0;0;0;0;11518560;0;;0;0;;1,2;0;0;11518560;0;0;5,6;0;0,4
2021-11-16 00:00:00.0;0;0;0;0;0;11510561;0;0;0,04;;0,2;5,2;0;0;0;0;0,7;0;0;0;0;0;0;0;0;0;0;0;0;0,5;0;0;0,1;0,2;0;0,2;0;0;0;0;3,7;0;11518560;;0;0;0;0,7;11518560;0;0;0,1;0;0;0;11518560;0;;0;0;;2,6;0;0;11518560;0;0;0,5;0;0
2021-11-17 00:00:00.0;0;1;0;0;0;11518560;0;0;0;;0;0,1;0;0;0;0;0;0;0,3;0;0;0;0;0;0;0;0;0;0;0;0;1,1;0;0;0;0;0;0;0;0,8;0;1,4;11518560;;0;0;0;0;11518560;0;0;0;0;0;0;11518560;0;;0;0;;0;0;0;11518560;0;0;0;0;0
2021-11-18 00:00:00.0;0;0,1;0;0;0;11518560;0;0;0;;0;0;0;0;0;0;0;0;0;0;0;0;0,7;0;0,29;0;0;0;0;0;0;0;0;0;0,36;0;0;0;0;0;0;0;11518560;;0;0;0;0;11518560;0;0;0;0;0;0;11518560;0;;0;0;;0;0;0;11518560;0;0;0;0;0
2021-11-19 00:00:00.0;0;0,1;0;0;0;11518560;0;0,2;0;;0;0;0;0;0;0;0;0;0;0;0;0;0;0;0;0;0;0;0;0;0;0;0;0;0;0;0;0;0;0,2;0;0;11518560;;0;0;0;0;11518560;0;0;0;0;0;0;11518560;0,6;;0;0;;0;0;0;11518560;0;0;0;0;0
2021-11-20 00:00:00.0;5,9;25;5,1;15,2;33,8;11518560;12,2;42,6;7,63;;1,9;18,7;24,4;0;0,1;16,3;2,8;22,4;55,3;0,7;22,1;12,64;21,1;4,5;21,87;63;23,3;44,5;11,8;13,6;9,6;38,5;0,7;5,8;7,85;10,2;3,9;23,6;9,9;26,9;11,9;15,7;11518560;;10,4;18,9;14;5,1;11518560;33,3;12,5;2,3;9,8;0,5;20,5;11518560;1,2;;2,1;22,1;;31;2,2;3,7;11518560;1,9;1,4;26,6;0,2;30,4
2021-11-21 00:00:00.0;0;0;0;0;0;11518560;0;0;0;;0;0;0;0;0;0;0;0;0;0;0;0;0;0;0,01;0;0;0;0,9;0;0;0;0;0;0;0,6;0;0;0;0;0;0;11518560;;0;1,5;0;0;11510561;0;0,2;0,3;0;0;0;11518560;0;;0;0;;0;0;0;11518560;0;0;0;0;0,1
2021-11-22 00:00:00.0;6,1;4,1;0;0,8;1,4;11518560;5,9;1,3;6,23;;0;2;4,6;0;0;17,5;0;8,1;10,5;0;1,5;7,86;2,8;0;3,76;2,5;7,9;12,7;14,2;21;0,2;8,7;0;0;5,01;10,8;3,3;9,8;6,7;3;0;1,1;11518560;;0,4;6,3;0,1;0;11518560;10,1;6,2;0;4,4;0,1;0;11518560;0;;0;1,3;;9,8;0;0,3;11518560;1,6;4,2;8,9;0;16,9
2021-11-23 00:00:00.0;6,9;12,5;9,9;3,3;19,3;11518560;29,1;36;20,51;;5;22,1;18,5;6,8;5,8;13,8;5,6;31,3;49,5;4,5;38,9;14,92;18,2;3,9;19,08;18,3;7;12,2;26,7;18,5;5,7;38,6;4,9;5,2;22,05;19,9;5,6;7,5;19,8;49,9;5,5;50,1;11518560;;3,1;31,1;24,4;6;11518560;18,9;3;4,8;14,4;5,5;5,4;11518560;8,1;;6,9;8,2;;13,1;4,8;4,2;11518560;15,8;14,1;7,2;4;12,7
2021-11-24 00:00:00.0;16,1;1;9,4;0,5;0,2;11518560;10,2;0;17,15;;6,5;28;11,5;5,5;3,9;0,8;4;16,5;0,3;6;34,5;6,58;30;1,3;27,94;19,3;1,4;2,2;24,1;3,6;2,6;10,2;6,5;1,8;14,95;26,9;8,6;2,1;13,7;0;2,8;0;11518560;;0,8;14;0,6;4,3;11518560;0,9;0,5;3,8;34,2;11,5;1,9;11518560;1,6;;6,1;3,4;;2,3;15,6;4,4;11518560;8,8;8,7;1,9;4,7;5,5
2021-11-25 00:00:00.0;15,5;0;1,1;2,2;5,8;11510561;4,3;3,7;5,34;;0,5;13,3;5,3;2,5;1;0,4;0,2;1,5;7,9;0,8;4,7;0,29;17,4;0,2;13,57;10,5;0,5;0,5;3,8;0,6;0,5;5,3;0,7;0,3;3,15;3,9;9,8;1,2;22,3;3,5;0,9;4,6;11518560;;3,1;10,5;6,6;0,8;11510561;0,9;0,5;0,7;12,2;7,5;0,1;11510561;5,4;;1,8;0,3;;1,6;5,4;0,6;11518560;0,8;0,5;1,2;1,5;0,4
2021-11-26 00:00:00.0;0,5;1,9;0,1;1,4;0,6;11518560;7,4;0,4;9,32;;0,2;10,5;0,9;0,1;0,2;0,2;0,2;10,6;1;0;0,6;0,18;0,3;0;0,07;7,4;0,1;0;4,7;0,2;0;2,1;0;0,2;0,12;12,5;0,5;3,1;0,1;1;0,3;1,5;11518560;;1,1;19,9;0,3;0,4;11518560;0;0,8;0;0,1;0,9;0,1;11518560;0,3;;0,1;0;;1,3;4,8;0,1;11518560;0,2;0,2;1,8;0,7;0,1
2021-11-27 00:00:00.0;0;1;0,4;0;15;11518560;0,1;23,3;0;;0;0,1;0,6;0;0;0,1;0;0,9;3;0;6,1;0,12;0;0;0,03;0;0,3;0;1,2;0;0;1;0;0,4;0,01;1,1;0;0;0,2;0,4;0;0,6;11518560;;0;0,3;43,3;0;11518560;0;2,2;0;0;0,2;0,1;11518560;0,2;;0;2;;0;0;0;11518560;0;0;0;0;0
2021-11-28 00:00:00.0;1,9;0;0;0;0;11518560;0;0;0;;0;0,1;0,4;0;0;0;0;0;0;0;8,3;0;0;0;0,23;0,2;0;0;6;0;0;0;0;0;0,05;0;1,2;0;0;0;0;0;11518560;;0;2,6;0,1;0;11518560;0;0,2;0;0;0,1;0;11518560;0;;0;0;;0;0;0;11518560;0;0;0;0;0
2021-11-29 00:00:00.0;0;0;0;0;0;11510561;0;0;0;;0;0;0,3;0;0;0;0;0;0;0;0;0;0;0;0;0;0;0;0;0;0;0;0;0;0;0;0;0;0;0;0;0,1;11518560;;0;0;0;0;11510561;0;0,1;0;0;0,1;0,3;11510561;1,3;;0;0;;0;0;0;11518560;0;0;0;0;0,3
2021-11-30 00:00:00.0;0;0;0;0,5;0,4;11518560;0;0,2;0;;0;0;0,3;1,6;0,5;0,3;0;0;0;1,2;0;0;0;0;0;0;0,4;0;0;0;0,5;0;0,7;0;0;0;0;0,1;0;0;0,2;0;11518560;;0,7;0;0,9;0,4;11518560;0,6;0;0,6;0;1,4;0;11518560;0,5;;2,8;0;;0;0,2;0,2;11518560;0;0;0;0;0
2021-12-01 00:00:00.0;9,1;0;10;0;0;11518560;9,6;0,3;6,19;;6,8;4;0,3;0;0;0;5,8;2,4;0,1;0;18,7;7,85;2,2;1,1;0,39;4,9;0,5;3,9;17,4;0;0;1;0;7,1;5,35;9,9;6,3;0;1;0;0;0;11518560;;0;13;4,1;0,1;11518560;0;0,1;0;0,6;0,1;5,6;11518560;0;;0;6,4;;0;0;5,2;11518560;0,2;6,9;0;0;0,3
2021-12-02 00:00:00.0;0;0;0;0;0;11518560;0,1;0;0,04;;0;0,1;0,3;0;0;0;0;0;0;0;0;0;0,1;0;0;0,1;0;0;0;0;0;0;0;0;0;0;0;0;0;0;0;0;11518560;;0;0;0;0;11518560;0;0;0;0;0;0;11518560;0,2;;0;0,1;;0;0;0;11518560;0;0;0;0;0,1
2021-12-03 00:00:00.0;0;0;0;0;0;11518560;0;0;0;;0;0;0;0,3;0,2;0;0;0;0;0,7;0;0;0;0;0;0;0;0;0;0,3;0;0;0,4;0;0;0;0;0,2;0;0;0,3;0;11518560;;0;0;0;0,5;11518560;0,2;0,1;0,4;0;1,8;0;11518560;0,1;;1,2;0;;0,4;0,3;0;11518560;0;0;0,2;0,3;0
2021-12-04 00:00:00.0;0;0;0;0;0;11518560;0;0;0;;0;0;0;0;0;0;0;0;0;0;0;0;0;0;0;0;0;0;0;0;0;0;0;0;0;0;0;0;0;0;0;0;11518560;;0;0;0;0;11518560;0;0;0;0;0,2;0;11518560;0;;0;0;;0;0;0;11518560;0;0;0;0;0
2021-12-05 00:00:00.0;0;0;0;0;0;11518560;0;0;0;;0;0;0;0;0;0;0;0;0;0;0;0;0;0;0;0;0;0;0;0;0;0;0;0;0;0;0;0;0;0;0;0;11518560;;0;0;0;0;11518560;0;0;0;0;0;0;11518560;0;;0;0;;0;0;0;11518560;0;0;0;0;0
2021-12-06 00:00:00.0;0;0;0;0;0;11518560;0;0;0;;0;0;0;0;0;0;0;0;0;0;0;0;0;0;0;0;0;0;0;0;0;0;0;0;0;0;0;0;0;0;0;0;11518560;;0;0;0;0;11518560;0;0;0;0;0,8;0;11518560;0;;0;0;;0;0;0;11518560;0;0;0;0;0
2021-12-07 00:00:00.0;0;0;0;0;0;11518560;0;0;0;;0;0;0;0;0;0;0;0;0;0;0;0;0;0;0;0;0;0;0;0;0;0;0;0;0;0;0;0;0;0;0;0;11518560;;0;0;0;0;11518560;0;0;0;0;0;0;11518560;0,2;;0;0;;0;0;0;11518560;0;0;0;0;0
2021-12-08 00:00:00.0;0;0;0;0;0;11518560;0,1;0;2,13;;0;0;0,1;0;0;0;0;0;0;0;1,5;0;0;0,5;0;0,5;0,1;0;0,2;0,1;0;0;0;0;0;0;0;0;0;0;0;0;11518560;;0;0;0;0;11518560;0;0;0;0;0,1;0;11518560;0;;0;0;;0;0;0;11518560;0;0;0;0;0
2021-12-09 00:00:00.0;0,7;1,4;6,9;5;24,6;11518560;2,5;13,5;1,82;;2,3;0;0;0;0,1;19,8;0,9;1,3;2,9;1;0;9,7;0,2;2,5;3,24;0;6;8,1;0;8,7;5,3;0,5;0,4;0,7;4,97;0;2;0,6;3,1;0,1;0,8;0,6;11518560;;7,6;0;16,7;0,7;11518560;1,5;0;3,8;0,1;0,2;1,9;11518560;0;;1,3;7;;2,9;0;0,7;11518560;0,2;1,6;1,2;0,2;20,1
2021-12-10 00:00:00.0;3,5;0;2,6;0,1;1,1;11518560;0,1;0,3;0,45;;1,4;0,2;0,1;0,9;0,6;11,5;2,3;9,3;0;3,3;1,6;1,66;0,1;5,9;1,06;1;9,1;13,5;5,4;0,5;5,9;0,1;1,5;2,2;1,31;6,8;5,1;1,4;1,3;0;1,6;0,1;11518560;;0;4,3;0;3,3;11518560;7,2;0;11,1;0,1;0,4;2,8;11518560;0;;3,8;1;;0,8;0,1;3,9;11518560;0;3,5;1,3;0,2;16,6
2021-12-11 00:00:00.0;0;9,7;0;2,6;4,8;11518560;0,9;2,4;1,76;;0;0;0,5;0;0,1;0;0;0;0,8;0,1;0;0;0;0,1;0;0;0;0;0;0;0;3,8;0;0,6;0;0,2;0;1,8;0;1,4;0;3,3;11518560;;1,3;0;0,5;0;11518560;0;0;0;0;0,5;0;11518560;0,3;;0;0,2;;0;0,3;0;11518560;0,7;1,1;0,1;0;0
2021-12-12 00:00:00.0;0;0,2;0;1,2;0,5;11518560;0;0,5;0;;0;0;0;0,7;0;0,2;0;0;0,8;2;0;0;0;0;0;0;0;0,2;0;0;0,1;0;0,4;0;0;0;0;0,1;0;0,9;0;1,2;11518560;;3,3;0;2,4;0;11518560;2,4;0;1;0;0;0;11518560;0,1;;3,4;0;;0,4;0;0;11518560;0;0;0,1;0;0,2
2021-12-13 00:00:00.0;0;0;0;0,1;0;11518560;1,8;0;0,02;;0;0;0;0;0;0;0;0;0;0;0,4;0;0;0;0;0;0;0;0;0;0;0;0;0;0;0;0;0;0;0;0;0;11518560;;0,1;0;0,1;0;11518560;0;0;0;0;0;0;11518560;0;;0;0;;0;0;0;11518560;0;0;0;0;0
2021-12-14 00:00:00.0;0;0;0;0;3,9;11518560;0;13,3;0;;0;0;0;0;0;0;0;0;2,2;0;1,7;0;0;0;0;0;0;0;0;0;0;1,2;0;0;0;0;0;0;0;0,7;0;0,8;11518560;;0;0;12,7;0,5;11518560;0;0;0;0;0;0;11518560;0;;0;0;;0;0;0;11518560;0;0;0;0;0
2021-12-15 00:00:00.0;0,1;0;0;0;0;11518560;0,9;0,2;0,68;;0;0;0;0;0;0;0;0;0;0;0,2;0;0,1;0;0,01;0,6;0;0,2;0;0;0;0;0;0;0;0,3;0;0;0;0;0;0,1;11518560;;0;0;0;0;11518560;0,1;0;0;0;0,1;0;11518560;0;;0;0;;0;0,2;0;11518560;0;0;0;0;0,2
2021-12-16 00:00:00.0;0;0;0;0;0;11518560;0;0;0,01;;0;0;0;0;0;0;0;0;0;0;0;0;0,1;0;0,31;0;0;0;0;0,1;0;0;0;0;0;0;0;0;0;0;0;0;11518560;;0;0;0;0;11518560;0,2;0;0,1;0,1;0,1;0;11518560;0,1;;0;0;;0,2;0,2;0;11518560;0;0;0;0;0
2021-12-17 00:00:00.0;0;0;0;0;0;11518560;10,1;0;7,95;;0;0;0;0;0;0;0;0;0;0;3;0;0;0;0;0;0;0;4,2;0;0;0,4;0;0;0;5,7;0;0;0;0;0;0;11518560;;0;0;0;0;11518560;0;0;0;0;0;0;11518560;0;;0;0;;0;0;0;11518560;0;0;0;0;0
2021-12-18 00:00:00.0;0;0,1;0;0;0,6;11518560;0;0;0;;0;1;0,3;0,2;0,1;0;0;0;1,3;0,1;0;0,5;0,2;0;1,3;0;0;0,1;0,2;0;0;0,1;0,8;0;0,02;1,8;0,1;0;0,1;1;0;2;11518560;;0;1,7;0;0;11518560;0;0,5;0;0,3;0;0;11518560;0;;2,1;0;;0;0;0,6;11518560;0;0;0;0;1,2
2021-12-19 00:00:00.0;0;5,1;0;1,7;5,4;11518560;0,3;5;0,03;;0;0;0;0;0;0;0;0,5;4,2;0;1,3;0;0;0;0;0;0;0;0,5;0,2;0;2,6;0;0;0;0;0;1,3;0;2,7;0;6,7;11518560;;5,7;0,1;8,7;0,4;11518560;0;0;0;0;0;0;11518560;0;;0;0;;0,9;0;0;11518560;0;0;1,2;0;0
2021-12-20 00:00:00.0;2;17,2;0;0,4;38,8;11518560;8,6;39,4;1,81;;0,4;0;0;0;0;2;1,1;9,3;20,9;0;41,6;1,87;0;1,1;0,07;0;2;3,1;1,6;2,8;3,3;24,8;0,1;0,5;0,01;2,9;1,4;1,9;0;17,8;0;22;11518560;;0,9;0;0,5;0;11518560;1;1,1;0,5;0,6;0;1,7;11518560;0;;0;0,6;;1,6;0;0,1;11518560;0;0;2,9;0;6,2
2021-12-21 00:00:00.0;0;2,8;0,1;11,4;1,6;11518560;0;1,7;0,01;;0;0;0;0;0;0,4;0;0,1;0,5;0;1;0,03;0;0,4;0;0;0,3;0,8;0,9;0,8;0,5;0,6;0;0,2;0;0;0;6,3;0;0,7;0;1,1;11518560;;11,5;0;3,3;0,3;11518560;2;0;0,3;0;0;0,5;11518560;0;;0;0,5;;0,7;0,1;0,1;11518560;0;0;3;0;0,8
2021-12-22 00:00:00.0;0;0,1;0,2;1,2;0,1;11518560;0;0,2;0;;0;0;0;0;0;0;0;0;0;0;0;0;0;0;0;0;0;0;0;0;0;0;0;0;0;0;0;0;0;0,5;0;0,1;11518560;;0,7;0;0,5;0,1;11518560;0,1;0;0;0;6,9;0;11518560;0,3;;0;0;;0;1,4;0;11518560;0;0;0;0;0
2021-12-23 00:00:00.0;0;2;0;1,4;11,9;11518560;0;13,7;0;;0;0;0;0,2;3,8;0,5;0;0,1;3,1;0,1;0,3;0;0;0,1;0;0;1,3;2,5;0,2;0,4;0,2;1,4;0,9;0,2;0;0;0;0,5;0;13,5;0;5,3;11518560;;2,5;0;7,5;0;11518560;2,7;0;0,5;0;0,8;0,5;11518560;0;;0;0;;1,1;0,9;0;11518560;0;0;0,8;0,8;1,2
2021-12-24 00:00:00.0;0;1,4;0;4,6;1,5;11518560;0;0,5;6,02;;0;0;0;0;0;0,4;0;3;1,6;0;0,6;0;0;0;0;0;0,2;0,2;4,8;0,2;0;0;0;0;0;6,4;0;3,7;0;1,3;0;4,4;11518560;;16,9;0,4;8;0;11518560;1,1;0;0;0;0,1;0;11518560;0;;0;0;;1,2;0;0;11518560;0;0;2,2;0;0,4
2021-12-25 00:00:00.0;0;0;0,3;4,7;0;11518560;3,7;0;3,65;;0;0,2;0;0;0;0,1;0;1,2;0;0;6,8;0,54;1,9;0;0,79;0,4;0,1;0;9,2;0,3;0,1;0;0;0,1;1,3;4,9;0;2,6;0,2;0;0;0;11518560;;3;1,3;0,1;0;11518560;0,2;0;0;0,2;0;0;11518560;0;;0;0;;1;0;0;11518560;0,1;0;1,4;0;0,2
2021-12-26 00:00:00.0;0;13,5;0,1;0,5;51,2;11518560;17,7;44,6;11,11;;0;0,9;0;0;0;0,1;0;14;35,8;0;17;5,6;0,8;0;0,6;1,8;0,8;0;4,3;0;0;20,6;0,2;0,1;0,31;10;0,2;0,8;2,4;19,8;0;24,8;11518560;;1,4;0,9;33;0;11518560;0;0;0;0;0;0,2;11518560;0;;0;1;;0;0;0;11518560;0,6;0,1;0,4;0;0
2021-12-27 00:00:00.0;0,1;10,3;2,9;0,6;1,1;11518560;0,1;0,9;0;;0,5;11;3,3;0;0;0;0;1,8;2,3;0;0;0,33;1;0;0;4,2;0;0,2;0,2;3,3;0;2,5;0;0,6;0,05;0,4;0;7,6;0,6;3;0,2;4;11518560;;0;2,6;0;0,1;11518560;0,1;2;0;1,1;0;0;11518560;0;;0;0,1;;4,6;0;0;11518560;0,1;0;7;0;0,1
2021-12-28 00:00:00.0;0,2;0;6;0;0,9;11518560;36,7;1;11,06;;3,5;0,9;0,9;0;0;0,3;0,6;17,6;1,1;0;9,3;10,09;1,3;0;2,87;2,4;0,4;3,9;6,1;14,8;0;6,3;0;5,2;0,46;5,9;0,2;1,1;2,6;0,5;0;0;11518560;;0;6,2;0,8;0;11518560;4,7;0,2;0;2,4;0;4,8;11518560;0,3;;0;10,8;;5,3;0;0,9;11518560;7,1;2,4;5,2;0;0,4
2021-12-29 00:00:00.0;0;0;0;0;0;11518560;0;0;0;;0;0;0;0;0;0;0;0;0;0;0;0;0;0;0;0;0;0,1;0;0;0;0;0;0;0;0,8;0;0;0;0;0;0;11518560;;0;0;0;0;11518560;0;0;0;0;0;0;11518560;0;;0;0;;0;0;0;11518560;0;0;0;0;0
2021-12-30 00:00:00.0;0;0;0;0;0;11518560;0;0;0;;0;0;0;0;0;0,4;0;0;0;0;0;0;0;0;0;0;0;0,6;0;0;0;0;0;0;0;0;0;0;0;0;0;0;11518560;;0,1;0;0,1;0;11518560;0;0;0;0;0;0;11518560;0;;0;0;;0;0;0;11518560;0;0;0;0;0,5
2021-12-31 00:00:00.0;0;0,1;0;0;0;11518560;0;0;0,05;;0;0;0;0;0;0;0;0;0,1;0;0;0;0;0;0;0;0;0;0;0;0;0;0;0;0;0;0;0;0;0,9;0;1;11518560;;0;0;0;0;11518560;0;0;0;0;0;0;11518560;0;;0;0;;0;0;0;11518560;0;0;0;0;0
2022-01-01 00:00:00.0;0;0;0;0;0,1;11518560;1,5;0,2;3,1;;0;0;0;0;0;0;0;0;0;0;0,2;0;0;0;0;0;0;0;0;0;0;0;0;0;0;0,2;0;0;0;0;0;0;11518560;;0;0;0,3;0;11518560;0;0;0;0;0;0;11518560;0;;0;0;;0;0;0;11518560;0;0;0;0;0
2022-01-02 00:00:00.0;0;0;0;0;0;11518560;0;0;0;;0;0;0;0;0;0;0;0;0;0;0;0;0;0;0;0;0;0;0;0;0;0;0;0;0,01;0;0;0;0;0;0;0;11518560;;0;0;0;0;11518560;0;0;0;0;0;0;11518560;0;;0;0;;0;0;0;11518560;0;0;0;0;0
2022-01-03 00:00:00.0;0;0;0;4,2;0,5;11518560;0,3;1,7;0,27;;0;0;0;0;0;0;0;5,9;0,5;0;6,7;0;0;0;0;0;0;0;15,2;0,1;0;2,8;0;0;0,09;0,1;0;0,8;0,4;0,2;0;0,4;11518560;;3,7;0;1,5;0;11518560;0;0;0;0;0;0;11518560;0;;0;0;;0,2;0;0;11518560;0;0;0,7;0;0
2022-01-04 00:00:00.0;0;0;0;0;0;11518560;0;0;0;;0;0;0;0;0;0;0;0;0;0;0;0,01;0;0;0;0;0;0;0;0;0;0;0;0;0;0;0;0;0;0;0;0;11518560;;0,1;0;0;0;11510561;0;0;0;0;0;0;11518560;0;;0;0;;0;0;0;11518560;0;0;0;0;0
2022-01-05 00:00:00.0;0;0;0;0;0;11510561;0;0;0;;0;0;0;0;0;0;0;0;0;0;0,2;0,01;0;0;0;0;0;0;0;0;0;0;0;0;0;0;0;0;0;0;0;0;11518560;;0;0;0;0;11510561;0;0;0;0;0;0;11510561;0,3;;0;0;;0;0;0;11518560;0;0;0;0;0
2022-01-06 00:00:00.0;0;0;0;0;0;11510561;0,4;0;3,92;;0;0;0;0;0;0;0;0;0;0;0;0;0;0;0;0;0;0;0;0;0;0;0;0;0,01;9,6;0;0;0;0;0;0;11510561;;0;0;0;0;11518560;0;0;0;0;0;0;11510561;0;;0;0;;0;0;0;11510561;0;0;0;0;0
2022-01-07 00:00:00.0;0;0;0;0;0;11518560;0;0;0;;0;0;0;0;0;0;0;0;0;0;0;0;0;0;0;0;0;0;0;0;3,1;0;0;0;0,01;0;0;0;0;0;0;0;11518560;;0;0;0;0;11518560;0;0;0;0;0;0;11518560;0;;0;0;;0;0;0;11518560;0;0;0;0;0
2022-01-08 00:00:00.0;0;0;0;0;0;11518560;0;0;0;;0;0;0;0;0;0;0;0;0;0;0;0;0;0;0;0;0;0;0;0;0,8;0;0;0;0;0;0;0;0;0;0;0;11518560;;0;0;0;0;11518560;0;0;0;0;0;0;11518560;0;;0;0;;0;0;0;11518560;0;0;0;0;0
2022-01-09 00:00:00.0;0;0;0;0;0;11518560;0;0;0;;0;0;0;0;0;0;0;0;0;0;0;0,01;0;0;0;0;0;0;0;0;0;0;0;0;0;0;0;0;0;0;0;0;11518560;;0;0;0;0;11518560;0;0;0;0;0;0;11518560;0;;0;0;;0;0;0;11518560;0;0;0;0;0
2022-01-10 00:00:00.0;0;0;0;1,5;0,5;11518560;1,1;0,6;3,57;;0;0;0;0;0;1;0;1;0,3;0;1,3;0,46;0;0,5;0;3,3;1,4;1,6;1,1;2,3;2,2;1,2;0;0;0,24;1;0;1;3,5;0,4;0,1;0,3;11518560;;2,5;0,3;1;0,4;11518560;3,8;0;0,4;0;0,1;0;11518560;0;;0;0,2;;0,6;0,1;0;11518560;0;0;0,3;0;1,5
2022-01-11 00:00:00.0;0;0;0;1,2;0;11518560;0;0;0,09;;0;0;0;0;0;0,8;0;0,2;0;0;0,1;0,22;0,1;0;0,12;0;0,3;0,1;0,7;0,1;0,2;0;0;0;0,07;0,5;0;0,9;0,3;0;0;0;11518560;;0,9;0,2;0;0;11518560;0,2;0;0;0;0,1;0;11518560;0,5;;0;0;;0,9;0,1;0;11518560;0;0;0,9;0;0,2
2022-01-12 00:00:00.0;0;0;0;0;0;11518560;0;0;0;;0;0;0;0;0;0;0;0;0;0;0;0;0;0;0;0;0;0;0;0;0;0;0;0;0;0;0;0;0;0;0;0;11518560;;0;0,1;0;0;11518560;0;0;0;0;0;0;11518560;0;;0;0;;0;0;0;11518560;0;0;0;0;0
2022-01-13 00:00:00.0;2,9;9,1;1,6;5,2;5,2;11518560;4;6,3;3,64;;1,5;1,9;0,3;0,4;0,3;2,8;2,8;4,8;4,7;1,1;3,6;2,46;0,6;1,4;0,8;1,1;2,1;5;5,5;4,6;2,1;6,1;0,2;0,6;1,53;3,9;0,8;6,1;4,9;4,3;0,5;4,7;11518560;;7,3;4,3;8,1;0,3;11518560;10,9;0;2,6;0,1;0,2;1,4;11518560;0,6;;1,8;1,7;;6,1;0;2,8;11518560;3,8;1,5;7,6;0,2;4,2
2022-01-14 00:00:00.0;0;0;0;0;0,3;11518560;2,6;0;0,04;;0;0;0;0,1;0,2;0,1;0,1;0,1;0,5;0,2;0;0;0,1;0,1;0;0;0,2;0,1;2,3;0;0,4;0;0,1;0;0;0,1;0;0,2;0;0;0,2;0,1;11518560;;0;0,6;0;1,2;11518560;0,5;0;0,4;0;1,9;0,1;11518560;0,3;;0,2;0;;0;0,1;0,2;11518560;0;0;0;0,3;0,1
2022-01-15 00:00:00.0;0;0;0;0;0;11518560;0;0;0;;0;0;0;0;0;0;0;0;0;0;0;0;0;0;0;0;0;0;0;0;0;0;0;0;0;0;0;0;0;0;0;0;11518560;;0;0;0;0;11518560;0;0;0;0;0,1;0;11518560;0,1;;0;0;;0;0;0;11518560;0;0;0;0;0
2022-01-16 00:00:00.0;0;0;0;0;0;11518560;0;0;0;;0;0;0;0;0;0;0;0;0;0;0;0;0;0;0;0;0;0;0;0;0;0;0;0;0;0;0;0;0;0;0;0;11518560;;0;0;0;0;11518560;0;0;0;0;0;0;11518560;0;;0;0;;0;0;0;11518560;0;0;0;0;0
2022-01-17 00:00:00.0;0,4;0;5;0,3;0;11518560;2,5;0;12,8;;4;1,2;0;0,1;0,1;0,1;0,9;8,4;0;0,2;0,4;7,26;0;1,5;0,85;0,1;0,4;1,8;1,3;4,1;0,1;0;0,6;2,1;2,9;0,6;0,4;8,6;5,1;0;0,2;0;11518560;;0;0,2;0;0,1;11518560;1,1;0;0,3;0;0,4;2,5;11518560;0,3;;0;4,7;;5,5;0,2;0,9;11518560;0,2;0,7;7,5;0,2;0,8
2022-01-18 00:00:00.0;0;0,2;0;0,1;0;11518560;0;0;0;;0;0;0;0,2;0,1;0;0;0;0,2;0,7;0;0;0;0;0;0;0;0;0;0;0;0;0,2;0;0,02;0;0;0;0;0;0;0;11518560;;0;0;0;0;11518560;0;0;0,1;0;1,1;0;11518560;0,1;;0,8;0;;0;0;0;11518560;0;0;0;0,2;0
2022-01-19 00:00:00.0;0;0;0;0;0;11518560;0;0;0;;0;0;0;0;0;0;0;0;0;0;0,2;0;0;0;0;0;0;0;0;0;0,1;0,3;0;0;0;0;0;0;0;0;0;0;11518560;;0;0;0;0;11518560;0;0;0;0;0,7;0;11518560;0;;0;0;;0;0;0;11518560;0;0;0;0;0
2022-01-20 00:00:00.0;0;0;0;0;0;11518560;0;0;0;;0;0;0;0;0;0;0;0;0;0;0;0;0;0;0;0;0;0;0;0;0,2;0;0;0;0;0;0,2;0;0;0;0;0;11518560;;0;0;0;0;11518560;0;0;0;0;0;0;11518560;0;;0;0;;0;0;0;11518560;0;0;0;0;0
2022-01-21 00:00:00.0;0;0;0;0;0;11518560;0;0;0;;0;0;0;0;0;0;0;0;0;0;0;0;0,1;0;0;0;0;0;0;0;0;0;0;0;0;0;0;0;0;0;0;0;11518560;;0;0;0;0;11518560;0;0;0;0;0;0;11518560;0;;0;0;;0;0;0;11518560;0;0;0;0;0
2022-01-22 00:00:00.0;0,8;58,5;0;22,8;13;11518560;2,6;15,1;1,37;;0;0,7;1,4;0;0;0,6;0,2;1,1;43,3;0;2,3;0,21;2,3;0,1;0,19;0,3;0,1;3,1;5,6;9,9;0;4,7;0;0;0;7,5;0,4;28,2;0,1;35,6;0;46,5;11518560;;17,4;3,7;29,4;0,5;11518560;3,3;1,8;0,1;3,1;0,1;0,2;11518560;0;;0;0,2;;33;0;0,1;11518560;0;0,1;37,6;0;1,3
2022-01-23 00:00:00.0;0,3;0,5;0,3;0,2;1,4;11518560;5,2;0,5;0,62;;0;3,9;0,6;0;0;0,8;0;2,8;1,3;0;1;1,83;3;0,3;1,61;8;0,8;1,9;4,1;1,3;0,5;1,2;0;0;2,01;8,5;0,3;0,6;17,9;0,7;0;0,7;11518560;;0,2;21,7;0,4;0,2;11518560;1,2;0,4;0,1;0,6;0,1;0,3;11518560;1;;0;0,8;;0,6;0;0,1;11518560;0,1;0,3;1;0;1,2
2022-01-24 00:00:00.0;0;1,1;0;0,2;4;11518560;10,8;5,9;0,02;;0;0;0;0;0;0;0;0;3,6;0;7,4;0;0;0;0;0;0;0;0;0;0;4,4;0;0;0;0;0;0,3;0;3,5;0;2,5;11518560;;0,3;0;10,7;0;11518560;0;0;0;0;0;0;11518560;0;;0;0;;0;0;0;11518560;0;0;0;0;0
2022-01-25 00:00:00.0;0;0;0;0,2;0;11518560;0;0;0;;0;0;0;0;0;0,5;0;0;0;0,2;0;0,01;0;0,5;0;0;0,1;0;0;0,5;0,1;0;0,1;0;0;0;0;0,9;0;0;0;0;11518560;;0,4;0;1;0;11518560;0,5;0;0,4;0;2,8;0;11518560;1,6;;0,1;0;;1,1;0;0;11518560;0;0;1,1;0;0,1
2022-01-26 00:00:00.0;0;0;0;0,1;0,1;11518560;0;0;0;;0;0,6;0;0;0;1,1;0;0,5;0;0,5;3,4;0;0;0,7;0;0,1;3;0,3;2;0;2,2;0;0,5;1,2;0;0;0;0,3;0,1;0;0;0;11518560;;0,2;0,4;0,4;0;11518560;0;0,1;0,7;0;0,1;3,1;11518560;0;;0,2;1,7;;0,2;0;0;11518560;0;0;0,3;0;0,5
2022-01-27 00:00:00.0;0;0;0;0;0;11518560;0;0;0;;0;0;0;0;0;0;0;0;0;0;0;0,03;0;0;0;0;0;0;0;0;0;0;0;0;0;0;0;0,2;0;0;0;0;11518560;;0;0;0;0;11518560;0;0;0;0;0;0;11518560;0;;0;0;;0;0;0;11518560;0;0;0,2;0;0
2022-01-28 00:00:00.0;0;0,7;0,2;0;0;11518560;0;0;0;;0;0;0;0,1;0;0,1;0;0,3;0;0,1;0;1,03;0;0;0;0;0,1;4,5;5,8;5,1;0,1;0;0,2;0;0,03;0;0;0;0,1;0;0;0;11518560;;0;0,5;0;0;11518560;5,5;0;0,6;0;0;0;11518560;0;;0,8;0;;0,9;0;0;11518560;0;0;0;0;0,6
2022-01-29 00:00:00.0;0;0;0;0;0;11518560;0;0;0;;0;0;0;0;0;2,4;0;0;0;0;0;0;0;0;0;0;1,3;0,5;0;0,5;1,8;1,9;0;0;0;0;0;0;0;1;0;1;11518560;;0;0;0;0;11518560;13,7;0;0,2;0;0;0;11518560;0;;0;0;;0;0;0;11518560;0;0;0;0;1,5
2022-01-30 00:00:00.0;0;0;0;0;0;11518560;0;0;0;;0;0;0;0;0;0;0;0;0;0;0;0;0;0;0;0;0;0;0;0;0;0;0;0;0;0;0;0;0;0;0;0;11518560;;0;0;0;0;11518560;0;0;0;0;0;0;11518560;0;;0;0;;0;0;0;11518560;0;0;0;0;0
2022-01-31 00:00:00.0;0,2;0;0;0;0;11518560;0;0;0;;0;0;0;0;0;0;0;0;0;0;0;0;0;0;0;0;0;0;0;0,2;0;0;0;0;0;0;0;0;0;0;0;0;11518560;;0;0;0;0;11518560;0;0;0;0;0;0;11518560;0;;0;0;;0;0;0;11518560;0;0;0;0;0
2022-02-01 00:00:00.0;0;0;0;0;0;11518560;0;0;0;;0;0;0;0;0;0;0;0;0;0;0;0,01;0;0;0;0;0;0;0;0;0;0;0;0;0;0;0;0;0;0;0;0,2;11518560;;0;0;0;0;11518560;0;0;0;0;0,1;0;11518560;0;;0;0;;0;0;0;11518560;0;0;0;0;0
2022-02-02 00:00:00.0;0;1,4;0;0;0;11518560;0;0;0;;0,2;0;0;0;0;0;0,2;0;0;0;0;0;0;0;0;0;0;0;0;0;0;0,7;0;0,2;0;0;0;0;0;0;0;0;11518560;;0;0;0;0;11518560;0;0;0;0;0;0;11518560;0;;0;0;;0;0;0;11518560;0;0;0;0;0
2022-02-03 00:00:00.0;0;0;0;0;0;11518560;0;0;0;;0;0;0;0,2;0,2;0;0;0;0;0;0;0;0;0;0;0;0;0;0;0;0;0;0,2;0;0;0;0;0;0;0;0;0;11518560;;0;0;0;0;11518560;0;0;0;0;0,1;0;11518560;0;;0;0;;0;0;0;11518560;0;0;0;0;0
2022-02-04 00:00:00.0;0;7,9;4;0;17,3;11518560;16,7;15,3;18,03;;3,8;0;0;2,1;3,1;1,6;3;0;12,3;0,1;1,7;0,55;0;0,9;0;0;1,7;0,5;0;0;2,5;9;0,8;2,2;0,98;0,1;1,7;1;0;10,2;5,4;12,9;11518560;;0;0;14,6;6;11518560;1,3;0;1,2;0;0,4;2,1;11518560;4,6;;0,6;3;;0,5;0,1;4,1;11518560;0,1;3;1;4,2;0,5
2022-02-05 00:00:00.0;4,5;4,4;3;9,5;10,1;11518560;5,3;10,7;4,5;;2;6,2;11,5;6,6;8,2;15,7;2,2;5,8;7,7;6,7;10,8;2,36;7,3;11,3;5,5;6,2;15;11,3;11,5;2,9;15,4;4,4;9,4;9,6;2,51;8,7;2;4,6;5,9;7,3;15,3;9,6;11518560;;29,5;17,7;15,7;2,9;11518560;11,7;7,2;11,3;6,4;6,1;8,5;11518560;11,5;;5,8;4,7;;3,6;8,4;1,8;11518560;0;1,4;3,9;12,5;16,7
2022-02-06 00:00:00.0;0,9;0,6;0,9;9,3;19,3;11518560;2,7;24,9;3,91;;1;0,2;0,3;0,9;0,9;0,4;1,6;0,7;8,1;1;1,8;0,66;0,6;0,6;0,63;0,4;0,4;0,2;0,7;0,9;0,4;1,6;0,8;0,9;0,67;2,9;0,8;0,9;0,4;4,7;1,9;3,9;11518560;;9,9;0,4;21,5;2,7;11518560;0,2;0,1;0,8;0,4;0,9;0,8;11518560;2;;0,7;0,5;;1,9;2,2;1,5;11518560;0;0,9;1,2;1,5;0,3
2022-02-07 00:00:00.0;0;0;0;0;0;11518560;0;0;0;;0;0;0,2;0;0;0;0;0;0;0,2;0;0;0;0;0;0;0;0;0;0;0,2;0;0;0;0;0;0;0;0;0;0;0;11518560;;0;0;0;0;11518560;0;0;0;0;0,1;0;11518560;0;;0;0,2;;0;0;0;11518560;0;0;0;0;0
2022-02-08 00:00:00.0;6,4;5,4;8,8;3,4;3,1;11518560;7;2,6;5,89;;8,2;10,3;3,7;11,5;9,3;7,8;4,4;3,1;3,5;9,4;3,5;4,78;11,1;8,5;4,55;8,7;7,7;3,4;7;2;9,9;3,7;7,3;8,9;4,05;6,3;6;2,1;5,7;2,9;8,7;4,6;11518560;;3;14;2,6;8,7;11518560;4,3;3,4;11,1;4,5;17,7;7,8;11518560;10,4;;14,4;6;;2,8;8,2;6,8;11518560;0;7,3;2,4;6,8;6,2
2022-02-09 00:00:00.0;0,1;2,4;2,2;1,1;0,4;11518560;7,2;3,3;3,74;;0,1;1,2;0;0;0;1;0;13,1;0,6;0;18;13,74;2,4;0;1,01;7,7;2,7;8,2;14,6;3,3;0;6;0;0,1;10,02;7,2;0,4;7,2;4;0,5;0;0,4;11518560;;0,3;11,1;6,2;0;11518560;0,6;0;0;0;0,1;0;11518560;0,1;;0;0,6;;3,9;0;0;11518560;0;1,4;6;0;11
2022-02-10 00:00:00.0;13,1;18,9;3,7;25,8;33,5;11518560;14,5;26,9;11,41;;2,4;2;0,4;14;15,7;52,2;3;1,2;17,3;19,1;5,9;14,53;3,6;37,7;16,1;0,7;39;21;5,9;11,2;33,2;13,2;25,9;5,9;11,52;5,1;12;18,5;18,6;21,1;1,6;31,7;11518560;;17,4;0,6;23,9;2,1;11518560;17,5;0,2;22,5;0,7;2,6;9,4;11518560;0;;15,9;7,7;;14,7;2,9;3,3;11518560;0;6,2;20;8,8;58,2
2022-02-11 00:00:00.0;8;0,6;13,8;38,1;34,1;11518560;7,4;28,2;6,47;;10,4;0;0,2;7,7;5,5;16,3;9,9;8,2;30,4;13,5;12,6;18,71;15,2;21,4;7,27;8,6;18;21,2;31,9;4,5;19,6;56,3;14;16,7;5,83;14,1;11;10,7;12,8;40,9;4,7;33,3;11518560;;34,4;3,8;46,8;16,2;11518560;28,5;1;16,2;3,9;3,7;16,4;11518560;0,4;;11,1;21,5;;11,3;2,4;5,8;11518560;0;2,6;9,1;4,6;23,3
2022-02-12 00:00:00.0;0;2,4;0;1,2;10,6;11518560;0,3;5,9;0;;0;0;0;0,5;0,3;16,6;0,1;0,1;1,7;2,7;0;0;0;2,4;0;0;4,1;0,6;0;0,2;6,3;1,7;3,6;0;0;0,4;0;1,2;0;3,7;0;10;11518560;;4,3;0;10;0;11518560;3,1;0;6,3;0;0,5;0,1;11518560;0;;5,3;0;;0,7;0;0;11518560;0;0;1,1;0;2,3
2022-02-13 00:00:00.0;1,8;0;0,3;0;0;11518560;4,1;0;6,74;;0,2;3,2;1,1;0,1;0;0,9;0;1,2;0;0,5;12,4;0,93;2,3;0,4;1,46;5,5;0,5;0,8;6,1;0,5;0,7;0,1;0,2;0;0,69;7,7;1;0;4,3;0;0,5;0,2;11518560;;0;4,4;0;0,2;11518560;0,1;0,9;1,4;1,6;0,2;0,2;11518560;0;;0,3;0,2;;0,5;0;0,1;11518560;0;0,2;0;0;0,5
2022-02-14 00:00:00.0;0,2;13,5;0,4;9,8;13,7;11518560;4,7;5,6;7,65;;4;0,9;0,4;4,4;3;22,7;2,9;2,7;10,1;7,6;5,4;0,56;0,2;22,8;0,69;0,7;25,5;15,3;3,2;4,3;25,7;8,7;6,7;6,6;0,01;2,9;0,2;13,9;2,7;11;3,4;15,2;11518560;;15,1;1,5;11,2;13,4;11518560;18,8;0,3;15,6;0,1;3,8;11,1;11518560;5,4;;10;2;;10;5,5;7,2;11518560;0;6,5;11,6;2,4;11,4
2022-02-15 00:00:00.0;0,5;0;0,2;0,3;1,2;11518560;0;0,6;0;;0,3;0;0;0,3;0;3,2;0,1;0,6;0;0;0,1;3,33;0,2;3,2;0,21;0;6,3;12,6;0,9;2,8;2,4;0;0,5;2,4;0,37;0;0,5;1,1;2,3;0;0,6;0;11518560;;0,5;0;5,4;2,6;11518560;1;0;0,9;0;2,3;5,5;11518560;0,2;;0;3;;1,7;0,6;0,9;11518560;3,7;0,4;1,5;0;7,3
2022-02-16 00:00:00.0;0;3,6;0,4;0,1;0;11518560;21,6;0;20,89;;0,8;0,2;0,3;0;0;0,5;12,4;2,2;0,7;1,3;21,7;2,58;9,6;5,7;0,24;0;6,9;9;5,9;6,2;0,3;20,9;0,4;0,2;2,08;10,6;0;4;0;1,5;0,1;0,1;11518560;;0,6;0;3,5;11,6;11518560;5;0;2,1;0;0;2;11518560;0;;0;0,8;;12,9;0;5,7;11518560;1,1;1,3;4,8;0;2,1
2022-02-17 00:00:00.0;0;0,1;0;0;0,4;11518560;0;0,5;0;;0;0;0;0;0;0;0;0;1,5;0;9;0;0;0;0;0;0;0;0,2;0;0;6,9;0;0;0;0;0;0;0;11,3;0;10,3;11518560;;0;0;0,2;0;11518560;0;0;0;0;0;0;11518560;0;;0;0;;0;0;0;11518560;0;0;0;0;0
2022-02-18 00:00:00.0;0,1;0;0,1;2,5;0;11518560;0;0;0;;0;0,6;0;0;0;0,7;0;0,7;0;0,2;1,1;0,51;0,3;0,3;0,9;0,8;0,3;0,8;0,1;0,6;0,3;0;0;0,2;0,37;0,2;0;0,7;0,9;0;0;0;11518560;;2,6;0,6;0,7;0;11518560;1;0;0,3;0,1;0,1;0,3;11518560;0;;0,1;0,4;;0,6;0;0;11518560;0;0;0,4;0;1,1
2022-02-19 00:00:00.0;0;0;0;0;0;11518560;0;0;0;;0;0;0;0;0;0,1;0;3,8;0;0,1;0;0;0,2;0;0;0;0;0;0,7;0,3;0,1;0;0;0;0;0;0;0,7;0;0;0;0;11518560;;0,1;12,4;0;0;11518560;0,1;0;0,1;0;0;0;11518560;0;;0,1;0;;0,9;0;0;11518560;0;0;1;0;0
2022-02-20 00:00:00.0;3,3;0;3,2;0,4;0;11518560;1,1;0;2,41;;2,8;0,8;2,3;0,9;1,2;2,3;3,6;0,4;0,1;1,2;1,9;3,06;2,3;1,8;3,16;1;1,9;1,3;0,9;1,7;2,2;0,1;1,7;2,3;3,65;0,4;3,6;1,8;1,7;0,1;2,9;0,7;11518560;;0,2;0,5;0;4,3;11518560;4,2;2,2;2,3;2,1;1,2;1,8;11518560;11,5;;1;1,7;;1,9;3,3;3,9;11518560;3,3;2,9;2;1,4;2,1
2022-02-21 00:00:00.0;0,2;14,6;2,1;3,3;10;11518560;0,2;6,9;0,02;;0,5;0,8;0,1;0,8;0,6;3,6;0,2;0,1;22,4;1;0,8;4,92;0;0,8;0,02;0,1;1,3;1,3;0;0,7;1,2;12,3;1;2;0,6;0;0,2;0,6;0,5;31,1;0,3;36,5;11518560;;2,7;0;4;1;11518560;0,7;0,1;0,8;0,1;1,7;3,1;11518560;8,6;;1;3,6;;0,4;4,9;0,3;11518560;0,6;0,3;0,3;0,9;2,4
2022-02-22 00:00:00.0;0,1;0,1;0;0;0,2;11518560;31,9;0,4;13,61;;0;0,5;16,5;0;0;0;0;18,8;0;0;16,6;5,5;9,6;0;2,92;2,8;0;15,5;6,9;10,6;0;0,1;0;0;4,95;7,1;0;1,4;6,3;0,2;0;0;11518560;;0;2,7;0,1;0,1;11518560;22,5;11;0;5,1;0,1;0;11518560;0;;0;0;;4;0;0;11518560;0;0;2,1;0;4,3
2022-02-23 00:00:00.0;0;0;0;0;0;11518560;0;0;0;;0;0;0;2,2;2,3;1,8;0;0;0;1;0;0,15;0;0;0,01;0;1,3;0,2;0;0;0,3;0;0,3;0,1;0;0;0;0;0;0;0;0;11518560;;0;0;0;0,1;11518560;1,1;0;0;0;0,6;0,1;11518560;0,4;;1,1;0,3;;0,2;0,3;0;11518560;0;0;0;1,2;3,1
2022-02-24 00:00:00.0;5,6;16,9;16,6;31,2;34,4;11518560;55,8;39,5;33,34;;14;1,4;1,1;15,3;15,6;24,3;10,8;52,1;31,8;13,3;60,1;25,88;2,7;15,8;22,19;14,9;22,4;33,6;47,5;29,1;23,8;21,2;17;20,4;37,95;30,9;5,9;36,6;62,8;19,4;22,3;26,1;11518560;;28;28,5;46,5;20,6;11518560;28,6;1,4;18;2,2;14,2;15;11518560;3,6;;14,7;13,9;;28,5;13,7;8,5;11518560;17,5;17;32,5;12,8;29,2
2022-02-25 00:00:00.0;0,9;8,6;2,1;0,8;7,1;11518560;7,3;7,2;10,1;;0,4;2,6;0,6;2,5;1,5;10,4;0,5;38,2;11,8;6,1;7,3;13,54;0,3;13;0,96;11,9;15,1;11;14,9;16,8;14,4;30,4;7,5;2,3;4,09;15,9;0,8;15;17,9;12,1;4,9;19,2;11518560;;1,8;60,6;5,5;1,5;11518560;10,2;0,2;6,3;0,5;0,7;4,1;11518560;0,4;;5,1;2,8;;28,5;3,5;0,8;11518560;1,7;0,1;20,7;3;17,7
2022-02-26 00:00:00.0;1,6;0;1,2;2,9;0,2;11518560;0,4;0,7;0,28;;0,8;5,2;1,3;0,5;0,5;3,6;0,6;1,7;0;0,7;0,1;2,77;5,7;1,1;1,52;5;2,9;2,4;4,4;2,1;2,5;0;0,6;1;1,29;1,1;1,7;1,9;5,6;0;0,4;0;11518560;;3,5;3,8;0,1;0,8;11518560;2,6;1,3;1,1;2,4;0,9;1,4;11518560;0,2;;1,4;1,6;;1,5;0,1;0,8;11518560;0,9;0,7;1,5;0,8;3,2
2022-02-27 00:00:00.0;3,6;0,1;3,1;3,5;1,5;11518560;5,6;2,3;11,9;;5;5,6;12,2;5,8;6,2;1;6,3;2,8;0,7;4;4,8;4,3;4;1,1;2,54;2,6;0,6;0,9;1,9;2,1;0,7;0,5;3,2;2;5,05;9,5;3,7;4,4;4,5;0,3;6,2;0,5;11518560;;4,5;14,9;10,1;6;11518560;2,1;8,4;2,5;3,6;12,4;1,1;11518560;5,9;;5,3;1,5;;4;8,2;6,2;11518560;3,6;2,8;4,2;6,2;1,3
2022-02-28 00:00:00.0;10,8;3,7;3,6;2,8;6;11518560;7,7;4,9;8,53;;1,8;25,2;19,5;4,9;3,4;3,1;1,2;6,2;6,1;3,4;3,1;9,33;27,4;2,9;28,36;20,7;2,7;7,9;4,2;2,5;3,5;21,6;2,8;2,3;15,46;5,1;6,4;2,4;20,6;4,8;2,9;12,7;11518560;;3,3;32,7;5;5,3;11518560;7,5;15,4;5,1;19,4;10,4;1,1;11518560;1,8;;8;2,8;;4,2;3,9;1,3;11518560;5,3;3,9;4,1;2;4,3
2022-03-01 00:00:00.0;0;2,2;0;3;1,4;11518560;1,9;1,1;1,96;0;0;2,6;0;0,4;0;0,3;0;1,9;0,2;0,2;0,2;0;0;0,2;0;0,5;0,3;0,1;1,8;0;0,6;0,9;0,2;0;0;0,3;0;2;0;0;0,5;0,5;11518560;;2,6;1,2;1,5;1;11518560;1,2;0;0,8;0;3;0;11518560;0,1;;0,7;0;;0,8;1;0;11518560;0;0;1,2;1,1;0,1
2022-03-02 00:00:00.0;0,3;0;0,7;0,1;0;11518560;0;0;0,02;0,89;0,5;0,8;6,4;2,4;2,1;1,4;1;0,1;0;0,1;0;2,95;1,1;0,7;3,54;0,4;1;0,5;0,8;0;2,4;0;0;0,2;0,98;0;0,3;0,1;0,3;0;1,1;0;11518560;;0,1;1,2;0;1;11518560;0,6;3,9;0,2;2,9;1,4;0,2;11518560;0,5;;0,3;0,5;;0;0,1;1;11518560;1,8;1;0;2,3;1,1
2022-03-03 00:00:00.0;2,2;0;0;0,7;1,1;11518560;6,4;1,2;4,77;0,05;0;2,2;0,4;0;0;0;0;0,5;0,5;0;0,4;0;6,3;0;3,78;10,5;0;0;3,1;0;0,1;0,5;0,1;0;0,11;3,1;1,6;0,1;1,3;0,2;0;0,4;11518560;;0;24,1;0;0;11518560;0;3,5;0;1,8;0,1;0;11518560;0,1;;0;0;;0;0,1;0;11518560;0;0;0;0;0,1
2022-03-04 00:00:00.0;0;0;0;0;0;11518560;0;0;0;0,01;0;0;0,2;0;0;0;0;0;0;0;0;0;0,1;0;0;0;0;0;0;0;0;0;0;0;0,37;0;0;0;0;0;0;0;11518560;;0;0;0;0;11518560;0;0;0;0,1;0;0;11518560;0;;0;0;;0;0;0;11518560;0;0;0;0;0
2022-03-05 00:00:00.0;3,1;17,1;27,1;6,9;7,9;11518560;0,1;8,9;0,01;18,8;10,3;2,9;0;14,7;25,8;18,4;11,3;44;8,9;12,6;6,5;24,36;0,6;24,2;1,25;29,6;14,9;29,4;26,8;19,1;23,3;8,3;17;16,6;27,72;3,2;5,5;20,2;32,7;5,8;14,2;10,2;11518560;;10,9;38,1;19,7;20,6;11518560;6,4;0;19,4;0,1;23;17,6;11518560;21,7;;10,6;22,8;;14,7;13,2;10,9;11518560;20;7,4;20;18,1;37,1
2022-03-06 00:00:00.0;5,9;7,2;6,1;17,7;13,2;11518560;2,5;16,2;2,4;17,57;5,8;6,8;4,4;6,2;5;20;6,6;16,6;12;8,5;3,5;8,93;3,6;17,7;3,6;3;30,1;10,3;12,4;8,3;34,2;3,9;7,7;6,3;4,19;2,1;3,3;15,6;10,9;5;3,9;3,5;11518560;;18,1;13,1;19,9;4,4;11518560;12,4;2;16,2;2,4;3,7;7,6;11518560;9,5;;11,6;7,2;;11,3;9,4;3,4;11518560;3,8;3,1;13,2;2,5;18,4
2022-03-07 00:00:00.0;2,3;2,1;1,6;2,6;2,5;11518560;1,8;1,8;2,15;1,66;1,7;1,9;2;1,4;1,5;1,7;1,8;3,4;2;2,5;3,4;1,54;1,5;1,7;1,73;1,9;1,6;2,7;1,9;1,7;2;1,7;2,1;2,2;1,93;2,9;1,7;3,5;1,6;1,9;2,6;3,7;11518560;;3,6;2,6;4,3;5,8;11518560;2,6;1,6;2;1,2;2,8;1,7;11518560;7,3;;2,5;1,2;;2,1;2,6;1,6;11518560;1,6;1,5;3;2,9;2,3
2022-03-08 00:00:00.0;0,1;0;0;1;0;11518560;0;0;0;0;0;0;0;0,1;0;0,1;0;0;0;0;0;0;0;0,1;0;0;0;0;0;0;0;0;0;0;0;0,1;0;0;0;0;0,3;0;11518560;;0,1;0;0;0,2;11518560;0,1;0;0;0;1,3;0;11518560;0;;0;0;;0;0,3;0;11518560;0;0;0;0,3;0
2022-03-09 00:00:00.0;0;0;0;0;0;11518560;0;0;0;0;0;0,2;0;0;0;0;0;0;0;0;0;0,01;0;0;0;0,2;0;0;0;0;0;0;0;0;0;0;0;0;0;0;0;0;11518560;;0,1;0;0;0;11518560;0;0;0;0;0;0;11518560;0;;0;0;;0;0;0;11518560;0;0;0;0;0,1
2022-03-10 00:00:00.0;0,9;1,1;8;28,7;16,9;11518560;0;17,1;0;12,16;6,7;0;0;0,8;2,3;29,6;9,2;1;9,4;0,6;2,6;2,05;0;11,7;0,18;0;27,5;11,4;0,2;0,7;26,2;1,1;3;14,3;2,24;0;0,9;1,9;0;9;18,6;7;11518560;;32;0;42,9;7,4;11518560;16,9;0;3,4;0;0,1;7;11518560;0,9;;0,6;3,7;;1,2;0,2;3,9;11518560;5,9;2,3;1,3;11,5;16,7
2022-03-11 00:00:00.0;0;0;0;0,1;0,2;11518560;0;0,1;0;0;0;0;0;0;0;0;0;0;0,4;0;0;0;0;0;0;0;0;0;0;0;0;0,3;0;0;0;0;0;0;0;0,5;0;0,5;11518560;;0,2;0;0,1;0;11518560;0;0,4;0;0,2;0,1;0;11518560;0,2;;0;0;;0;0,3;0;11518560;0;0;0;0;0,1
2022-03-12 00:00:00.0;3,2;56,4;39,1;24,4;46,9;11518560;10,5;86,5;14,28;22,69;13,5;16;5,7;16,8;18,4;24,1;10,9;10,6;34;12;5,5;17,73;11,7;33,5;6,46;22,8;20,4;18,9;16,6;2,6;31,1;78,9;19,6;42,9;8,73;14,2;3,1;17,6;9,3;32,8;36,5;39,6;11518560;;34,6;7,3;52,8;33;11518560;16,7;9,2;28,2;10,9;6;33,4;11518560;2,2;;10,5;30,9;;8,6;8,1;13,7;11518560;15,8;11,2;14,4;27;12,7
2022-03-13 00:00:00.0;0;12,8;0;11;5,7;11518560;0,2;10,2;0,02;0,12;0,2;0,2;3,7;19,3;17,8;6,9;0,3;0,7;12,9;16,1;2,2;0,01;0;1,1;0;0;2,7;4,6;0;2,9;4,8;3,6;12,7;0;0;0;0;12,4;0,1;17,1;0,4;10;11518560;;6,9;0;2,8;0;11518560;17,4;1,8;14,6;0,2;8,9;0,1;11518560;0,1;;22,8;0;;7,9;0,1;0,1;11518560;0;0,2;10,8;6,3;8,5
2022-03-14 00:00:00.0;6;13,9;6,6;14,9;36,8;11518560;10,4;28,7;9,04;12,5;7,5;12;4,2;3,9;4,8;26,3;8,9;17,6;27;4,5;16,1;3,47;6,6;6,8;5,51;10,1;18,6;7,8;9,8;9,6;11,9;25,8;3,7;5,3;4,12;29,5;3,8;12,7;7,2;22,3;1,9;33,3;11518560;;20,8;17,8;21,5;4,2;11518560;5,6;5,9;6,4;4,9;3,6;8,8;11518560;0,8;;5,2;6,2;;10,2;1,8;7,1;11518560;2,7;2;7,8;3,5;34,8
2022-03-15 00:00:00.0;0;0,5;0;0;0,4;11518560;12,4;0,1;4,02;0;0;0,5;0;0;0;0;0;0,1;5,1;0;6,8;0;0,1;0;0;0,5;0;0;2,9;0,1;0;20,4;0;0;0;3,4;0;0;0;16,7;0;19,8;11518560;;0,1;1,1;0,1;0;11518560;0;0;0;0;0;0;11518560;0,2;;0;0;;0;0,2;0;11518560;0;0;0;0;0,1
2022-03-16 00:00:00.0;0,2;0;0,3;0;0;11518560;7,2;0;5,05;0,09;2,7;3,3;0;0;0;0,2;5,2;0;0;0;3,6;0;0;0;0;0,2;0;0;1,6;0;0;0;0;0,6;0;6,8;0,5;0;0;0;0;0;11518560;;0;0,4;0;3,9;11518560;0;0;0;0;0,3;0,3;11518560;0;;0;0,6;;0;0;4,3;11518560;0,1;0,6;0;0;0
2022-03-17 00:00:00.0;0;0;1;0;0;11518560;0;0;0,02;0,22;0,5;0;0,2;0,4;0,2;0;0,6;0;0;1,7;0;1,23;0;1;0;0;0,2;0;0;0;0,9;0;0,9;0,1;0,01;0;0,3;0;0;0;0,4;0;11518560;;0;0;0;0,1;11518560;0;0;1,1;0;0;0,3;11518560;0;;1,6;0,3;;0;0,2;0,7;11518560;1,8;1,3;0;0,2;0,1
2022-03-18 00:00:00.0;0;0;0;0;0;11518560;1;0;6,17;0;0;0,5;0;0;0;0,1;0;0;0;0;0,1;0,01;0;0;0;0,2;0;0;0;0;0;0;0;0;0;7,8;0;0;0;0;0;0;11518560;;0;0;0;0;11518560;0,1;0;0;0;0;0;11518560;0;;0;0;;0;0;0,1;11518560;0;0;0;0;0
2022-03-19 00:00:00.0;0;0;0;0;0;11518560;0,2;0;0,57;0,01;0;0;0;0;0;0;0;0;0;0;0;0;0;0;0;0;0;0;0,5;0;0;0;0;0;0;0,6;0;0;0;0;0;0;11518560;;0;0,2;0;0;11518560;0;0;0;0;0,6;0;11518560;1,1;;0;0;;0;0;0;11518560;0;0;0;0;0
2022-03-20 00:00:00.0;7,8;0;5,4;0;0;11518560;0;0;0,14;1,55;6,8;5;0,4;0;0;0,8;7,1;3,8;0;0;4,1;12;1,5;0;5,67;4,3;0,1;0,3;3,6;0,1;0;0;0;6;10,28;3;7,3;0;1,9;0;0;0;11518560;;0;5,9;0;0;11518560;0,1;2,2;0;4,6;0,1;4,3;11518560;0;;0;3,6;;0;0;7;11518560;5,6;3,7;0;0;0,3
2022-03-21 00:00:00.0;0,6;4,9;10,8;0;0;11518560;7,9;0;3,01;6,55;5,2;0;0,3;0;0;0,1;2,3;3,4;0;0;0,5;0,31;0,8;0;0,46;1,8;0,3;0;0,2;0;0;8,7;0;5,1;1,7;0,3;0,5;0;2,4;0,3;0;0,2;11518560;;0;0,2;0;1,1;11518560;0;2,3;0;0,1;0,1;2;11518560;0;;0;10,5;;0;0;2,5;11518560;4;2,1;0;0;0,1
2022-03-22 00:00:00.0;0;0;0,3;0,2;0;11518560;0;0;0;0,51;0,1;1,1;0;2,8;1,8;0,2;0;0;0;1,1;0;0,45;0;0,6;0;0,3;0,3;0,6;0,3;0,2;0,4;0;0,7;0;0,01;0;0;0;0;0;1,9;0;11518560;;0,1;0;0;1,7;11518560;0,5;0;0,4;0;2,2;0,3;11518560;0;;1,9;0,4;;0,1;1,2;0,2;11518560;0;0;0;3;0,4
2022-03-23 00:00:00.0;0;0;0;0;0;11518560;0;0;0;2,33;0;1,2;0;0;0;5,9;0;3,3;0;0;0;0,48;0;0,2;0;0,5;7,8;0;0,8;0;0,6;0;0;0;0;0;0,3;0,1;0;0;0;0;11518560;;0;8,8;0;0;11518560;0;0;0;0;0,5;0,2;11518560;0;;0;0,6;;0;0;0;11518560;0;0,1;0,3;0;2,8
2022-03-24 00:00:00.0;0;0;0;0;0;11518560;0;0;0;0;0;0;0;0;0;0,1;0;0;0;0;0;0;0;0;0;0;0;0;0;0;0,1;0;0;0;0;0;0;0;0;0;0;0;11518560;;0;0;0;0;11518560;0;0;0;0;1,5;0;11518560;0;;0;0;;0;0;0;11518560;0;0;0;0;0
2022-03-25 00:00:00.0;0,3;4,7;0;0,1;0;11518560;0;0;0;0,07;0,7;0;0,3;0,4;0,2;0;0,3;0;0;0;0;0,34;1,6;0;0,53;0;0;0;0;0;0;0,5;0;0;0,39;0;0,1;0;0,1;0;0;0;11518560;;0,4;0;0;0;11518560;0;0,9;0;1,8;0,4;0;11518560;2,3;;0;0;;0;0;0,5;11518560;0;0;0;0,1;0
2022-03-26 00:00:00.0;0;0;0;0;0;11518560;0;0;0;0,05;0;0,9;0;0;0;0,2;0;0;0;0;0;0,52;0,1;0;0;0;0,1;0;0;0;0,1;0;0;0;0,16;0,3;0;0;0;0;0;0;11518560;;0;0,3;0;0;11518560;0;0;0,1;0;1,8;0;11518560;1,2;;0;0;;0;1,7;0;11518560;0;0;0;0;0
2022-03-27 00:00:00.0;0,6;0,1;0,6;0;0;11518560;0,3;0,1;0,53;0,93;0,3;0;0;0,8;0,4;2,1;0,4;0;0;0,5;0,5;0,58;0;0,3;0,05;0;1,5;0;0;0,2;0,8;0;0,3;0,2;0,04;0,6;0,8;0;0,2;0;0,9;0;11518560;;0;0;0;1,1;11518560;0,5;0,8;1,3;0,5;0,9;0,2;11518560;3,3;;0,4;0,4;;0,5;0;0,6;11518560;0,3;0,6;0;0,3;1,2
2022-03-28 00:00:00.0;0;0;0;0;0;11518560;0;0;0;0;0;0;0;0,1;0;0;0;0;0;0;0;0;0;0;0;0;0;0;0;0;0,1;0;0,1;0;0;0;0;0;0;0;0;0;11518560;;0;0;0;0;11518560;0;0;0,1;0;1,2;0,1;11518560;0;;0;0;;0;0,1;0;11518560;0;0;0;0;0
2022-03-29 00:00:00.0;0,1;0;0,5;0,6;0;11518560;0;0;0;0,79;0,1;0;0,2;0,4;0,6;0,6;0,2;0,5;0;0,5;0;0,72;0,2;0,6;0,37;0;0,7;0,1;0,6;0,2;0,8;0;0,5;0,4;0,61;0;0,1;0,6;0,1;0;0,3;0;11518560;;0,3;0,1;0;0,5;11518560;0,4;0;0,6;0,2;1,2;0,7;11518560;0,6;;0,6;0,7;;0,7;0,7;0,2;11518560;0,4;0,2;0,6;0,7;0,4
2022-03-30 00:00:00.0;0;0;0;0;1;11518560;35,1;3;22,72;0,11;0;1,3;0,2;0;0;0;0;10,3;1,4;0;38,1;0,04;0,1;0,5;0;4,4;0,1;1,6;21,5;0;0;3,4;0;1,7;0;15,6;0;0;0,6;1,4;0;1,2;11518560;;0;5,6;0;0;11518560;0;0,1;0;0,6;0,1;2,6;11518560;2;;0,1;0;;0;0;0;11518560;0;0;0;0;0,8
2022-03-31 00:00:00.0;1;1,7;7,6;8;4,4;11518560;6,2;4,3;6,48;22,53;2;0,7;0;5,3;3,1;4,6;0,6;9,4;3,1;5,5;12,1;17,96;1,9;8,8;2,14;1,7;5;5,9;6,5;8,8;7,4;7,8;3,3;4,2;5,4;4,9;2;9,6;10,5;3,2;0,1;3,1;11518560;;6,7;7,6;6,5;0;11518560;1,4;0,4;4,8;1,2;4,2;10,4;11518560;0,7;;8,6;12,8;;10,1;0,1;0,8;11518560;3,3;1,1;11,6;1,2;4,7
2022-04-01 00:00:00.0;0;0;0;0;0;11518560;0;0;0,11;0;0;0;0;0;0;0;0;0;0;0;0;0;0;0;0;0;0;0;0;0;0;0;0;0;0;5,2;0;0;0;0;0;0;11518560;;0,1;0;0;0;11518560;0,1;0;0;0;0;0;11518560;0;;0;0;;0;0;0;11518560;0;0;0;0;0
2022-04-02 00:00:00.0;0;0;0;0;0;11518560;0;0;0;0;0;0;0;0;0;0,1;0;0;0;0;0;0;0;0;0;0;0;0;0;0;0,1;0;0;0;0;0;0;0;0;0;0;0;11518560;;0;0;0,1;0;11518560;0,1;0;0;0;0,1;0;11518560;0,6;;0;0;;0;0;0;11518560;0;0;0;0;0
2022-04-03 00:00:00.0;0,1;15,1;1,6;0;0;11518560;22;0;8,03;0;0;5,3;1,3;0;0;0;0;4,6;0;0;0;4;0,8;0;1,71;8,5;0;0;0,9;0;0;9,3;0;0;4,25;0;0,2;0;1,2;0;0;0;11518560;;0;7,1;0;0;11518560;0;0,5;0;0,8;0;0;11518560;0;;0;0;;0;0;0;11518560;2;0,4;0;0;0
2022-04-04 00:00:00.0;0,5;0;1;4,5;0,4;11518560;1,3;0,4;1,18;2,49;0,4;4,4;1,7;0,5;0,5;4,2;0,3;4,7;0;0,6;1,4;2,67;2;1,7;1,4;2,8;4;4;2,7;4,7;3,5;0,1;0,6;0,9;1,57;1;0,3;6,8;3,7;0,2;0,6;0,1;11518560;;3,9;12,6;1,5;0,7;11518560;5,7;1,7;1,1;5,6;2;1;11518560;0;;0,8;1,2;;7,5;0,1;0,3;11518560;0,5;0,3;6,2;1,3;4,2
2022-04-05 00:00:00.0;1,4;0,7;13,1;1,6;1,1;11518560;4,8;1;2,35;10,89;10,9;29,9;10,7;3,4;3;3,2;8,2;2,5;1;2,7;2,9;7,15;9,4;3,4;5,9;24,5;5,4;2,3;17,9;1,5;4,5;1,3;2,5;10,1;10,69;2,8;1,8;1,4;10,9;0,7;2,3;0,9;11518560;;1,5;15,9;1,1;6,2;11518560;2,8;8,2;3,4;7,1;4,9;11;11518560;4;;3,4;9,6;;1,8;3,4;5,3;11518560;8,3;4;1,5;2,6;2,7
2022-04-06 00:00:00.0;0,5;0,9;1;2;2,6;11518560;1,3;1,9;1,15;0,63;2,7;2;0,4;3,8;2,6;1;2,3;1,5;1,3;2,6;2,5;0,92;0,6;2,8;0,62;1,5;1;0,7;5,1;0,6;2,5;0,8;1,8;4,1;2,86;1,9;0,6;1,3;0,9;0,9;2;1,4;11518560;;2,9;3,1;3,2;3,6;11518560;1;0,2;3,4;0,3;5,7;2,8;11518560;2;;4,5;0,7;;1,2;7,3;2,4;11518560;0,5;0,5;1,2;1,3;1
2022-04-07 00:00:00.0;0,8;0,1;0,8;2,5;2,2;11518560;1;1,6;0,74;1,09;0,2;15,9;3,8;0;0,1;1,7;0,1;1,1;0,7;0,4;1;1,75;7,56;0,3;2,53;24,1;1,1;1,8;0,9;1,8;0,9;0,2;0,3;0,5;1,93;1,4;0,7;0,9;2;1,6;0,1;1,8;11518560;;3,5;29,4;2,9;0;11518560;3,1;0,9;0,6;1,7;0,6;0,9;11518560;4,6;;0,3;0,7;;1,6;0,2;0,1;11518560;0,7;0,4;0,9;0,2;2,2
2022-04-08 00:00:00.0;0;0;0;0;0;11518560;0;0;0;0,07;0;0,7;0;0,8;0,9;0,1;0;0,2;0;0,3;0;0,05;0,4;0,2;0;0,2;0,1;0,1;0;0;0,6;0;0;0;0;0,1;0;0;0;0;0,6;0;11518560;;0;0;0;0;11518560;0;0,4;0;0;9,1;0,1;11518560;0,1;;1,4;0;;0,1;1,5;0;11518560;0;0;0;2,3;0,4
2022-04-09 00:00:00.0;0;0;0;0,1;0;11518560;0;0;0;0;0;0;0;0,7;0,9;0;0;0;0;1;0;0;0,01;0,1;0;0;0;0;0;0,1;0;0;1,2;0,1;0;0;0;0;0;0;1,4;0;11518560;;0;0;0;1,5;11518560;0;0;0,4;0;0,3;0;11518560;0,1;;0,7;0;;0;1,2;0;11518560;;0;0;1,8;0
2022-04-10 00:00:00.0;5,4;0;9,8;1,7;0;11518560;4,1;0;1,98;3,25;1,6;1,2;0,2;0;0;0;0,6;1,4;0;0;7,6;0,7;1,57;0;2,36;1,8;0,4;0;1,6;0,1;0;1,4;0;4,1;2,19;2,8;6,3;0;1,1;3,1;0;0,5;11518560;;0,2;2;0,3;0;11518560;0;0,4;0;1;0;1,5;11518560;0;;0;4,6;;0;0;0,6;11518560;;4,2;0;0;0
2022-04-11 00:00:00.0;0;0;0;0;0;11518560;1,1;0;0;0;0;0;0;0;0;0;0;0;0,3;0;0;0,01;0;0;0;0;0;0;0;0;0;0,5;0;0,1;0;0;0;0,3;0;0,9;0;1;11518560;;0;0;0,1;0;11518560;0;0;0;0;0,1;0,1;11518560;0,1;;0;0;;0,1;0;0;11518560;;0;0,2;0;0
2022-04-12 00:00:00.0;0;0;0;0;0;11518560;0;0;0;0,01;0;0;0;0;0;0,1;0;0;0;0,2;0;0;0;0;0;0;0,1;0;0;0;0,6;0;0;0;0;0;0;0;0;0;0;0;11518560;;0;0;0;0;11518560;0,1;0;0,4;0;0,8;0;11518560;0,1;;0,6;0;;0;0,1;0;11518560;;0;0;0;0
2022-04-13 00:00:00.0;0;0;0;0;0;11518560;0;0;0;0;0;0;0;0;0;0;0;0;0;0;0;0;0;0;0;0;0;0;0;0;0;0;0;0;0;0;0;0;0;0;0;0;11518560;;0;0;0;0;11518560;0;0;0;0;0;0;11518560;0;;0;0;;0;0,4;0;11518560;;0;0;0;0
2022-04-14 00:00:00.0;0;0;0;0;0;11518560;0;0;0;0,01;0;0;0;0;0;0;0;0;0;0;0;0;0;0;0;0;0;0;0;0;0;0;0;0;0;0;0;0;0;0;0;0;11518560;;0;0;0;0;11518560;0;0;0;0;0,1;0;11518560;0;;0;0;;0;0;0;11518560;;0;0;0;0
2022-04-15 00:00:00.0;0;0;0;0;0;11518560;0;0;0;0;0;0;0;0;0;0;0;0;0;0;0;0;0;0;0;0;0;0;0;0;0;0;0;0;0;0;0;0;0;0;0;0;11518560;;0;0;0;0;11518560;0;0;0;0;0;0;11518560;0;;0;0;;0;0;0;11518560;;0;0;0;0
2022-04-16 00:00:00.0;0,8;1;0;0,6;2,5;11518560;11,7;2,5;21,98;0;0,1;0,1;0,1;0,1;0,4;0;0,5;0;2,2;0;22,1;0;2,62;0;0,95;1;0;0;0;0;0;2;0;0,2;0;15,8;0,4;0;0,6;2,4;2,1;3,3;11518560;;2,3;7,3;2,9;0,5;11518560;0;0,4;0;0,5;6,1;0;11518560;1,7;;0,1;0;;0;1,3;0,6;11518560;;0,1;0;1;0
2022-04-17 00:00:00.0;7,4;2,9;2,2;0,1;2,5;11518560;2,9;1,6;2,43;1,47;1,7;5,2;11,5;3;3,3;0,8;2,7;1,1;2,8;1,5;1,4;1,49;3,58;1,6;4,7;1;1;0,3;1,5;4,4;1,2;1,1;2;1,4;2,71;2;5,7;2,1;1,4;2,2;2,8;5,4;11518560;;0,3;2,1;0,6;6;11518560;2,9;7,1;1,4;11,1;6,2;1,4;11518560;10,2;;2,2;1,2;;6,9;2,6;4,2;11518560;;2,3;4,3;2,4;0,6
2022-04-18 00:00:00.0;34,3;6,9;38;34,5;46;11518560;41,9;50,5;56,94;29,07;26,7;47,7;34,1;25,2;24,3;33,3;32,8;56;47,6;27,9;36,7;27,72;37,74;30,4;28,58;18,3;29,7;29;75,4;30;32,5;37,8;27,1;38,8;25,73;49,8;22,9;50,8;36,7;25,6;27,7;34,3;11518560;;32,2;84,9;45,5;43,2;11518560;27,9;19,7;35,9;21,5;25,1;38,3;11518560;32,7;;25,4;26;;37,6;37,4;30,7;11518560;;25,6;47,8;21,1;26,8
2022-04-19 00:00:00.0;22,5;22,8;14,8;27;53,4;11518560;14,3;51,3;23,06;18,71;17,3;13,9;16,6;13,8;15,3;17,1;13,8;23,2;47,8;17,8;26,3;12,21;11,36;27;24,2;17;19,4;18,7;19,7;21,6;18,7;17,9;15,9;15,9;9,13;26,2;22,3;38,3;13,3;32,3;29,7;53,8;11518560;;30,3;22,1;51,7;13,7;11518560;22,9;16;24,6;20,7;27,1;24;11518560;40,4;;18;19,4;;31,1;23;19,6;11518560;;15,7;32,5;18,8;14,7
2022-04-20 00:00:00.0;14;5,8;25,1;16,3;14,8;11518560;6,5;14,2;6,67;22,01;18,6;8,9;12;9,1;9,4;22,9;18,8;19,9;7,7;9,3;7,6;24,09;14,42;16,7;13,86;5,5;20,7;23,1;13,7;27,3;21,2;5,8;9,8;21;14,41;5,5;11,1;25,1;15,2;6,1;11,6;8,6;11518560;;11,6;8,2;12,3;18,5;11518560;23,5;13,1;12,1;11,2;10,2;22,9;11518560;26,4;;9,5;22,4;;25,9;10,4;14,6;11518560;;12,7;23,2;9,3;20,9
2022-04-21 00:00:00.0;0;2,2;0;4,8;0,1;11518560;0,8;0,7;1,85;0,08;0;1;0,1;0;0;0,2;0;0,6;0;0;0,8;0,17;0,71;0,1;0,22;0,6;0,2;1,3;3,5;1,1;0,2;0,3;0;0;0;2,4;0;4,3;1,9;0;0;0,2;11518560;;10,5;1,1;2,7;0,4;11518560;1,5;0;0;0;0;0;11518560;4,8;;0;0;;1,7;0,4;0;11518560;0,1;0;2,4;0;0,6
2022-04-22 00:00:00.0;15;2,9;6;8,6;14,6;11518560;11,7;13,4;13,54;5,14;6,1;17,8;15,7;8,8;8,7;5,4;8,4;9,5;13;6,4;14;5,68;12,01;5,8;9,84;12,9;5,9;4,7;13,7;7,7;6,1;13,9;6,7;6,2;7,74;14,7;10,8;11,8;10,2;12;9,3;14,2;11518560;;13,8;16,4;13,4;13,3;11518560;6,9;12,4;6,1;13,1;8;6,4;11518560;8,6;;8,6;5,6;;16,5;8,4;9,2;11518560;7,4;7,9;11,4;7,8;5
2022-04-23 00:00:00.0;0;2,8;0,3;67,3;4,9;11518560;1,1;2,2;0,01;0,95;0;0,4;0,3;0,4;0,6;1,2;0,6;18,6;4,3;1;2,3;0,47;0;0,4;0,03;0,6;1,2;1,9;1,3;7,3;1,4;0;0,5;1,1;0,03;0,1;0;58,4;0,2;0,5;5,1;0,2;11518560;;59,9;2,6;5;14,3;11518560;6,7;0,3;0,2;0,1;4,4;0,1;11518560;12,2;;0,7;0,5;;45,7;0,7;0;11518560;0,7;0,1;70,6;1,8;1,2
2022-04-24 00:00:00.0;2,4;2,7;6,5;13,9;20,9;11518560;16,4;18,8;12,18;18,54;9,8;1,5;0,5;25,3;28,9;37,4;30;45,1;38,8;35,2;14,8;10,75;3,42;41,7;8,24;11,7;45,2;13,2;9,8;25,2;59;12;35,7;24,4;4,48;8;0,9;47,2;11,2;23,5;12;23,2;11518560;;22,1;23,4;21,4;25,8;11518560;17,3;0;46,3;2;20,2;37;11518560;8,3;;35,7;10,3;;35,9;13,6;15,7;11518560;3,4;1,4;37,2;13,1;11
2022-04-25 00:00:00.0;4,3;14,8;6,1;5,6;4,8;11518560;3,4;3,9;2,38;4,07;4,4;4,4;3,4;8,5;5,3;5,5;6;4;3,9;7;3;4,31;4,93;5,2;4,59;3,7;5,4;4,7;3,2;3,6;6,6;4,2;5,5;5,5;4,92;2,6;3,6;4,1;4,7;3,4;5,3;4,9;11518560;;6,1;3,3;5,3;9,4;11518560;5,6;3,5;7,7;3,9;15,2;3,5;11518560;9,8;;11,2;4,2;;4,7;6,9;6,6;11518560;5,2;4,9;3,8;4,4;4,9
2022-04-26 00:00:00.0;0,5;15,2;3,3;0,5;5,8;11518560;4,1;8,5;1,23;5,95;1,5;0,1;1,4;6,5;3,1;5,2;1,6;1,1;10,4;2,2;1,9;1,3;3,61;6,3;1,6;1,5;2,9;4,5;4,5;6,2;7,1;3,5;2,5;3,7;2,2;1,7;0,5;1,9;4,5;11,3;4,3;13,4;11518560;;1,4;0,3;2,6;4,9;11518560;4,8;0,6;2,7;1,4;9,3;5,1;11518560;16,8;;2,2;5,7;;4,6;5,3;1,2;11518560;1,4;1,4;2,4;5,1;2,5
2022-04-27 00:00:00.0;14;8,5;12,6;12,9;38,4;11518560;8;19,4;9,43;13,83;13,5;2,6;5,2;1,7;1,7;4;13;23,2;50,6;3,5;7,8;8,14;6,51;8,1;15,07;3,5;13,7;7,7;12,2;39,5;6,3;33,8;1,6;5,1;32,07;17,8;20,4;26,1;9,7;41,5;3,2;41;11518560;;6,6;16,6;12,6;11,1;11518560;3,4;5,6;5,1;6,8;4,4;3,7;11518560;11;;3,8;7,8;;31,3;10,4;11,7;11518560;13,4;12,8;32,9;3,3;2,3
2022-04-28 00:00:00.0;0,1;6,8;0,4;5,8;7,5;11518560;11,5;6,2;19,66;0,51;0,1;11,3;1,5;0;0,1;0,9;0;6,2;6,4;0,1;5,6;1,51;2,92;0,7;0,28;5,4;0,7;0,8;7;2;0,7;11,6;0,1;0,3;0,13;30,8;0;4,4;1,2;8,1;0,1;8,9;11518560;;9,6;13,4;8,7;0,1;11518560;0,6;0,8;0;0,4;0,2;0;11518560;0,4;;0,2;0,4;;2,9;1,9;0,1;11518560;0,3;0,1;3,3;0,3;1
2022-04-29 00:00:00.0;2;0,9;2,8;4,4;3,9;11518560;1,6;3,1;1,07;2,21;1,5;2,3;2,2;3,7;2;2,6;1;3,9;3,2;3,3;2,4;2,69;2,92;2,2;2,85;3,4;2;3,1;2,5;3,3;3;2,3;1,5;1,8;2,36;2;0,9;5,8;4,4;1,9;1,9;2,4;11518560;;5,4;4;4,2;1,8;11518560;4,2;2;3,8;1,9;5,1;1,4;11518560;1,3;;6,6;1,6;;5,6;1,6;1,7;11518560;1,7;1;5,5;1,1;3,2
2022-04-30 00:00:00.0;0,7;0;0,3;0,3;0,1;11518560;0;0,2;0,02;1,67;0,3;0,1;0;4;2,2;3,2;1,4;0,3;0;3,5;0;1,06;1,29;3,6;1,04;0,6;3,9;2,2;0,1;2;7,1;0;1,2;0,5;0,75;0;0,1;0,9;0,5;0;0,9;0;11518560;;0,3;0,2;1,4;2,9;11518560;6,2;0;5,8;0,1;8,8;0,4;11518560;3,4;;8,3;0,8;;1,5;3,3;2,4;11518560;0,7;0,5;1;1,2;4,2
2022-05-01 00:00:00.0;0;0;0;0,1;0;11518560;0;0;0;0;0;0;0;0;0;0;0;0;0;0;0;0;0;0;0;0;0;0;0;0;0;0;0;0;0,01;0;0;0;0;0;0;0;11518560;;0;0;0;0;11518560;0;0;0;0;0;0;11518560;0;;0;0;;0;0;0;11518560;0;0;0;0;0
2022-05-02 00:00:00.0;0,1;4,1;0,2;1,9;2,2;11518560;1,5;1,8;1,24;0,27;0,4;0,8;0,3;0,8;1,1;0,5;0,5;1,3;2,2;0,8;1,5;0,3;0,48;0,9;0,47;1;0,2;0,9;1,8;1,6;0,6;2,1;0,9;0,7;0,36;1,2;0;1,4;0,5;1,9;1,3;2,7;11518560;;2,5;1,2;2,2;1,1;11518560;2,3;0,2;1,3;0,4;4,6;0,4;11518560;0,9;;1,1;0,3;;1,7;3,1;0,5;11518560;0,1;0,1;1,5;1,6;0,9
2022-05-03 00:00:00.0;0;0;0;0;0;11518560;0;0;0;0;0;0;0;0;0;0;0;0;0;0;0;0;0;0;0;0;0;0;0;0;0;0;0;0;0;0;0;0;0;0;0;0;11518560;;0;0;0;0,3;11518560;0;0;0;0;0;0;11518560;0;;0;0;;0;0,2;0;11518560;0;0;0;0;0
2022-05-04 00:00:00.0;0;0;0;0;0;11518560;0;0;0;0;0;0;0;0;0;0;0;0;0;0;0;0;0;0;0;0;0;0;0;0;0;0;0;0;0;0;0;0;0;0;0;0;11518560;;0;0;0;0;11518560;0;0;0;0;0;0;11518560;0;;0;0;;0;0;0;11518560;0;0;0;0;0
2022-05-05 00:00:00.0;7,5;3;9,8;6,4;7,7;11518560;3,8;6,1;3,46;8,16;7,9;4,3;4,8;19,9;15,1;10,1;9,9;5,6;5,8;18,1;4,3;7,15;6,05;11,3;7,54;4,7;8,7;8,1;3,6;7,8;14;4,5;16,9;12;8,04;4,2;6,2;6,2;7,3;5,2;12,8;7,6;11518560;;6,6;5,5;7;15;11486564;9,1;4,6;18,3;5,5;25,3;12,3;11494563;27,5;;22,2;8,1;;8,1;16,3;11,3;11518560;7,1;6,5;6,9;12,8;8,4
2022-05-06 00:00:00.0;0,5;3,9;1,4;0,6;1,4;11486564;1,3;1,3;0,96;1,6;0,7;0;0;7,9;6,2;0,6;1,9;0,4;1,4;6,6;0,5;3,75;2,01;1,3;2,85;0,5;1,4;0,4;0,4;2,1;2,5;1,7;5,9;2,7;3,25;3;0,4;1,7;3,5;1;3;1,4;11510561;;0,9;0,3;1;3;11518560;0,1;0,4;4,4;0,8;12;2,2;11510561;9,8;;8;1;;1,4;3,3;1,3;11510561;1;0,5;1,6;5,5;1,6
2022-05-07 00:00:00.0;5,1;7,2;6;12,3;12,8;11518560;14,4;11,8;8,85;7,42;3,4;9,4;5,4;8,3;7,7;8;3,5;13,9;10,8;6,2;18,1;7,11;8,22;8,1;6,5;10,3;9,6;7;15,5;15,5;9,9;10,8;6,7;5,7;6,18;12,1;4,4;14,4;12,2;10;6,3;11,4;11502562;;16,7;17,1;15,4;5,7;11518560;9,1;4,8;9,6;5,2;13;6,8;11518560;9,6;;7;6,6;;13,2;7,4;3,9;11502562;4,7;3,4;13,9;8,1;6,9
2022-05-08 00:00:00.0;0;0,7;9,1;0,3;0,3;11518560;0;0,2;0;26,91;1,9;3,8;0,1;1,5;1,7;13,7;0,5;14,2;0,5;3,4;0;13,31;0,19;12,4;0,26;42,7;14,2;13,3;0,7;7,7;12,9;0,3;4,2;16,6;2,05;0,3;0,1;9;6,1;0,5;0,2;0,4;11518560;;0,3;34,2;0,1;2,3;11518560;4,6;0;5,5;0;0,3;25,1;11518560;3,4;;2,7;42,2;;8,2;1,3;0,8;11518560;1,7;0,7;9,4;0,4;12,4
2022-05-09 00:00:00.0;0,3;36,1;0;0,3;0,4;11518560;36;0,4;4,12;0;0;3,9;0,4;0;0;0,1;0;6,7;0,4;0;10,5;0;1,83;0;0,04;2,8;0;0;3,1;0;0;5,6;0;0;0,2;0,4;0,5;0;2,1;0,7;0;1,2;11518560;;0;4,7;0,1;0;11518560;0;2;0;0;0,7;0;11518560;2,7;;0;0;;0;0;0;11518560;0;0;0;0;0,1
2022-05-10 00:00:00.0;7,4;25,6;3,7;18,9;16,7;11518560;2,2;15,3;11,56;16,05;5,9;0;0,3;7,7;15,1;21;6,4;7,8;20,5;14,5;0,6;2,86;3,87;6,1;1,35;0,4;23,6;15,4;0;24,8;26,4;32,4;15,5;10,7;0,05;32,9;3,5;16,9;1,4;20;12,3;22,6;11518560;;6,2;0,1;11,4;3,9;11518560;5,8;0,6;8;0,9;9,8;11,1;11518560;12,6;;14,5;8,5;;19,5;34,6;3,4;11518560;1,3;1,1;12,1;14;27,6
2022-05-11 00:00:00.0;4;2,9;0;0,5;8,5;11518560;18,9;9,8;10,49;0,06;0,3;5,9;11,5;0,3;0,5;1,3;0,7;2,4;6,3;0,4;14,1;1,04;3,17;0,2;0,89;5,4;0,4;5,3;4,5;1,8;0,4;10;0,2;0;0,12;9,6;1,8;1,4;3,9;6,1;0,2;4,6;11518560;;0,9;3,2;12,1;4,1;11518560;1,6;8,5;0,2;4,2;1,8;0,1;11518560;1,7;;0,4;0;;1,4;3,3;1;11518560;0,3;0,3;1,7;0,7;1,1
2022-05-12 00:00:00.0;0;0;0;0;0,1;11518560;0;0;0,01;0,01;0;6,5;0,1;0;0;0,1;0;1,3;0;0;0;0,05;0,56;0;0;7;0;0,3;1,3;0,1;0;0;0;0;0,01;0,2;0;0,2;7;0;0;0;11518560;;0,2;13,8;0,1;0;11518560;0;0;0;0;0;0;11518560;0,7;;0;0;;0,1;0,1;0;11518560;0;0,1;0,2;0;0,1
2022-05-13 00:00:00.0;1,9;2,5;3,1;4,2;3,6;11518560;2,4;3,6;2;2,26;3,9;2,3;1,4;2,8;1,9;2,3;4,4;3,7;3,6;2,1;1,5;2,71;2,97;1,7;2,84;3,2;1,8;2,6;2,3;4,2;1,6;2;2,1;3,4;3,64;1,8;2,3;3,7;4,3;3;3,1;3,4;11518560;;4,5;3,4;3,4;5,6;11518560;4,2;1,4;2,5;1,6;5,2;2,8;11518560;5,6;;3,7;2;;4,6;2,1;5,4;11518560;4,5;4,1;3,4;1,7;2,2
2022-05-14 00:00:00.0;3,5;0,4;1,4;0,4;0;11518560;2,6;0;3,87;2,87;0,8;0,6;5,9;4,5;2,6;6,4;1,7;2,5;1,6;2;0,1;3,55;6,7;1;3,04;1,6;4,5;0,9;0,1;0,2;3,4;1,2;1,3;0,7;2,57;1,6;2,5;0,1;0,4;2,9;2,4;1,3;11518560;;0,4;2,6;0,2;2,2;11518560;1,2;3,8;2,8;5,3;3,1;1;11518560;3,6;;3,2;1,6;;0,6;2,3;2,1;11518560;2,3;1,5;0,1;2,7;3,6
2022-05-15 00:00:00.0;0;0,4;0;1,3;1,7;11518560;0,6;1,4;0,66;0,61;0;0,7;0;0;0;0,9;0;0,4;0,4;0,2;0;0,06;0;0,6;0;0,7;1,4;0;0;0,3;1,2;0;0,3;0,4;0;0,1;0;1,1;0;0;0;0,4;11518560;;1,4;0,4;0,9;0;11518560;0,3;0;2,5;0;0,1;0,4;11518560;0,7;;0,2;0,2;;1,4;0,1;0;11518560;0;0;1,3;0;0,2
2022-05-16 00:00:00.0;6,9;1,3;6,6;4,7;3,2;11518560;2,1;3,2;2,05;6,48;5,5;4;4,2;15,9;10,4;9,6;6,3;3,8;2,4;11,3;1,3;4,82;5,09;6,8;6,37;4,7;7,8;5,6;2,8;5,2;9,9;1,3;11,1;6,2;6,88;2,4;5,1;5;4,3;1,8;6,7;2;11518560;;5,4;4,8;4,2;10,8;11518560;7;4,4;11,8;5,9;19,9;6,3;11518560;17,3;;14,6;5,2;;6,3;9,9;7,3;11518560;8,1;4,7;4,4;9,3;7,8
2022-05-17 00:00:00.0;2,8;5,1;4,2;3,1;3,4;11518560;2,2;3,1;2,28;2,49;6;2;2,1;4,6;5;2,9;5,9;2,8;2,2;4,4;2,6;1,6;2,17;3,2;1,83;2,1;2,8;1,8;3,1;2,2;3,8;1,2;4,3;3,4;1,73;2,7;2,2;3,4;1,9;1,5;4;2;11518560;;3,8;3,5;4,1;5,3;11518560;2,6;1,9;3,6;2;7,6;3;11518560;9,9;;5,1;2,7;;3,7;8,6;6,2;11518560;2,1;1,8;2,7;4,3;2,2
2022-05-18 00:00:00.0;21,8;16,8;16,7;12,8;18,5;11518560;15,1;18,4;15,07;13,91;12;21,2;20;19,9;15;18,9;13,4;16,9;16,4;17,6;16,7;13,62;20,27;13,9;21,21;21,9;16,7;18,8;13,5;16;19,9;14,2;18,6;14,6;18,66;16,8;20,1;16,7;17,2;14,8;11,4;16,9;11518560;;16;22,6;16;19,9;11518560;14,9;16,3;17,5;17,5;27,9;16,9;11518560;20,2;;21,3;11,7;;18,9;15,3;14,8;11518560;18,8;14,1;11,8;14;19,1
2022-05-19 00:00:00.0;9,7;11,7;9,8;7,1;12;11518560;13,1;10,6;10,81;8,59;8,3;5;11,2;12,5;8,2;10,3;10,5;6;12,5;10,8;6,8;9,97;10,77;7,2;11,6;6,1;8,3;8,9;8,4;8,1;12,2;14,5;8,9;3,8;10,32;8,9;9,9;7,3;11,2;11,5;4,6;15,5;11518560;;6,3;6,6;10,3;17;11518560;10;8,3;13,4;8,2;19,9;6,2;11518560;4,1;;17,1;7,6;;9;8;12,4;11518560;11,4;9,2;7,2;6,4;9,9
2022-05-20 00:00:00.0;0,3;0,6;0,4;2,3;0,5;11518560;3,3;2,1;4,03;0,9;0,6;1,7;0,4;1,4;1,3;1;0,4;5,9;16,2;1;1,3;0,82;0,37;1,2;0,16;2,6;0,9;0,6;3,5;2;1,1;6;0,8;0,6;0,34;1,4;0,2;3,4;1,2;12,1;0,9;16,7;11518560;;1,2;6;3,7;0,5;11518560;0,4;0,1;2;0,1;1,8;0,9;11518560;1,3;;1,5;0,6;;1,6;0,2;0,5;11518560;0,3;0,4;1,2;0,6;1,2
2022-05-21 00:00:00.0;1,7;0,3;3,1;1,4;0,5;11518560;0,1;0,4;0,13;1,35;2,4;1;0,2;1,7;2,3;1,4;3,7;1,1;0,1;1,3;0,6;2,82;0,91;1,2;2,37;1;1,4;0,6;2,3;0,4;1,7;0,3;1,5;1,2;2,38;0,3;2,3;0,4;1,3;0,1;3,4;0,6;11518560;;1,3;1,9;0,9;5,5;11518560;1,1;0,4;1,3;0,8;9,2;0,9;11518560;2,7;;1,6;1,5;;0,7;4,6;4;11518560;3,9;3,4;0,7;3,6;1
2022-05-22 00:00:00.0;0;0;0;0;0;11518560;0;0;0;0;0;0;0;0;0;0;0;0;0;0;0;0;0;0;0;0;0;0;0;0;0;0;0;0;0;0;0;0;0;0;0;0;11518560;;0;0;0;0;11518560;0;0;0;0;0,5;0;11518560;0,1;;0;0;;0;0;0;11518560;0;0;0;0;0
2022-05-23 00:00:00.0;1,3;0;1,4;0,6;8,6;11518560;3,8;6,2;11,47;0,29;0,3;8;0,5;0,1;0;0,6;0;9,9;0,1;0,2;4,1;2,64;0,36;0,8;1,24;10,5;0,1;1,5;19;2,9;0,2;0;0,4;1,2;0,46;8;0,5;0,8;1,6;0,1;0,2;0;11518560;;0,7;10,7;17,7;1,4;11518560;0,1;0,6;0,6;0,3;11,3;1,4;11518560;13;;0,8;0,5;;2;1,7;0,4;11518560;0,3;0;1,3;0,1;3,4
2022-05-24 00:00:00.0;0;0,2;0,1;0,9;5,1;11518560;5,6;4,8;2,71;0,43;0;0;0;0,3;0,2;0,9;0,1;1,2;9,6;0,2;0,8;0,4;0,4;0,2;0;0,7;1,2;0,5;4,1;0,4;2;7,3;0;0,1;0,23;0,3;0;0,9;0,2;7,3;0,1;4,4;11518560;;1,8;0,2;1,2;0,8;11518560;0,2;0;0,4;0;3;0,3;11518560;0;;0,5;0,2;;1,3;0,5;0,7;11518560;0;0,3;1;0,1;0,4
2022-05-25 00:00:00.0;0;2,7;0,1;2;0,7;11518560;0;0,6;0,95;0,53;0,1;0,1;0,1;4;2,4;1,3;0,1;0;0,9;2;0,1;0,29;0,11;0,9;0,26;0,1;1,6;0,1;0,3;0;2,8;2,3;1,7;0,3;0,15;0,7;0;0;0;1,1;0,7;2,2;11518560;;2,3;0,2;1,6;0,7;11518560;0,6;0;2,7;0,1;4,7;0,2;11518560;0,3;;5,8;0,2;;0;0,6;0,3;11518560;0;0;0;1;1,4
2022-05-26 00:00:00.0;6,6;5,3;4,5;5,2;3,7;11518560;0,2;3,3;4,31;7,27;5,2;5,3;2,8;17,4;14,5;9,2;6,9;3,5;4;17;1,8;4,9;5,07;10,8;4,7;3,7;8,7;5,9;4,2;3,9;12,4;4,3;16,3;6,8;5,6;3,8;6,3;3,7;3,6;2,4;8,6;2,6;11518560;;5,4;5,9;5,7;11,4;11518560;8,8;2,8;17,9;3,6;22,3;8,1;11518560;14,5;;21,9;4,6;;5,3;11,3;8,1;11518560;0,1;7,1;3,9;12,1;7
2022-05-27 00:00:00.0;0;0,3;0;0,4;0,1;11518560;0,1;0;0,43;0,01;0,1;0;0;0,6;0,1;0,2;0,1;0,3;0,1;0;0;0;0,16;0;0,08;0;0;0;0,1;0;0,1;0,1;0,1;0;0;0,2;0;0,2;0;0;0,2;0,2;11518560;;0,3;0;0,5;0,2;11518560;0;0;0,2;0,1;3,7;0;11518560;0,9;;0,6;0;;0,1;1,6;0;11518560;0;0;0,1;0,4;0,2
2022-05-28 00:00:00.0;0;0;0;0,5;0;11518560;0;0;0;0,06;0;0,3;0;0,4;0;0,3;0;0;0;0,5;0;0;0;0,5;0;0,3;0,3;0;0;0,1;0,5;0;0,1;0;0;0;0;0,3;0,2;0;0,1;0;11518560;;0,1;0,2;0;0;11518560;0,5;0;1,3;0;0,8;0;11518560;0,8;;1,4;0;;1;0,6;0;11518560;0;0;0,1;0;0,9
2022-05-29 00:00:00.0;2;1,6;1,7;1,4;0,8;11518560;0,7;0,7;1,12;2,14;1,7;2,9;2,9;2,4;2,1;1,9;1,5;1;0,5;2,4;0,6;1,59;1,21;3,6;1,84;2,9;2;2,9;2,1;1,8;1,7;0,3;2;2,2;2,65;0,9;1,7;2,2;1,7;0,2;2,4;0,6;11518560;;1,4;1,7;1;2,9;11518560;3,9;1;4;1,1;6,4;3,9;11518560;3,3;;3,4;1,4;;3,1;3,4;2;11518560;0,1;1,6;2,4;2,2;3,4
2022-05-30 00:00:00.0;0;0,8;0;0,6;1,1;11518560;0,1;0,8;0,3;0,08;0;0,6;0;0,7;0,4;0,3;0;0,2;0,1;1,1;0,2;0;0;0,4;0;0;0,5;0;0,1;0,1;0,7;0,2;0,7;0;0;0;0;0,4;0;0;0,4;0,6;11518560;;0,4;0,1;1,5;0,3;11518560;0,2;0;1,2;0;4;0;11518560;2,5;;2;0;;0,8;2,1;0;11518560;0;0;0,4;0,4;0,5
2022-05-31 00:00:00.0;1,2;1,3;1;2;6,1;11518560;2,7;5,8;2,75;0,74;0,3;1,3;4,3;1,1;0,8;1,5;0,2;2,1;2,7;0,9;6,8;3,05;1,22;0,6;1,59;1,6;1;1,7;6,6;1,1;0,9;4,7;0,6;0,5;2,71;1,8;1,2;1,2;5,1;3,1;0,4;3,2;11518560;;4,7;2,9;6,6;0,6;11518560;1,5;3,2;0,8;1,2;2,3;0,6;11518560;2,5;;1;0,4;;1,6;1,3;0,6;11518560;0,1;0,7;1,2;1,1;1,7
2022-06-01 00:00:00.0;0,4;0,1;0,1;0,4;0;11518560;0;0,3;0,03;0,11;0,1;0,1;0,1;0,1;0,1;0,1;0,1;0,2;0,1;0,1;0;0,3;0,29;0;0,36;0,1;0,2;0,2;0,1;0,3;0,1;0,1;0,1;0;0,31;0,1;0,4;0,3;0,4;0,2;0,1;0,1;11518560;;0,3;0,1;0,1;0;11518560;0,1;0,1;0,1;0,3;0,1;0,1;11518560;0,4;;0,2;0,1;;0,3;0,4;0,2;11518560;0;0,2;0,2;0,2;0,3
2022-06-02 00:00:00.0;0;2,6;0;1;1,4;11518560;0,8;0,8;0,51;0,13;0;0;0;0,3;0,3;0;0;0;0,9;0;0,4;0;0,08;0;0;0;0,1;0;0,2;0,1;0,1;1,1;0;0;0;0,1;0;0;0,1;0,9;0,2;1,1;11518560;;1,6;0,2;1,3;0,9;11518560;0;0;0;0;0;0;11518560;7,6;;0;0;;0,2;0;0;11518560;0;0;0;0,8;0
2022-06-03 00:00:00.0;27,4;22,7;36,2;32;24,1;11518560;15,2;18,3;23,65;45,06;18,4;20,7;21,9;34,5;27,8;29,4;18,5;23,6;26;29,1;18;27,46;19,11;23,8;13,36;18,4;35,8;29,9;32,4;30,5;35,2;17,4;26,1;31,7;20,79;29,1;21,1;28,6;17,6;18,5;17,5;27,4;11518560;;38,2;39,5;20,6;20,3;11518560;33,7;24;23;19,9;27,3;34,8;11518560;20;;42,2;33,9;;23,5;29,6;24,1;11518560;0,3;24,8;23,5;24,9;30,6
2022-06-04 00:00:00.0;10,9;16,9;30;11,3;23,9;11518560;1,8;22,1;10,13;14,02;13,3;8,8;7,9;11,5;10,3;11,8;7,9;12,4;19,6;11;8,5;15,37;12,71;7,6;6,82;7,2;10,4;7,3;4,3;10,4;12,7;13,8;8,8;11,1;12,37;5;9,8;10,2;8;10,7;7,2;10,5;11518560;;9,8;5,3;14,5;25,6;11510561;8,8;6,5;10,8;6,8;26,9;22,5;11518560;31,4;;13,1;23,7;;9,7;13,3;8;11518560;0,1;11,2;8,5;9,2;8,8
2022-06-05 00:00:00.0;22,3;13,8;17,7;3,8;29,7;11510561;0;30,1;4,54;14,33;6,4;1,2;5,6;2,4;1,5;11,2;16,2;4,3;15,4;2;10;20,96;12,68;13;17,11;4,5;11,1;9,1;3,4;4,8;8,6;40,6;3,9;18,5;20,14;3,6;16,9;5,9;9,1;14,2;26,8;19;11510561;;7,2;10,3;21,3;13,6;11518560;7;9,3;3,2;12;6,7;21;11510561;13,8;;3,3;11,3;;7,2;4,1;17,8;11510561;0,2;11,9;4,6;1,6;12,2
2022-06-06 00:00:00.0;4;2,3;15,9;0,1;5,9;11518560;0;4,2;2,7;0,5;14,3;5,1;6,3;0;0;0,2;4,6;6,6;11,7;0;22,5;7,64;17,12;1,5;16,42;6,8;0;2,9;7,7;19,7;0,1;13,1;0;5;4,94;3,4;3,2;2,2;18,1;4,9;0;6,9;11518560;;0,1;13,1;1,5;8,6;11518560;0,3;4;0;7,6;0,1;16,9;11518560;18,1;;0;6,6;;30,5;0;5,8;11518560;0,1;6,7;12,4;0,1;0
2022-06-07 00:00:00.0;12,4;30,7;12,3;16,6;12,9;11518560;0;11;18,83;13,5;7,3;16,7;9,8;21,6;21,5;20,1;17,3;27,3;13,4;17,4;17;23,72;17,58;25,9;15,42;16,2;21,9;16,8;13,2;13,8;28,2;16,2;24,6;17,1;12,37;20,6;10,3;29,5;19,7;18,7;17,7;20,9;11518560;;17,1;18,9;17,3;22,3;11518560;20,9;6,5;24,2;9,4;15,9;20,5;11518560;12,9;;16,8;10,8;;22;8,5;8,4;11518560;0;11,8;25,3;19,5;19,4
2022-06-08 00:00:00.0;4;2,8;0,1;3,5;3,3;11518560;2,3;1,3;3,26;3,71;0,1;7,8;3;3;1;3,9;0,3;1,6;4,7;1,6;1;0,6;11,26;1,9;12,86;6,4;2,9;1;1,9;4,1;4,3;1,1;1,4;0,3;0,04;0,9;1,8;1,5;1,3;2,6;3;3,4;11518560;;3,6;4,2;4,2;0,9;11518560;3,3;1,9;1,2;2,9;1;0,9;11518560;1;;3,1;1;;3,5;0,8;1,2;11518560;0,1;0;1,7;0,7;5,6
2022-06-09 00:00:00.0;5,3;4,3;3,9;2,3;6,6;11518560;3,4;7,9;22,79;3,2;9;23,1;8,2;5,7;4,9;3,8;3,9;3,6;5,2;4,9;11,5;3,33;18,59;4,5;11,54;13,8;4,1;7,6;4,2;5,7;4,7;24,3;5,6;7,5;6,49;15,2;3,4;4,1;10,4;5,9;4,2;6,7;11518560;;3,3;6,6;4,5;6;11518560;9,4;11;8,7;10,6;12,1;5,3;11518560;5,7;;5,4;2,7;;6,7;7;8,4;11518560;0,1;3,2;4,5;4,5;6,9
2022-06-10 00:00:00.0;1,2;0,2;0;7,6;1,7;11518560;0;1,4;0,37;0;0;3,1;5,5;2,2;1,4;0,4;0,1;4,4;1,1;0,6;1,7;0,31;6,25;0,3;4,13;3,7;0,2;2,7;4,5;2,4;0,8;0,9;0,3;0;2,13;1,2;0,3;3;8,5;0,9;1,1;1,4;11518560;;3,4;4,2;1,3;0,6;11486564;3,5;4,7;1,3;3,6;0,8;0;11518560;0,3;;1,8;0;;2,1;3,8;0,1;11510561;0,1;0;2;0,6;1,4
2022-06-11 00:00:00.0;0,3;0,8;1,2;4,1;1,1;11510561;0;0,8;0,88;1,18;0,2;0,6;1,5;0,6;0,1;1,7;0,3;0,6;1,7;1,9;0,8;0,48;2,4;1,1;0,95;0,9;1,2;0,8;0,7;0,8;3,1;1,2;0,9;0,8;0,59;0,9;0,2;1;2,3;1;0,9;0,5;11518560;;3,4;1,5;0,8;0,8;11518560;2,5;0,6;3,5;0,8;3,1;0,5;11518560;0;;3,7;0,8;;1,6;1,1;0,7;11510561;0,3;0,2;1,1;1,5;2,2
2022-06-12 00:00:00.0;0,8;0,1;2,5;0,4;0;11518560;0;0;0,5;1,56;1,4;0,4;0,2;1,6;1,6;1,6;1,4;0,3;0;3;0,4;0,67;0,09;2,5;0,17;0,1;1,4;0,5;2,2;0,4;2,7;0,3;3,1;3;0,43;9,8;0,6;0,4;0,1;0;2,1;0;11518560;;0,2;3,8;0,1;2,5;11518560;0,7;0,2;3,7;0,3;6,9;2,8;11518560;5,2;;6,1;1,7;;0,5;1,3;1,5;11518560;0;1,2;0,4;1,4;0,9
2022-06-13 00:00:00.0;0;14,5;0,3;2,1;1,2;11518560;0;0,7;0,94;0,94;0,1;7,2;0,3;3,6;2,2;2,2;0,2;0,5;1,2;3,9;0,2;0,47;0,65;7,1;0,75;3,8;1,9;1,1;1,1;0,4;5,2;1,3;2,2;0,8;0,48;5,2;0;2,1;0,8;1,5;0,5;4,5;11518560;;2,5;6;2;0,9;11518560;4,9;0;10,7;0,1;7,3;3;11518560;3,4;;9,2;0,5;;1;6,1;0,5;11518560;0,3;0,2;0,9;1,3;2,4
2022-06-14 00:00:00.0;0;0,5;0;0,1;0,4;11518560;0;0,5;1,46;0;0;0;0,3;0;0;0;0;1;0;0;0;0;0;0;0;0,1;0;0;0,4;0,1;0,1;0,4;0;0;0;0,6;0;0;0;0;0;0;11518560;;0;1;0;0;11518560;0;0;0,2;0;0,6;0;11518560;0;;0,2;0;;0,2;0;0;11518560;0;0;0,1;0;0
2022-06-15 00:00:00.0;0;3,4;0;0,9;0,2;11518560;0;0,1;0;0;0;0,3;0,1;0;0;0;0,2;0;0;0;0;0;0;0;0;0,1;0;0;0;0;0;0;0;0;0;0,1;0;0;0;0;0,3;0,4;11518560;;0,6;0,1;0,2;0;11518560;0;0;0;0;0;0;11518560;0;;0;0;;0;0;0;11518560;0;0;0;0,2;0
2022-06-16 00:00:00.0;0,9;0,9;0,1;0,1;0;11518560;0,1;0;0,33;0;0,8;0;1,5;0,2;0,1;0,2;0;0,7;0;0,1;0;0,33;1,03;0;2,11;0,6;0;0,1;0;0;0;0;0,1;0;0,67;0;0,6;0;3,2;0;0,1;0;11518560;;0,3;0,1;0;0;11518560;0,9;0;0,1;0;0,6;0;11518560;0;;0,6;0;;0;0,2;0,4;11518560;0;0;0;0,2;0,6
2022-06-17 00:00:00.0;1,2;0,2;0,6;0,3;0,3;11518560;0,8;0;1,65;0,01;0;1,5;4,8;0,4;0;0;0;1,1;0,4;0,9;0;0,01;0,04;0,5;0,01;0,3;0;0;0,1;1,1;0,1;0;0,2;0,2;0,12;0;0,4;0;0,6;0;0;0;11518560;;0,1;7,2;0;0;11518560;0,3;0,1;0,7;0,5;1,1;0,3;11518560;0,7;;1,7;0,7;;0,9;0,3;0;11518560;2,1;0;0,2;0,1;0,1
2022-06-18 00:00:00.0;0,4;2,4;0;1,9;1,7;11518560;0,7;1,3;0,14;0,01;0;4,2;0,4;0;0;1,1;0;0,4;2;0;0,1;0,51;0,57;0;0,77;0,4;0,2;0,2;6,8;0,3;0,6;1,1;0;0;0,39;1;0,3;0,7;1;2;0;3,3;11518560;;1,7;5,9;0,9;0;11518560;1,3;0,1;0;0,3;0,3;0;11518560;0,8;;0;0;;0,8;0,3;0;11518560;0;0,1;0,5;0;1
2022-06-19 00:00:00.0;3,2;13,9;5,7;9,9;6,2;11518560;22,6;6,1;14,18;6,02;4,7;6;2;4,4;3,7;4,4;4,3;9,7;4,7;3,8;7,5;6,28;3,65;4,2;4,49;5,7;4,1;5,1;8,1;6,7;5,2;8,7;3,4;4,9;5,09;5,9;3,7;9,5;6,1;4,1;5;5,6;11518560;;12,6;9,6;7,6;8;11518560;5,8;1,8;4,6;2,3;13,3;6,9;11518560;5,8;;5,6;5,6;;8,9;10,8;5,8;11518560;5,2;4,8;8,8;4,3;5
2022-06-20 00:00:00.0;10,8;1,3;1;1,3;3,6;11518560;0,7;1,1;1,94;1,07;1,6;9,4;5,5;0,2;0,2;1,3;0,8;0,8;0,1;0,5;2,1;1,55;4,05;2,6;4,69;3,9;1,2;1,9;26,9;1,6;1,3;0,8;0,8;2,8;3,94;15,1;11,7;1,1;5,6;0,2;0,8;1;11518560;;0,9;15,2;0,9;1,7;11518560;2,9;2,8;1,6;2,7;1,2;5,3;11518560;1,5;;0,7;0,7;;1,3;0,1;1,9;11518560;4;4,5;0,7;0,1;1,7
2022-06-21 00:00:00.0;0,2;0,2;0,2;4,9;0,9;11518560;2,4;1;8,03;0,75;0,4;2,9;0,3;1,2;0,9;1,4;0,6;0,8;0,1;0,8;4,1;0,51;0,48;2,2;1,35;2,4;1,4;0,1;3,4;0,1;2,1;0;0,5;0,5;0,25;5,4;0,1;2;0;0;0,3;0;11518560;;6,9;1,5;2,2;0,4;11518560;0,5;0,3;1,7;0,7;1,9;1,1;11518560;0,4;;1,3;0,6;;0,7;0;0,8;11518560;0,2;0,4;1,6;0,2;0,8
2022-06-22 00:00:00.0;0;0,1;0;1,3;0;11518560;0,5;0;0,81;0;0;0,6;0,1;0;0;0;0;0,5;0;0;0;0,08;0,12;0;0,08;0,2;0;0;0,1;0,1;0,1;0;0;0;0,02;0,1;0,1;0,1;0,1;0;0,4;0,2;11518560;;2,3;3;0,8;0,2;11518560;0,3;0,2;0;0,2;0,7;0;11518560;0,9;;0,3;0;;1,5;0,8;0;11518560;0,1;0;0,6;0,5;0
2022-06-23 00:00:00.0;14,2;5,9;14;12,4;10,2;11518560;6,9;9,5;6,57;16,98;7,2;9,8;12,7;24,7;20,6;23,5;10,9;11,1;7,6;21,2;6,6;13,2;12,86;22,2;14,09;11,2;16,6;18,9;8;14,2;24,4;7,4;25,6;15,8;12,59;6,4;10,6;12,9;11,3;6,3;12,4;7,4;11518560;;12,5;10,5;11,2;18,8;11518560;19,9;13,4;25,4;13,8;30,1;19,7;11518560;31,5;;26;11,1;;16,2;15,1;14,9;11518560;11,5;9,1;13;15,5;21,9
2022-06-24 00:00:00.0;5,3;6,9;4;3,6;5,2;11518560;5,3;4,1;5,7;4,45;3,2;7,6;6,5;11,1;8,8;8,2;5,2;5,7;3,2;9,8;3,4;4,75;5,52;9;4,77;7,7;5,3;5;2,6;1,8;10,6;2,7;9,4;6;3,84;5,2;3,7;3,9;3,6;2;11,4;2,9;11518560;;4,4;6,8;3,9;11,6;11518560;5,6;5;14,1;5,2;13,2;6,6;11518560;13,7;;12,8;4;;4,6;5,5;5,7;11518560;5,2;4,5;3,4;6,4;7,5
2022-06-25 00:00:00.0;0,2;3,2;0,2;0,1;0,8;11518560;2,8;0,3;3,33;0,54;0;0;0,8;1,1;0,4;0,9;0;0;0,9;2,1;1,2;0;0,13;2,4;0,01;0;0,5;0,7;0,4;0,1;2,6;2,2;0,7;0,2;0;1,8;0;0;0;0,8;0;1,3;11518560;;0,1;0,2;0,6;0,2;11518560;2,8;0,3;5,5;0;3,4;0,6;11518560;1,4;;3,8;0;;0,2;1,2;0;11518560;0,2;0,1;0;0;3
2022-06-26 00:00:00.0;1;0,9;1,8;1,5;1,5;11518560;2,3;1,2;2,57;2,34;1,1;3,3;1,8;4,5;3,8;3,1;1,5;1,5;1,3;4,1;2,1;1,77;1,77;3,3;1,36;0,9;3,5;2,8;1,2;1,7;5,2;1,3;3;1,9;1,01;2,2;1;1,3;1,6;1,1;3,5;1,3;11518560;;1,6;4,4;1,7;3,8;11518560;3;1,7;4,9;0,8;13,1;2,4;11518560;6,8;;5,6;1,5;;1,6;4;1,7;11518560;1,1;0,8;1,1;4,8;3,3
2022-06-27 00:00:00.0;3;0,5;2,4;8,6;3,4;11518560;2,3;3,3;1,61;7,34;2,8;2,4;2,1;0,2;0,3;4,5;6,6;7,2;3,3;0;3,6;3,15;4,76;12,4;4,18;2,7;7,1;7,7;7,8;15,9;12,3;0,3;0,7;7,4;4,31;2;2;13,9;9,2;0,7;1,9;0,5;11518560;;11,2;6,8;11,4;6,5;11518560;4,8;2,2;5,2;2,3;0,2;12,5;11518560;1,1;;0;3;;16;0,3;4,1;11518560;1,9;1,2;11,5;2,5;5,8
2022-06-28 00:00:00.0;23,1;8,9;7,1;3,4;8,4;11518560;28,8;6,7;20,63;5,74;7,6;12,6;24,9;5,7;4,4;6;8,5;11,5;16,2;5,9;20,3;5,69;17,72;3,6;18,26;20,2;4,5;3,2;32,4;2,7;5,1;15;5,4;5,9;14,27;17,8;15,5;5,2;24;12,6;9,3;13,3;11518560;;3,9;25,6;5,8;18,2;11518560;3,8;12,8;3,6;11,3;20,9;5,9;11518560;5;;7,1;4,6;;3,8;6,3;6,9;11518560;9,7;7,1;3,4;5,8;3,7
2022-06-29 00:00:00.0;1;8;0;0,4;7;11518560;3,4;13,3;6,23;0;0;9;8,5;0,1;0;0;0;4,5;12,4;0;13,1;0,02;8,76;0;0,22;14;0;1,5;9,3;0,8;0;7,2;0;0;0;7,5;0,3;0,6;14,3;7;0;6,2;11518560;;0,3;15,9;3,9;0;11518560;1,4;4,7;0,3;1,1;1,4;0;11518560;0,9;;0;0;;0,8;0,6;0;11518560;0,3;0,4;0,4;0;0,5
2022-06-30 00:00:00.0;1,9;0,9;0,8;2;1,5;11518560;2,1;1,4;1,97;0;0,7;2,2;12,9;0,1;0;0,1;9,8;1,8;1,2;0;2,2;0;4,49;0;4,09;4,2;0;2,4;1,2;0,8;0;0,5;0;0,2;0,47;2,7;1,4;1,5;7,2;0,6;0;0,7;11518560;;2,5;1,1;1,4;0;11518560;0,7;4,9;0;5,2;0,7;0;11518560;0,5;;0;0;;1,5;0,6;5,1;11518560;1,8;0,8;0,7;0;0,1
2022-07-01 00:00:00.0;0,6;1,1;1,2;1,4;3,5;11518560;8,6;2,6;3,34;1,55;0,4;1,9;0,4;0,3;0,4;2,4;0,2;2,2;2,9;0,4;2,5;2,15;0,66;1;0,72;3,4;1,3;2,2;2,1;1,3;1,6;5,5;0,3;0,4;1,17;1,5;0,5;1,2;1;2,8;0,6;3,4;11518560;;1,8;4,3;3,1;0,6;11518560;2,2;0,4;0,9;0,4;2,3;0,8;11518560;0,5;;0,4;1,3;;1,6;1,1;0,7;11518560;1,2;0,8;0,6;0,4;2,8
2022-07-02 00:00:00.0;0,4;2,5;0,8;0,6;0,3;11518560;0;0,4;0;0,05;0,2;0,2;0,5;0,5;0,1;0,4;0,1;0,3;0,1;0,3;0;0,11;1,06;0,1;1,2;0,7;0,2;0,4;0;0,2;0,3;0;0,1;0;0,89;0;0,6;0,5;0,3;0;0,2;0,1;11518560;;0,5;0,3;0,2;0,1;11518560;0,6;0,5;0,4;1;4,6;0;11518560;0,8;;0,9;0;;0,6;1;0,5;11518560;0,9;0,9;0,4;0,2;0,5
2022-07-03 00:00:00.0;1,5;2,2;2,3;8,4;3,5;11518560;2,6;2,7;2,44;3,4;0,9;3;3,3;6,2;5;11,6;0,8;3;2,9;5;0,6;3,66;4,37;10;3,49;4,2;5;15;1,2;4,7;10,2;1,9;5,5;3,9;1,83;1,5;1,4;4;4,2;2,4;3,7;3,3;11518560;;12,3;3,2;2,3;4,2;11518560;18,9;2,6;13,1;3;11,4;6;11518560;6,9;;7,5;1,8;;5,3;8,4;0,9;11518560;1,3;1;3;4,2;14,9
2022-07-04 00:00:00.0;1;7,8;2,6;7,5;5,3;11518560;2;3,3;2,34;10,03;0,7;3,2;0,5;20,2;13,1;23,9;0,8;5,1;3;13,4;2,6;6,21;2,06;20,6;2,52;2,4;16,2;13,3;1,8;7,4;30,9;1,9;17,1;6,2;2,44;2,8;0,9;7,9;3;2,1;5,9;3;11518560;;9;2,3;4,8;4,8;11518560;15,9;0,7;29,5;1,5;21,2;9,8;11518560;5,1;;28,7;4,6;;8,6;8;1,6;11518560;1,4;0,6;6,1;10;22,8
2022-07-05 00:00:00.0;0;0,1;0;0,3;0,1;11518560;0,2;0,1;0,01;0,05;0;0;0,1;0,1;0;0,2;0;0,1;0;0,1;0;0,03;0,32;0;0,08;0,1;0;0,5;0;0,3;0,2;0;0,1;0;0,02;0;0;0,1;0,3;0;0;0,1;11518560;;0,2;0;0;0;11518560;0,5;0;0,2;0,1;0,1;0;11518560;0;;0,4;0,1;;0,2;0;0,1;11518560;0;0;0,1;0;0,7
2022-07-06 00:00:00.0;0;0;0,2;2,2;1,3;11518560;0;0,4;0,04;0;0;0,2;0;1,4;0,6;0,7;0;0;2,2;1,2;0;0,01;0,21;0,6;0,1;0,1;0,1;0,1;0;0;0,3;1,1;1,5;0,2;0;0;0;0;0;0,8;0,7;0,6;11518560;;2,5;0;0,9;0,2;11518560;0,6;0;1,8;0;0,9;0,2;11518560;0;;2,5;0;;0,3;0;0,1;11518560;0,1;0;0;0,2;0,1
2022-07-07 00:00:00.0;0;0;0;0;0;11518560;0;0;0;0,01;0;0,7;0;0,8;0,7;0;0;0;0;0,4;0;0,1;0;0;0;0;0;0;0;0;0;0;0,4;0;0;0;0;0;0;0;0,5;0;11518560;;0;0,1;0;0,4;11518560;0;0;0,4;0;0,9;0;11518560;1,2;;0,5;0;;0;0,1;0;11518560;0;0;0;0,6;0
2022-07-08 00:00:00.0;8,7;11,3;12,8;14,2;14,3;11518560;7,3;11,9;7,3;13,54;9,3;7,4;6,9;24,8;17,7;16,5;11,2;10,7;11,6;20,8;8,8;12,62;8,61;22,1;9,9;7;12,8;11,5;8,6;10,6;23,6;7,7;23;12,7;11,97;5,3;8,1;15,3;9,9;8,7;14,7;10,5;11518560;;17,7;9,3;12,8;18,4;11518560;14,7;6,3;29,6;5,9;35,3;14,9;11518560;29,7;;24,9;9,5;;16,2;13,4;10,3;11518560;10,9;8,3;12,4;19,6;15,8
2022-07-09 00:00:00.0;0;0,1;0;0,5;1;11518560;0,1;0,3;0;0,43;0;0;0;0,5;0,4;2,8;0;0;2,4;0,8;0;0,2;0;0,7;0;0;0,8;1,6;0;0,3;2,2;1;0,3;0;0,07;0;0;0;0,1;2,1;0,3;1,9;11518560;;1,4;0;0,2;0,7;11518560;1,7;0;1,1;0;1,2;0;11518560;0,2;;1,4;0,1;;0,1;0,2;0;11518560;0;0;0;0,4;1,8
2022-07-10 00:00:00.0;0,3;0;0,4;0,5;0,1;11518560;0;0;0;1,37;0,3;0;0;2,2;1,1;2,2;0,1;0,2;0,1;0,9;0;0,99;0,11;0,5;0,4;0;1,4;1;0;0;1,4;0;0,4;0,2;0,37;0;0;0,2;0,1;0,2;0,5;0,5;11510561;;0,2;0,1;0;0,3;11518560;1,1;0;1;0,2;1,5;0,8;11518560;3,9;;0,9;0,4;;0,2;0;0,2;11518560;0;0;0,1;0,2;1,5
2022-07-11 00:00:00.0;2;3,4;1,8;2,3;4,7;11518560;3,5;3,8;3,33;2,94;3,2;2,6;2,3;5,8;3,8;4,6;3,7;1,8;5;3,9;2,7;2,26;2,41;5,4;2,55;2,3;3,4;1,2;1,9;0,9;5,1;2,9;3,7;5,7;2,6;4,9;1,8;1,3;1,2;3,3;2,7;4,1;11510561;;1,7;2,8;2,2;6,1;11518560;2,2;2;6,6;2;14,3;5,3;11518560;17,1;;5,5;1,9;;1,5;8;4,9;11518560;1,3;1,1;1;3,9;2,9
2022-07-12 00:00:00.0;0,1;1,8;0,3;0,8;2,1;11518560;0,7;1,7;0,31;0,13;0,2;0;0;2,8;1,6;0,7;0,7;0,1;1,8;1;1;0,37;0,06;1,2;0,24;0;0,5;0,5;0,4;0;1,3;0,9;1,1;0,4;0,2;0,2;0;0,2;0;1,6;1;1,8;11518560;;1;0;1,9;1,7;11518560;0,4;0;2,4;0;2,1;0,7;11518560;0,8;;1,3;0,1;;0,2;0,8;0,8;11518560;0,2;0,3;0,1;1,5;0,5
2022-07-13 00:00:00.0;4,3;4,3;3,8;3,2;5,1;11518560;3,3;4,3;2,94;2,78;1,9;1,2;3,4;5,4;3,3;6,1;1,5;2,3;4;4,4;2,1;5,07;3,63;4;3,04;1,7;4,3;2,7;2,6;1,2;6,7;2,8;4,7;2,3;5,13;2;4,5;2,7;2,4;3,2;2,2;3,1;11518560;;5,1;1,5;3,8;4,3;11518560;5,2;4;5,1;3,5;5,2;3,1;11518560;3,4;;7,7;2,3;;1,3;3,6;1,6;11518560;2,8;2,4;1,7;5,5;6,6
2022-07-14 00:00:00.0;3,1;0,7;7,9;0,1;2,9;11518560;1,7;1,7;1,82;0,88;4,8;0,4;0;0,2;0,8;0;3,9;0;5;0,2;1,2;8,29;0,27;0,9;1,97;0,3;0,1;0;0;0;0,4;1,6;0,6;1,6;5,54;1,4;3,8;0;1;4,1;3;4,7;11518560;;0;0,2;1,2;3,5;11518560;0;0;0,4;0,5;0;2;11518560;0;;0;2,3;;0;1,5;14,2;11518560;11,3;8;0;2;0
2022-07-15 00:00:00.0;1,6;2,1;5,6;2,9;3,6;11518560;1,8;3,3;1,59;1,25;6,4;0,9;1,7;0;0,1;2,2;4,1;8,2;2,6;0;2,9;4,05;6,21;1;2,94;2,1;0,8;1,3;2,5;2,3;0,8;2;0,1;2,2;4,06;0,8;2,7;2,9;6;1,8;0,8;2,2;11518560;;3,7;2,7;5,1;3,7;11518560;1,5;2,5;0,3;3,1;0;1,5;11518560;0,7;;0;2,9;;2,7;0;6,2;11518560;7,6;3,9;1,3;0,3;1,6
2022-07-16 00:00:00.0;0,1;0;0;2;0;11518560;0,1;0;0,03;0,01;0;0,1;0;0;0;0;0;0;0;0,1;0;0,02;0,01;0;0;0,1;0,1;0,2;0;0;0;0;0;0;0;0,1;0;0;0;0;0;0;11518560;;1,7;0;0,8;0;11518560;0,3;0;0;0;0;0;11518560;0;;0;0;;0;0;0;11518560;0;0;0;0;0
2022-07-17 00:00:00.0;0,5;2,5;0,5;0,9;1,5;11518560;1,1;1,6;0,76;1,13;0,5;0,6;0,2;7,4;5,4;1,9;0,4;0,2;1;4,9;0,3;0,45;0,4;3,9;0,36;0,6;1,6;2,7;0,2;2,2;3,7;0,7;5,8;1,7;0,55;0,5;0,2;1;0,2;0,8;2,5;1,2;11518560;;1,6;0,7;2,4;1,1;11518560;3,1;0,1;7;0,1;7,8;1,6;11518560;6,1;;6,5;0,7;;1,8;6;0,4;11518560;0,3;0,3;0,7;6,7;3
2022-07-18 00:00:00.0;0;0,3;0;0,1;0;11518560;0;0;0;0,15;0;0;0,2;2,8;1,2;1,6;0;0;0;1,5;0;0,23;0,18;1,2;0,21;0;0,6;0,2;0;0;1,5;0;1,3;0;0;0;0;0;0;0;0,2;0;11518560;;0,1;0;0,1;0,4;11518560;0,5;0,1;2,7;0,1;4,7;0,2;11518560;4,9;;2,9;0;;0;1,8;0;11518560;0;0;0,1;1,4;0,8
2022-07-19 00:00:00.0;0;0;0;0,5;0;11518560;0;0;0;0,04;0;0;0;0;0,1;0;0;0;0;0,2;0;0;0;0;0;0;0;0;0;0;0;0;0,1;0;0;0;0;0;0;0;0;0;11518560;;0,5;0,1;0,6;0;11518560;0,3;0;0,3;0;0,3;0;11518560;0;;0,7;0;;0;0,3;0,2;11518560;0,2;0;0;0;0,1
2022-07-20 00:00:00.0;9,8;13,2;12,2;12,8;14,4;11518560;9,8;12,8;10,3;11,9;8,1;10,1;10,1;10,9;9,4;14,1;9,3;11,7;12,4;8,6;12,4;10,82;10,21;10,8;10,75;8,7;11;12,5;10,6;11,1;19,9;11,6;11,6;12,5;10,34;9,6;8,9;9,7;12,2;10,6;10;11,6;11518560;;14,4;11,1;16,4;12;11518560;12,9;9,1;15,8;7,4;16,6;14,3;11518560;8;;11,5;8,1;;12,4;14,2;9,9;11518560;9,9;6,8;8,4;11,1;11,6
2022-07-21 00:00:00.0;0;1,6;0;0;0,4;11518560;0;0;0;0;0;0;0;0;0;0;0;0;0;0,4;0;0;0;0;0;0;0;0;0;0;0;0;0,1;0;0;0;0;0;0;0;0;0;11518560;;0;0;0;0;11518560;0,1;0;0,7;0;0,4;0,2;11518560;0,2;;1,2;0,2;;0;0,5;0;11518560;0;0;0;0;0
2022-07-22 00:00:00.0;0,2;0;0;0;0,3;11518560;2,4;0;0,1;0,01;0;0;0;5,7;3,1;0,1;0;0,4;2,2;0,9;0;0,48;0,27;0,3;0,12;0;0;0,3;0;0;0,3;1;0,5;0;0,45;0;0,2;0;0,2;1,4;0,9;0,7;11518560;;0;0;0,4;0;11518560;0,7;0;1,4;0;3,9;0;11518560;5,2;;2;0;;0;0,6;0;11518560;0,1;0;0;2;0,5
2022-07-23 00:00:00.0;0,5;0,1;3,6;0,3;0,8;11518560;0,4;0,5;2,69;1,56;1,8;0,6;0,1;1,8;1,7;2;1,6;0,2;2,6;2,2;0,1;1,04;0,45;2,2;0,32;0,4;2;0,8;0,2;0,3;2,5;0,5;1,8;3,3;0,53;1,7;1;0,2;0,4;1;2,5;1,6;11518560;;0,3;0,6;1,1;1,9;11518560;1;0,1;3;0,1;4,5;4,7;11518560;7,9;;2;2,2;;0,3;3,5;3,1;11518560;2,8;1,9;0,1;3,4;1,8
2022-07-24 00:00:00.0;1,3;1,1;1,9;3,6;2,6;11518560;2,1;2,3;1,65;1,57;1,9;1,2;1;4,3;2,1;2,2;2,1;3,2;1,4;2,5;2,8;1,8;1,71;1,7;1,84;1,6;1,3;1,9;1,7;1,6;2,1;1,3;2,2;1,7;2,26;1,7;1;2,7;2,3;1,2;3,6;1,9;11518560;;3,3;2;5;8;11518560;2,9;0,6;2,8;0,8;10,1;1,6;11518560;5,7;;4,1;1,6;;2,7;6;2,1;11518560;1,9;1,4;1,8;2,8;1,9
2022-07-25 00:00:00.0;0;1,3;0;0;1,1;11518560;0,5;0,2;0,43;0,18;0;0,3;1,4;1,2;0,7;0;0,1;1,3;1,5;1,2;0,2;0;0,01;0,3;0;0,2;0,1;0;0,3;0;0,6;1,9;0,4;0;0;0,3;0,1;0,1;0;1,2;0,2;0,5;11518560;;0;0,8;0;0,6;11518560;0,2;1,1;1,2;0;2,8;0;11518560;0,3;;2,4;0;;0;0,3;0,1;11518560;0;0;0,5;0,6;0,1
2022-07-26 00:00:00.0;0,5;8;0,3;1,6;3,6;11502562;1,8;1,4;9,75;1,13;0,4;2,1;6,7;0,2;0,4;1,6;0,9;5,5;1,6;0,1;3,1;0,57;2,06;1,9;1,4;1,3;1,3;4,7;4;12,3;2,6;1,2;0,4;1;0,85;8,1;0,1;5;7,1;0,4;0,4;0,9;11494563;;1,2;6,5;0;0,9;11502562;2,9;0,7;2;0,7;3,4;1,1;11494563;0,1;;0,1;0,5;;19,7;1,3;0,6;11518560;1,1;0,4;4,9;1;0,9
2022-07-27 00:00:00.0;6,3;4;12,3;7,3;13,3;11510561;10,6;12,4;10,41;10,44;9,3;4,7;5,7;12,6;10,5;10,5;11,5;14,2;10,2;9,6;18,4;9,13;8,1;23,7;7,59;6,2;10,3;6,8;10;18,4;27,6;10,9;10,7;18,1;7,49;10,5;4,9;5;15,6;10,7;18,2;7,9;11518560;;7,2;6,2;6,8;15,4;11518560;6,7;5,2;19,8;4,1;17,9;17,6;11518560;14,6;;12,5;9,4;;6,8;17,9;9,8;11494563;7;5;4,6;15,3;9,7
2022-07-28 00:00:00.0;0;1,1;0,2;0,2;0,2;11518560;0,2;0,2;0,39;0;0;0,8;0;0;0;0;0;0;0;0,1;0,1;0;0,03;0,6;0,07;0,1;0;0;0,8;0;0;0,5;0;0;0,04;1,3;0;0;0;0;0;0,5;11518560;;0,3;0;0,5;0,1;11518560;0,1;0;0,2;0;0,1;0,1;11518560;0,1;;0,3;0;;0;0,1;0,1;11518560;0;0,2;0;0;0,1
2022-07-29 00:00:00.0;0;1;0;0,9;0,3;11518560;0,4;0,3;0,05;0;0;0;0,2;0;0;0;0;0,5;0,7;0;0,1;0,24;0,15;0;0,17;0,1;0;0,2;0;0,9;0,1;0,8;0;0;0,27;0,4;0;1,8;0,7;1,1;0;1,9;11518560;;0,8;0,1;0,3;0;11518560;0,2;0,1;0;0,4;0,1;0;11518560;0,1;;0;0;;1;0;0;11518560;0;0;0,9;0;0
2022-07-30 00:00:00.0;2,9;1,3;1,7;2,5;2,2;11518560;1;2;0,67;2,39;1;3,4;5,3;3,1;2,3;3,2;1;1,5;2;2;1,2;1,8;11,36;2,9;8,75;3,2;2,1;2,6;1;1,7;3,7;1,6;2,6;1,9;5,76;0,6;2,8;2,1;12;1,6;2,3;2,2;11518560;;3,4;0,5;2,5;1,3;11518560;2,7;4,6;2,9;4,3;10,4;2,3;11518560;5,7;;3;1,7;;2,4;3,7;1,1;11518560;1,2;2,4;1,6;2,9;2,8
2022-07-31 00:00:00.0;3,8;1,5;5,1;3,9;1,9;11518560;1,9;1,9;2,04;4,29;3,7;2,8;2,8;4,9;4,8;5,3;4,5;4;2;5,4;1,9;4,14;4,18;6;4,68;3,5;3,6;5,2;2,7;4,8;6,7;1,6;5,8;6;5,03;2;2,6;5,7;5,5;1,7;6,9;1,8;11518560;;4,1;2,4;3,2;8;11518560;5,6;3,1;6,9;2,5;9,3;4,5;11518560;7,1;;6,2;3,4;;6;6,8;5,7;11518560;4,4;3,3;4,5;5,6;4,6
2022-08-01 00:00:00.0;2,2;0,6;0;0,2;0,1;11518560;0;0,1;0;0,03;0,1;3,6;9,4;0,2;0,2;0,2;0;0,2;0,4;2,3;0;0,8;7,57;1,1;4,13;2,9;0;0,1;0,1;1,2;0,1;0,1;1;0,6;4,65;0;0,5;0,4;0,9;0,3;1;0,7;11518560;;0,4;3,9;0,3;0,3;11518560;0,3;5,2;1,2;4;6,1;0,9;11518560;1,5;;2,5;0;;1,6;4,3;0,1;11518560;0;0;0,3;1,1;0,3
2022-08-02 00:00:00.0;2,8;1,4;2,3;0,8;1,8;11518560;0,5;0,9;0,83;3,16;0,9;2;1,8;6,8;3,1;1,9;1,8;0,3;0,6;4,3;0,5;1,04;1,81;3,8;2,86;2,4;3,7;0,8;0,2;0,2;6,6;0,4;3,2;1,1;2,43;0,9;2,8;0,6;0,4;0,5;2,5;1,9;11518560;;0,4;1,5;1,2;6,1;11518560;2;1,6;7,5;1,8;13,3;1,4;11518560;1,2;;8,6;2,3;;0,9;4,2;2,4;11518560;2,2;1,9;0,4;2,2;1,5
2022-08-03 00:00:00.0;0;0;0;0;0;11518560;0;0;0;0;0;0;0;0;0;0;0;0;0;0;0;0;0;0;0;0;0;0;0;0;0;0;0;0;0;0;0;0;0;0;0;0;11518560;;0;0;0;0,2;11518560;0,2;0;0,1;0;0,5;0;11518560;0,1;;0,2;0;;0;0,5;0;11518560;0;0;0;0;0
2022-08-04 00:00:00.0;0;0;0;0;0;11518560;0;0;0;0,01;0;0,3;0,1;0,2;0;0,4;0;0;0,1;0,7;0;0,07;0,58;0,4;0;0;0,1;0;0;0,6;0,5;0;0,5;0;0;0;0;0;1,3;0,4;0;0,8;11518560;;0,4;0;0;0;11518560;0,1;0,6;0,5;0,3;2;0;11518560;0,7;;1,5;0;;0,2;1;0;11518560;0;0;0;0;0,7
2022-08-05 00:00:00.0;2,8;3,2;6,9;4,1;4,9;11518560;4,4;4,4;3,8;6,44;5,2;1,7;1,2;4,9;4,9;9,3;5;2,3;5;4,7;3,6;4,95;1,65;7,2;2,35;1,6;7,1;4;2,8;2,4;9,2;3,9;4,9;6,8;4,03;1,9;2,4;3,4;2,7;4,4;5,4;5,4;11518560;;5;2,1;4,7;6,3;11518560;4,8;1,3;6,6;1,2;12,1;7;11518560;5,3;;4,9;4,9;;3,6;7,5;5,9;11518560;4,4;3,8;2,6;8;6
2022-08-06 00:00:00.0;7,8;16,1;7;11,6;14,9;11518560;13,4;13,7;11,33;6,99;4,1;13,4;12,9;6,5;3,9;8,5;5,5;9,5;14,5;6,3;11,4;8,23;12,93;6,6;11,1;8,6;7,4;7,1;11;8,8;10,8;12,9;5,1;5,3;8,97;9,8;6,4;10,6;9,7;11,6;4,3;15,6;11518560;;10,4;10,1;12,9;9,1;11518560;8,6;12,1;7,9;8,9;13,8;6,5;11518560;6,6;;9,9;5,4;;10,9;7;6,7;11518560;5,9;5;10,1;6;7,7
2022-08-07 00:00:00.0;0;0,1;0;0;0;11518560;0;0;0;0,01;0;0;0;0;0;0,1;0;0;0;0;0;0;0;0,2;0;0;0;0;0;0;0,2;0;0;0;0;0;0;0;0;0;0;0,2;11518560;;0;0;0;0;11518560;0,1;0;0,2;0;0,3;0;11518560;0,1;;0;0;;0;0;0;11518560;0;0;0;0;0
2022-08-08 00:00:00.0;0;0,2;0;0;0;11518560;0;0;0;0,01;0;0;0;0;0;0;0;0;0;0;0;0;0,01;0;0,01;0;0;0;0;0;0;0;0;0;0;0;0;0;0;0;0;0;11518560;;0;0;0;0;11518560;0;0;0;0;0;0;11518560;0;;0;0;;0;0;0;11518560;0;0;0;0;0
2022-08-09 00:00:00.0;1,1;1,1;1,2;2,7;2,6;11518560;0,4;2,2;0,58;1,22;0,3;0,9;0,5;2,3;1,2;2,6;0,2;2,4;2;1,1;1,2;1,02;0,85;2,4;0,67;1,3;1,7;2,4;0,9;2,6;2,8;0,7;1,6;0,8;0,92;0,4;1,1;2,7;1,2;1,9;1,4;2,7;11518560;;2,9;1,3;2,4;0,8;11518560;3;0,4;2,8;1,1;4,4;1;11518560;2,5;;2,1;0,8;;3;2,3;0,4;11518560;0,8;0,7;1,7;1,1;2,8
2022-08-10 00:00:00.0;3,7;4,9;5,2;5,1;4,9;11518560;1,4;3,7;0,83;11,88;3,3;3,9;2,1;13,7;8,4;17,1;2,4;4,5;3,3;11,5;1;6,89;4,09;14,9;3,77;5,3;17,3;15,3;1,9;8,5;25,7;2,9;9,1;8,2;5;0,8;3,2;6,5;6,3;2,4;5,5;2,8;11518560;;5,9;3,3;4,2;5,9;11518560;20,6;2,8;20,4;2,5;15,9;10;11518560;5,2;;22,6;6,9;;8;2,9;3,4;11518560;3,5;3,6;6,3;6,7;17,7
2022-08-11 00:00:00.0;0,2;0;0,7;0,3;0,1;11518560;0,1;0;0,08;1,97;0,3;0;0,1;4,1;2,1;2,8;0,2;0;0;3,2;0,3;0,76;0,24;4,7;0,53;0;3,1;0,4;0,1;0,3;5,9;0;2,8;1,6;0,52;0,1;0;0,5;0,2;0;1,3;0,1;11518560;;0,6;0;0;1,5;11518560;1,7;0,1;7,2;0,2;5,5;2,7;11518560;1,3;;7,4;0,7;;0,3;1,6;0,3;11518560;0,4;0,3;0,1;1,9;2,1
2022-08-12 00:00:00.0;1,3;0;1;2;0,3;11518560;5,9;0,2;6,17;1,09;0,8;4;1,5;1,5;1;1,2;1;3;0,1;1,6;8,5;1,5;1,56;1;0,72;4,2;0,9;1,2;1,8;0,8;1,3;5,4;2,2;0,8;3,29;8,4;1,4;1,3;2;1,1;1,3;0,6;11518560;;1,9;2;1,1;1,2;11518560;1,5;1,5;1,7;1,7;1,8;0,7;11518560;1,9;;1,6;0,9;;1,5;1,1;1,2;11518560;1;0,7;1,4;1,3;1,3
2022-08-13 00:00:00.0;6,3;6,8;9,8;9;10,7;11518560;20,7;11,7;20,46;11,87;8,4;13,9;5,8;4,6;3,7;8,7;8;9,9;13,3;3,8;9,3;8,35;7,62;6,2;9,44;5,9;7,8;6,4;12,9;6,9;8,2;10,4;4,1;9,7;11,48;11,9;7,1;9,5;13,3;6,7;4,7;8,8;11518560;;8,7;11,9;7,6;5,7;11518560;6,1;5,4;6,4;4,7;7,7;8,9;11518560;8,8;;5,2;9,3;;12,8;6,9;11,1;11518560;8,3;7,1;11,4;5,1;6,6
2022-08-14 00:00:00.0;0,1;4;0,2;3,7;3,4;11518560;1,2;3;1,3;0,27;0,1;2,1;0,8;0,1;0;0,6;0;1,4;2,9;0;2,7;0,28;1,57;0,4;1,34;3,7;0,2;0,3;2,5;0,4;0,3;1,8;0;0,1;0,55;0,9;0,2;2;1,3;2,1;0;3,4;11518560;;3,7;1,7;4;0,4;11518560;0,9;0,2;0,5;0,3;1,4;0,6;11518560;0,9;;0,5;0,2;;1,9;0,7;0,2;11518560;0,1;0,1;1,7;0;0,7
2022-08-15 00:00:00.0;0,4;0,9;0,5;0,3;1,6;11518560;0;0,3;0,04;1,88;0,1;0,6;0;3,7;2;1,7;0;0,3;0;2,9;0;0,84;0;3,9;0,06;0,3;2,2;1,1;0,2;0,8;4,5;0;2,3;0,6;0,54;0,2;0,1;0,2;0,3;0;1,3;0,1;11518560;;0,7;0,1;1;2;11518560;2,6;0,1;4,6;0,2;7,8;1,1;11518560;1,2;;6,1;1;;0,6;3,1;0,2;11518560;0,2;0,1;0,4;2,7;1,3
2022-08-16 00:00:00.0;3,6;1,9;15;2,2;1,9;11518560;4,2;1,8;6,3;1,47;2,5;2,8;2,9;0,2;0,2;0,7;3,9;6,7;2,3;0,2;2,3;3,94;1,9;2,7;1,76;6,9;0,9;0,5;20,8;0,7;1,5;1,5;0,2;20;2,54;2,6;3,9;0,9;2,2;1,8;0,7;2,4;11518560;;2,7;5,7;1,7;3,3;11518560;0,5;1,7;0,4;1,7;1;15,1;11518560;1,3;;0,2;6,7;;0,9;0,3;2,6;11518560;12,9;6,5;0,9;0,4;0,7
2022-08-17 00:00:00.0;0;0;0;0;0;11518560;0;0;0,02;0;0,2;0;0;0;0;0,1;0,3;0;0;0;0;0;0;0;0;0;0;0;0;0;0;0;0;0,3;0;0;0;0;0;0;0;0;11518560;;0;0;0;0;11518560;0;0;0;0;0,1;0;11518560;0;;0;0;;0;0;0;11518560;0;0;0;0;0
2022-08-18 00:00:00.0;0;0;0;0;0;11518560;0;0;0;0;0;0;0;0,2;0,2;0;0;0;0;0;0;0;0;0;0;0;0;0;0;0;0;0;0,2;0;0;0;0;0;0;0;0;0;11518560;;0;0;0;0;11518560;0;0;0;0;0;0;11518560;0;;0;0;;0;0;0;11518560;0;0;0;0;0
2022-08-19 00:00:00.0;0,3;0,8;1,6;2,3;1,4;11518560;1,2;1,3;0,6;1,93;1,8;0,1;0;3,4;2,5;2;1,7;1,9;1,2;3,1;1,1;1,22;0,16;2,1;0,41;0,5;1,4;1,6;1,3;1,7;3,4;0,9;2,6;2,7;0,98;0,4;0,4;1,6;0,7;1,2;3,5;1,3;11518560;;1,9;1;1,7;4;11518560;1,6;0;3,3;0;8,2;1,8;11518560;12,9;;4,4;1,3;;2,4;5,4;1,9;11518560;1;1;1,9;3,4;2,5
2022-08-20 00:00:00.0;1,7;8,3;3,8;4,7;4,6;11518560;5,6;3,7;4,61;3,81;3,1;2,8;4,1;6,1;4,5;6,2;2,9;5,6;5,2;6,4;3,8;3,33;2,95;5,5;2,94;3,2;3,8;4;3,4;3,8;7,1;6,7;5,1;5;3,11;2,7;1,5;4,2;3,8;5;5,4;6,6;11518560;;4,9;3,2;3,3;6,4;11518560;4,3;3,9;8,1;2,4;11;3,6;11518560;7;;9,2;3;;4,1;4,9;2,9;11518560;2,7;1,8;3,4;4,7;5,3
2022-08-21 00:00:00.0;0,1;0,1;0;0;0;11518560;0;0;0;0;0;0;0;0;0;0,1;0;0;0;0;0;0;0;0;0;0;0,1;0;0;0;0;0;0;0;0;0;0;0;0;0;0;0;11518560;;0;0;0;0;11518560;0;0;0;0;0,5;0;11518560;0;;0;0;;0;0,1;0;11518560;0;0;0;0;0
2022-08-22 00:00:00.0;0;0;0;0;0;11518560;0;0;0;0;0;0;0;0;0;0;0;0;0;0,2;0;0;0;0;0;0;0;0;0;0;0;0;0;0;0;0;0;0;0;0;0;0;11518560;;0;0;0;0;11518560;0;0;0;0;0,1;0;11518560;0,1;;0;0;;0;0;0;11518560;0;0;0;0;0
2022-08-23 00:00:00.0;0;0;0;0;0;11518560;0;0;0;0,4;0;0;0;2;1,1;0;0;0;0;0,6;0;0,38;0;0,1;0;0;0,2;;0;0;0,2;0;0,5;0;0;0;0;0;0;0;0,4;0;11518560;;0;0;0;0,5;11518560;0;0;0,7;0;4,3;0;11518560;1;;2,2;0;;0;1,8;0;11518560;0;0;0;0,9;0
2022-08-24 00:00:00.0;0;0;0;0;0;11518560;0;0;0;0;0;0;0;0;0;0;0;0;0;0;0;0;0;0;0;0;0;;0;0;0;0;0;0;0;0;0;0;0;0;0;0;11518560;;0;0;0;0;11518560;0;0;0;0;0;0;11518560;0;;0;0;;0;0;0;11518560;0;0;0;0;0
2022-08-25 00:00:00.0;0;0;0;0;0;11518560;0;0;0;0;0;0;0;0;0;0;0;0,2;0;0;0;0;0;0;0;0;0;;0;0;0;0;0;0;0;0;0;0;0;0;0;0;11518560;;0;0;0;0;11518560;0;0;0;0;0;0;11518560;0;;0;0;;0;0;0;11518560;0;0;0;0;0
2022-08-26 00:00:00.0;0;1,1;0;0;0,1;11518560;14,5;0,1;11,34;0,01;0;1,4;0;0;0;0;0;0,4;0,1;0;0,2;0;0;0;0;2,6;0;;0;0,1;0;0,8;0;0,2;0,01;4,4;0;0;0;0,3;0;0,7;11518560;;0;3,4;0;0;11518560;0;0;0,1;0;0;0;11518560;0;;0;0;;0;0,1;0;11518560;0;0;0;0;0
2022-08-27 00:00:00.0;0;0,1;0;0;0,1;11518560;0;0;0;0;0;0;0;0;0;0;0;0;0,2;0;0;0;0;0;0;0;0;;0;0;0;0,2;0;0;0;0;0;0;0;0,2;0;0,3;11518560;;0;0;0;0;11518560;0;0;0;0;0;0;11518560;0;;0;0;;0;0;0;11518560;0;0;0;0;0
2022-08-28 00:00:00.0;0;0,4;0,1;0,1;0,1;11518560;0,5;0;0;0;0,1;0;0;0,1;0;0;0,2;0,2;0;0;0;0,25;0,35;0;0,95;0,2;0;;0,1;0;0;0,1;0;0;0,73;0,1;0,1;0;0,6;0;0;0;11518560;;0,1;0,1;0,1;0,2;11518560;0;0;0;0;0,2;0;11518560;0;;0;0;;0;0;0,2;11518560;0,2;0,2;0,1;0;0
2022-08-29 00:00:00.0;0,6;0,6;0,4;0,2;0,3;11518560;2,6;0;0;0,15;0,2;1,1;0,5;0,2;0;0,3;0,2;1,4;0,5;0;0,1;0,1;1,14;0;0,62;1;0;;0,7;0,5;0,3;1,1;0;0;0,69;0,9;0,7;0,6;1,4;0,2;0,3;0,6;11518560;;0,2;0,7;0;0,9;11518560;0,6;0;0,4;0,3;2,7;0;11518560;3,8;;0,6;0;;1,5;3,4;0,4;11518560;0,6;0,4;0,4;0,2;0,4
2022-08-30 00:00:00.0;0;0;0;0;0;11518560;0;0;0,13;0;0;0;0;0;0;0;0;0;0;0;0;0;0;0;0;0;0;;0;0;0;0;0;0;0;0;0;0;0;0;0;0;11518560;;0;0,1;0;0;11518560;0;0;0;0;0;0;11518560;0,1;;0;0;;0;0,1;0;11518560;0;0;0;0;0
2022-08-31 00:00:00.0;3,4;10,3;1,9;3,2;4,9;11518560;2,6;4,1;1,49;3,48;0,2;0,3;2,9;0,1;0,5;3,6;0,5;5;8,6;0,2;5,6;4,11;0,94;1,1;3,14;1,3;1,1;;10;8,6;0,3;9,1;0,2;0,4;2,7;4,1;1,9;6;2,9;8,1;0,3;5,5;11518560;;3,7;0,7;9,4;0,5;11518560;3,6;3,4;0,8;1,7;0,1;1,3;11518560;0,1;;0,9;2,2;;10,7;0;0,6;11518560;1,4;0,6;9,1;0;7,1
2022-09-01 00:00:00.0;8,3;9,6;9,9;6,8;4,4;11518560;5,5;6,4;14,51;11,69;8,3;0,5;2;4;3;6,3;6,6;20,2;8,6;3,9;4,7;14,44;2,55;4,3;7,1;2,9;5,4;;5,3;19,2;5,3;6,4;3,1;9,6;11,35;4,3;7,8;12;11,5;0,8;2,2;1,1;11518560;;9,9;3,7;10,6;6,2;11518560;7,1;0,8;5;1,8;5,2;9,6;11518560;3,6;;3,3;8,7;;19,4;3,4;6,8;11518560;9,1;8,2;12,6;3,3;12,5
2022-09-02 00:00:00.0;4,2;2,2;2,5;1,1;2,6;11518560;2,6;2,3;29,03;3,89;2,1;9,4;5,5;4,9;4,7;5;2,6;0,7;2;4,1;1,5;5,85;3,12;2,8;9,47;13;4,4;;3;0,7;4,7;1,6;4,3;2,4;3,7;1,9;3,3;0,7;0,9;2;3,2;1,7;11518560;;1,4;14;3,4;3,6;11518560;3,6;5,2;3,6;8,5;6,7;3,3;11518560;9,2;;4,1;2,6;;0,8;6,4;2,8;11518560;5,1;4;0,6;4,9;4
2022-09-03 00:00:00.0;6,1;6,7;5,4;9,2;8,6;11518560;7,2;8,2;11,84;7,27;4,4;7,6;5,8;11,8;9,8;14,1;5,5;7,1;9,9;12,7;7,2;5,71;8,8;10,7;9,78;5,9;12,8;;5,7;7,8;16,3;6,9;8,9;6,9;7,34;5,8;4,3;10,1;7,1;6,7;7,1;7,3;11518560;;10,9;6,6;9,6;9,7;11518560;13,8;6;14,9;5,7;18,8;6,8;11518560;14,1;;16;4,5;;12,1;9,3;7,6;11518560;6,1;6,2;10,4;7,3;13,8
2022-09-04 00:00:00.0;0;0;0;3;0,9;11518560;0,1;0,1;1,31;0,31;0;0;0;1,5;0,9;2,9;0;0;0,1;1;0,1;0,02;0,01;2,5;0;0,1;3,2;;0;0,1;5,9;0;1;0,5;0;0;0;0,7;0,3;0,1;0,1;0,3;11518560;;2,8;0,2;0,8;0,4;11518560;5;0;4,7;0;3;0,3;11518560;0;;4,5;0;;1;0,3;0,1;11518560;0;0;0,8;0,2;4,4
2022-09-05 00:00:00.0;0;0;0;0,5;0,1;11518560;0;0;0,02;0,72;0;0;0;1,7;1,5;0,5;0;0;0;2,7;0;0,05;0;1,8;0,11;0;0,3;;0;0;1,2;0;1,3;1;0,07;0;0;0,1;0;0;0,8;0;11518560;;0,1;0;0;1,1;11518560;0,4;0;2,4;0;1,7;0,4;11518560;0,1;;4,4;0,5;;0,1;0,8;0,2;11518560;0;0;0,1;0,4;0,6
2022-09-06 00:00:00.0;0;0,2;0;0,8;0,5;11518560;0,9;0,4;1,26;0,27;0;0;0;0,6;0,4;0,9;0;0;0;0,8;0;0,02;0;1,7;0,03;0;0,6;;0;0,3;1,6;0;0,5;0,3;0;0;0;0,4;0;0;0,4;0;11518560;;0,6;0;0,2;0,5;11518560;0,9;0;2,4;0;2,2;0,5;11518560;1,5;;1,8;0,1;;0,4;3,6;0;11518560;0;0;0,3;0,7;0,7
2022-09-07 00:00:00.0;0;0;0;0;0;11518560;0;0;0;0;0;0;0;0,1;0;0;0;0;0;0;0;0;0;0;0;0;0;;0;0;0;0;0;0;0;0;0;0;0;0;0;0;11518560;;0;0;0;0;11518560;0;0;0;0;1;0;11518560;0,2;0,2;0;0;;0;0,1;0;11518560;0;0;0;0;0
2022-09-08 00:00:00.0;0;0;0;0;0;11518560;0;0;0;0;0;0;0;0;0;0;0;0;0;0;0;0;0;0,2;0;0;0;;0;0;0;0;0;0;1,85;0;0;0;0;0;0;0;11518560;;0;0;0;0;11518560;0;0;0;0;0;0;11518560;0;0;0,2;0;;0;0;0;11518560;0;0;0;0;0
2022-09-09 00:00:00.0;0;0;0;0,2;0;11518560;0;0;2,87;0;0;0;0;0;0;0;0;0;0;0;0;0;0;0;0;0;0;;0;0;0;0;0;0;0;0;0;0;0;0;0;0;11518560;;0,8;0;0,1;0;11518560;0;0;0;0;0,6;0;11518560;0,7;0;0;0;;0;2;0;11518560;0;0;0;0;0
2022-09-10 00:00:00.0;0;7,1;0,1;1,8;0,3;11518560;0;0,1;0,01;0,5;0;0;0;6,6;5,7;4,4;0;0,2;0;4,6;0;0;0;6,6;0;0;4,4;;0,1;0,9;9,9;0;4,2;1,1;0;0;0;1,5;0;0,1;1,3;0,6;11518560;;2,6;0,2;0,3;1,1;11518560;4,5;0;11,4;0;10,9;1,9;11518560;3,9;5,2;9;0,4;;2,2;5,4;0,1;11518560;0,1;0;1,3;3,1;3,3
2022-09-11 00:00:00.0;0,5;0,5;0,6;0,2;0,2;11518560;0,2;0,3;0,41;0,06;0;0,1;0,6;0;0;2,4;0;0;0,1;0,3;0,7;0,93;0,73;0,9;0,5;0,1;1,3;;0;0,2;2,1;0,1;0,2;0,2;0,52;0;0,2;0;0,8;0;0;0,1;11518560;;0,3;0;1,1;0,1;11518560;0,9;0,6;0,8;0,6;0,2;0,5;11518560;0,4;0,2;0,6;0,9;;0;0;0,1;11518560;0,5;0,5;0;0;1,8
2022-09-12 00:00:00.0;11;4,4;4,4;17,6;2,1;11518560;2,5;7,8;1,73;0,41;2,1;3,1;1,3;0,3;1,5;8;1,8;20,6;5;0,8;7,7;6,53;1,88;17,2;3,72;2,6;7,4;;3;12,2;14,3;6;1,6;7;3,08;2,8;2,6;13,6;6;5,5;1;2,3;11518560;;16,8;4,8;4,3;1,8;11518560;1,6;3,5;2,1;0,8;0,1;16;11518560;0;0,3;0,3;10,2;;12,8;0,1;1,3;11518560;2,1;1,9;15,3;0,8;14
2022-09-13 00:00:00.0;0,2;0,2;0,9;2,1;0,7;11518560;0,1;0,3;0,04;0,22;0,5;5,5;0,6;0,1;0;2,9;0,5;1,7;0,6;0;0,2;1,12;0,11;0,7;0,1;4,8;1,2;;0,3;2,9;1,5;0,8;0;0,7;0,24;0;0,4;5,9;1,4;0,5;0,1;2,4;11518560;;2,4;2,2;1,1;0,1;11518560;5,8;0,1;2,3;0;1,1;0,7;11518560;0,9;2,2;0,4;0,9;;5,7;4,4;1;11518560;0,8;0,5;6,1;0;3,4
2022-09-14 00:00:00.0;0;0;0;0,3;0,2;11518560;0,3;0,2;0,76;0;0;0;0;0;0,1;0;0;0;0;0;0,1;0;0;0;0;0;0;;0;0;0,1;0;0;0;0;0;0;0;0;0,2;0;0,1;11518560;;0,5;0;0,2;0;11518560;0;0;0;0;0,9;0;11518560;0,1;0,1;0;0;;0;0;0;11518560;0;0;0;0;0,1
2022-09-15 00:00:00.0;0,3;0,2;0,1;1,2;0,3;11518560;0,1;0,4;0,01;0,31;0;1,2;1,1;0,2;0,1;1,8;0;2,4;0,3;0,7;0,1;0,32;1;0,7;0,54;1,6;0,9;;0,2;2,9;1,8;0,2;0,5;0,1;0,7;0;0,4;3,6;2,1;0,4;0;0,5;11518560;;0,7;0,9;0,5;0;11518560;1,3;0,7;1,5;0,6;0,6;0,3;11518560;0,9;2,2;0,8;0,3;;5,3;0,1;0;11518560;0,1;0,3;4,2;0;1,5
2022-09-16 00:00:00.0;0,8;0,3;0,1;1,4;2,1;11518560;0,5;1,3;0,47;0,04;0,2;1,4;0,3;2;1,4;1;0,2;0,3;0,3;1,4;0,3;0,12;0,59;0,5;0,65;0,5;0,7;;1,2;0,3;1;0,1;0,8;0,5;0,08;0,8;0,2;1,1;0,6;0,3;0,7;0,5;11518560;;1;2,2;1,4;0,5;11518560;0,4;0,2;1,2;0,3;5;0,4;11518560;1;0,7;2,8;0,1;;1;1,6;0,4;11518560;0,1;0;0,7;0,9;0,3
2022-09-17 00:00:00.0;0,7;0,2;0;0;0;11518560;1,5;0;1,95;0;0;3,4;0;0;0;0;0;0,1;0;0;0,3;0,06;0,06;0;0;0,6;0;;0;0;0;0;0;0;0,19;3,9;0,2;0;0;0;0;0;11518560;;0;1,6;0;0;11518560;0;0;0;0;0;0;11518560;0;0;0;0;;0,1;0;0;11518560;0,3;0,1;0;0;0
2022-09-18 00:00:00.0;0;0;0;0;0,1;11518560;0,7;0;0,53;0;0;0,5;0,3;0;0;0;0;0;0,4;0,1;0,3;0;0;0;0;0;0;;0;0;0;0,4;0,2;0;0;0,1;0;0;0;1,2;0;2,5;11518560;;0;0,1;0;0;11518560;0,1;0;0;0;0,1;0;11518560;0,5;0,5;0,1;0;;0,1;0;0;11518560;0;0;0;0;0
2022-09-19 00:00:00.0;11,9;6,6;13,8;10,5;8,6;11518560;5,2;10,5;5,76;0,44;9,7;10,7;8,3;16;17,1;14,2;12;14,6;4,9;15;14,4;12,9;9,73;12,6;10,27;10;13;;15,1;10,5;17,4;4,1;16,8;16,1;11,77;8;10,6;10,2;11;4,1;15,3;4,5;11518560;;11,1;11,3;10,1;17;11518560;13,6;8,9;17,1;10,2;22,1;16;11518560;15,6;13,4;16,2;11,8;;12,1;17,6;13,7;11518560;10,6;10,1;8,6;15,3;13,8
2022-09-20 00:00:00.0;3,5;2,3;0,6;0,6;0,8;11518560;5,5;0,7;2,19;0,07;0,5;4,2;4;0,5;0,5;0,5;0,6;16,1;0,9;0,4;2,3;3,98;5,83;0,4;12,77;5;0,6;;8,2;0,9;0,7;1,2;0,6;0,7;3,18;10,7;1,7;1;17,2;1,1;0,4;0,8;11518560;;0,9;15;1,1;0,6;11518560;0,5;5,1;0,6;4,5;0,3;0,6;11518560;0;0,4;0,5;0,5;;0,7;0,3;0,6;11518560;0,5;0,4;0,7;0,4;0,6
2022-09-21 00:00:00.0;0;0;0,2;0;0;11518560;0;0;0,01;0;0;1,7;0;0;0,2;0,6;0;2,1;0;0;1,3;0;0,04;0,1;0,11;0,5;0,3;;0,3;0,3;0,2;0;0;0;4,31;0,1;0;2,4;0,6;0;0;0;11518560;;0;3,3;0,1;0;11518560;3,3;0;0;0;0;0;11518560;0;0;0;0,4;;1,9;0;0,3;11518560;0,3;0;3;0;0,7
2022-09-22 00:00:00.0;5,9;12,3;5;6,7;7,9;11518560;7,4;6,4;4,01;0,24;1,1;12;3,4;1,7;1,6;3,1;2,5;5,7;14,9;2,3;8,6;6,7;1,92;2,2;1,34;4,9;3,6;;4;15,7;4,1;8,9;2,7;3,1;0,97;5,7;4;24,7;9,1;12,9;1,5;14,2;11518560;;7,2;4,4;5,7;2;11518560;19,3;2,7;2,5;3,5;3,2;8,3;11518560;1,9;0,9;2,6;3,3;;22,4;3,4;3,5;11518560;1,2;1,5;20,1;2;16,3
2022-09-23 00:00:00.0;2,4;2;0;0;5,4;11518560;26,7;3,5;16,4;0,06;0;1,6;0,6;0,3;0,2;0,9;1;3,9;5,3;1,1;6,2;2,18;0,24;0,2;0,56;0,4;4,9;;0,1;3,9;0,4;0,1;0,8;1,4;0,94;14,8;4,1;2,4;2,3;0,4;2,3;0,8;11518560;;0;1,1;0,1;3,5;11518560;3,9;0,1;0,1;0,1;3,6;2,4;11518560;0;4,3;2;0,6;;1,4;1,6;0,3;11518560;0,1;1;1,1;0,5;1,8
2022-09-24 00:00:00.0;0;0;0;0;0;11518560;0;0;0,03;0;0;0;0;0,1;0;0;0;0;0;0;0;0;0,01;0;0,01;0,1;0;;0;0;0;0;0;0;0,09;0;0;0;0;0;0,1;0;11518560;;0;0;0;0;11518560;0;0;0;0;0,1;0;11518560;0;0,1;0;0;;0;0;0;11518560;0;0;0;0;0
2022-09-25 00:00:00.0;0;0;0;0;0;11518560;0;0;0;0;0;0;0;0;0;0;0;0;0;0;0;0;0;0;0;0;0;;0;0;0;0;0;0;0;0;0;0;0;0;0;0;11518560;;0;0;0;0;11518560;0;0;0;0;0;0;11518560;0;0;0;0;;0;0;0;11518560;0;0;0;0;0
2022-09-26 00:00:00.0;0;0;0;0;0;11518560;0;0;0,06;0;0;0,2;0;0;0;0;0;0;0;0;0;0;0;0;0;0;0;;0;0;0;0;0;0;0;0;0;0;0;0;0;0;11518560;;0;0;0;0;11518560;0;0;0;0;0;0;11518560;0;0,1;0;0;;0;0;0;11518560;0;0;0;0;0
2022-09-27 00:00:00.0;0,1;0;0;0;0,1;11518560;0,2;0,1;0,11;0;0;0;0;0,4;0,3;0;0;0;0;0,2;0;0;0;0,1;0,01;0;0;;0;0;0;0,5;0,2;0;0;0,4;0;0;0,1;0;0;0;11518560;;0;0;0;0;11518560;0;0;0,2;0;0,5;0;11518560;0,5;0,1;0,3;0;;0;0,2;0;11518560;0;0;0;0,1;0
2022-09-28 00:00:00.0;0,6;0;5,9;0;0;11518560;0;0;0;0,24;0,7;1,8;1,6;0;0;0;1,2;0,3;0;0;1,6;1;5,35;0,5;13,48;0;0,3;;0;0,3;0,8;0;0;0;20,76;0,3;0,5;1,3;0,8;0;0;0;11518560;;0;1,2;0;0,3;11518560;1,3;1,1;0,7;5,5;0,2;0,1;11518560;0,2;0,3;0;1,5;;1,4;0,2;0,5;11518560;5,7;2,9;0,9;0;0
2022-09-29 00:00:00.0;0,2;27;0,3;47;15,2;11518560;36,2;13,7;0,03;0,05;0;2,7;0;2,3;4,9;0,6;0;9,4;11,6;0,5;2,5;11,99;11;0,3;0,34;1,6;0,3;;2,3;32,5;1;23,1;0,1;0;4,88;0;0;44,1;1,9;36,8;2,8;32,9;11518560;;18,9;0,1;26,3;0,3;11518560;17;0,6;0;2,8;0,7;0;11518560;11,4;1,6;0,4;0,8;;46,9;0,1;0;11518560;0,5;0;37,5;0,3;3,8
2022-09-30 00:00:00.0;6,3;11,1;5,3;2,4;2,9;11518560;9,9;2,5;22,35;0,41;2,1;6,2;33,1;1,5;0,6;16,7;2,1;0,3;1,6;1,9;0,8;3,75;10,24;1,8;7,78;2,7;2,3;;2,1;27,8;3,8;3,1;2,7;2,1;3,89;6,1;2,6;6;3;1,4;0,3;2,1;11518560;;1,3;3,2;3,7;1,8;11518560;7,1;12,9;5,7;9,8;8,3;5;11518560;19,4;16,9;4,4;2,6;;24,3;3,9;3,8;11518560;4,6;2,3;10,5;0,4;16,1
2022-10-01 00:00:00.0;0,2;1,6;0,1;1,5;0,1;11518560;0,6;0;0,35;0,01;0;0,4;0,2;1,7;1,2;1,3;0;0,1;0;0,6;0,1;0;1,09;0,5;1,04;0,3;0,9;;0;0,1;1,9;0,3;0,6;0,1;0,04;0,1;0,2;0;0;0,1;0,9;0,4;11518560;;0,7;0;0,2;1,3;11518560;1,9;0,1;1,5;0,4;4,3;0;11518560;0,3;1,9;1,9;0;;0,1;1,8;0;11518560;0;0,1;0,1;0,3;1,5
2022-10-02 00:00:00.0;0;0;0;0;0,1;11518560;0,2;0;0,25;0;0;0;0;0;0;0;0;0;0,3;0;0,4;0;0;0;0;0;0;;0;0;0;0,1;0;0;0;0,2;0;0;0;0,1;0;0,1;11518560;;0,1;0;0,1;0;11518560;0;0;0;0;0,1;0;11518560;0;0,1;0,1;0;;0;0,6;0;11518560;0;0;0;0;0
2022-10-03 00:00:00.0;0;0;0;0,2;0,3;11518560;0,4;0;0,21;0,01;0;0,3;0;0,1;0;0,1;0;0,5;0;0,1;0;0;0,38;0,1;0;0,7;0,1;;0;0,1;0,2;0,5;0;0;0;0;0;0,4;1,2;0;0;0,1;11518560;;0,1;0,4;0,3;0,1;11518560;0,1;0;0,5;0;0,7;0;11518560;0;0,3;0,6;0;;0,3;0,3;0;11518560;0;0;0,3;0;0,1
2022-10-04 00:00:00.0;0;0;0;0;0;11518560;0;0;0,7;0;0;0;0;0,9;0,4;0,1;0;0;0;0,8;0;0;0;0,2;0;0;0;;0;0;0,3;0;0,3;0;0;1,3;0;0;0;0;0,1;0;11518560;;0;0;0;0,3;11518560;0;0;1,1;0;3,3;0;11518560;0;0;1,5;0;;0;0;0;11518560;0;0;0;0,3;0
2022-10-05 00:00:00.0;4,3;6,7;1,1;10,5;0,2;11518560;16,2;0;12,09;0,39;2;23,6;1,1;8,6;4,2;5,6;4,2;2,4;1,3;6,2;1,9;2,1;19,45;2,7;32,75;24,8;4,1;;5,7;17,1;11,1;7,2;4,4;1,9;4,03;21,1;8,6;18;7,1;1,5;1,3;1,1;11518560;;10,5;19,1;0,1;1,3;11518560;20;0,7;10,9;1,3;18,1;1,4;11518560;3,3;12;9,7;1,2;;16,6;3,6;8,3;11518560;4,4;7;21,8;3,1;3,5
2022-10-06 00:00:00.0;5,8;7,3;5,9;20,3;11,8;11518560;9,9;12;18,97;0,09;2,7;0;0;1,9;2,2;7,2;1,1;1,7;6,3;2,4;13,3;1,07;5,62;1,8;6,95;1,4;3,3;;14,8;4,1;5;7,1;3,1;2,7;1,95;12,4;4,5;3,1;2,9;6,4;3,9;7,2;11518560;;54,8;3,6;11,4;5,2;11518560;4;0;3;7,9;4,9;3;11518560;14,7;37;2,6;3,8;;3,2;5;0,9;11518560;1,3;2,4;2,9;3,1;6,9
2022-10-07 00:00:00.0;18,1;1,1;0;0;0;11518560;18,5;0;15,17;0,35;0;3;0;2,2;0,7;0;0;0,8;0,1;0,7;15,7;0,1;23,05;0;10,62;11,7;0;;27,4;0;0,3;4,6;0,6;0;3,01;23,3;4,9;0;0,7;1;0,1;0,6;11518560;;0,1;20,6;0;2,5;11518560;0,2;1,2;0,4;9,5;3,9;0,1;11518560;4,8;0,3;1,5;0,3;;0,2;2,1;0,4;11518560;0;0,3;0;0,9;0,1
2022-10-08 00:00:00.0;1,1;0,5;4,2;3,4;2,7;11518560;0,9;1,6;0,51;3,37;1,9;1,5;1,8;6,1;5,1;5,7;2,8;1,6;1,1;3,6;0,6;3,92;2,62;5,6;2,31;2,4;4,5;;1,1;1,5;11,6;0,6;4,3;6,4;3,11;0,7;0,5;3,5;4,1;1,1;6,5;0,8;11518560;;4;3,3;2,9;7,4;11518560;3,3;1,4;9,7;1,2;12,5;5,2;11518560;5,2;4,2;5,1;3,3;;3,8;5,8;3,4;11518560;2,2;1,8;2,5;5,7;4,4
2022-10-09 00:00:00.0;0;0;0,3;0;0;11518560;0;0;0;0,45;0,2;0;0;0;0;0,4;0,1;0;0;0;0;0;0,01;0,6;0;0;0,3;;0;0;0,5;0;0;0,4;0;0;0;0;0;0;0;0;11518560;;0;0;0;0,2;11518560;0;0;0,1;0;0;0,8;11518560;0;0,1;0,1;0,5;;0;0;0,4;11518560;0,3;0,2;0;0;0
2022-10-10 00:00:00.0;0;0;0;0;0;11518560;0;0;0,05;0;0;0;0;0;0;0;0;0;0;0;0;0;0;0;0;0;0;;0;0;0;0;0;0;0;0;0;0;0;0;0;0;11518560;;0;0;0;0;11518560;0;0;0;0;0;0;11518560;0;0,1;0;0;;0;0;0;11518560;0;0;0;0;0
2022-10-11 00:00:00.0;0;0;0;0,7;0,1;11518560;0,1;0;0,16;0,18;0;0;0;0,7;0,7;0,9;0;0,1;0;0,4;0;0;0;0,3;0,01;0;0,4;;0;0,4;1;0;0,2;0;0;0,1;0;0,4;0;0;0,3;0;11518560;;0,5;0,1;0,5;0,8;11518560;1,4;0;0,5;0;2,5;0,1;11518560;0;1;0,5;0;;0,8;0,5;0,1;11518560;0;0;0,4;0,7;0,7
2022-10-12 00:00:00.0;0,2;0;0;0;0;11518560;0;0;0;0;0;0;0;0;0;0;0;0;0;0;0;0;0;0;0;0;0;;0;0;0;0;0;0;0;0;0,2;0;0;0;0;0;11518560;;0;0;0;0;11518560;0;0;0;0;0;0;11518560;0;0,1;0;0;;0;0;0;11518560;0;0;0;0;0
2022-10-13 00:00:00.0;0,6;0,3;2,8;14,1;0,1;11518560;5,8;0;37,83;2,48;2,9;14,5;0,3;0,5;0,4;1,5;2,9;18;0;0,2;2,5;1,57;1,31;0,2;0,94;20,8;0,9;;10,7;5,1;0,1;0,2;0,4;0,7;1;3,5;0,7;2,1;9,7;0;1,2;0;11518560;;6,3;21,3;0,2;0,3;11518560;4,9;0,1;0,1;1,2;0,5;0,5;11518560;0,2;2,6;0,2;2,1;;12,9;0,9;2,6;11518560;1,1;1;14,6;0,4;1,5
2022-10-14 00:00:00.0;11,9;1,4;3,3;1,6;0;11518560;0,2;0,1;0,81;5,57;1,5;8,2;1;14,1;10,6;7,6;0,5;2,2;0;11,7;0;13,5;1,46;3,5;8,09;3,5;3,3;;0;18,2;2,3;0,3;10,4;3,3;7,42;4,5;3,8;5,2;3;0;4,4;0,1;11518560;;3,2;10,8;0,3;0,7;11518560;24,7;0,7;12,9;1,8;11,3;5,7;11518560;0;6,3;5,8;5,6;;16,3;27,8;0,7;11518560;4,8;2,8;4,2;5,9;7,7
2022-10-15 00:00:00.0;10,7;1;0,3;0,4;1,6;11518560;1;1,3;1,18;1,34;0,2;8;11,2;0,8;0,4;0,5;0,4;0,9;0,8;0,3;0,3;1,38;10,04;0,6;11,14;8,3;0,6;;10;0;1,2;0,4;0,4;0;11,47;3;7,6;0;10,2;0,5;0,1;1;11518560;;0,4;19,3;0,2;1,1;11518560;1,1;4,5;1,5;4,7;8,1;0,2;11518560;2;1,7;0,9;0,2;;0;1,2;1,1;11518560;2,3;3,2;0;0,4;0,6
2022-10-16 00:00:00.0;4,4;0,7;1,9;0,5;2;11518560;15,6;4,1;7,57;1,03;0,9;2,2;2,6;0;0;0;0,4;11,5;0,6;0;9,5;4,25;3,68;0,1;7,13;3,2;0;;15,3;7,1;0;1,9;0;0,3;8,62;4,9;1,7;1,5;12;2,9;0;2,5;11518560;;0,8;8,1;2,8;0,3;11518560;0,1;6,3;0;11,2;0,4;0,2;11518560;0;0;0,1;1,3;;2,1;0,1;0,3;11518560;2,1;1,8;4;0;0,4
2022-10-17 00:00:00.0;7,4;5,9;8,2;17,4;30,1;11518560;5,6;26,3;7,64;11,35;5,3;17;9,7;10,7;10,9;14,8;8;19,2;46,7;13,6;23,3;13,53;8,18;9,3;8,64;9,5;12;;35,7;26,4;17,5;13,6;10,2;10,4;7,53;10,9;5,3;28,8;18,7;26,6;11,5;14,7;11518560;;22,9;28;27,1;7,5;11518560;27,1;8,3;17,6;8,3;15,2;9,9;11518560;11,6;7,8;12,8;7,4;;28,2;14;6,6;11518560;5,8;5,3;28;9;23,7
2022-10-18 00:00:00.0;13,1;7,9;19,6;22,8;38,2;11518560;23,4;49,1;23,26;16,56;10,7;17,2;13,2;20,5;12,7;22,8;12,9;22,4;22,3;16,1;12,6;18,06;2,09;18,6;5,25;2,1;18;;9,5;12,4;21,1;12,6;15,7;11,1;9,38;18,5;13,5;17,6;3,7;18,1;19,7;18;11518560;;33,5;17,4;32;13,2;11518560;49,3;6,1;21,1;4,4;17,5;10,7;11518560;3,6;21,7;21,7;11,7;;15,7;11,2;11,9;11518560;15;13,2;19,7;17,9;23
2022-10-19 00:00:00.0;12,2;2,3;26,9;45,9;9,6;11494563;10;10,5;7,87;17,27;9,9;4;14,5;13,4;11,1;16,5;6,1;10;10,6;5,6;7,1;43,93;2,6;13,1;2,88;3,3;11,4;;20,7;38,1;8;38,2;12;11,5;4,51;9,7;5,7;38,1;8,9;15,4;7,4;7,5;11494563;;49,1;5,8;5,7;8,1;11518560;50,2;7,7;10,3;6,1;12,2;10,6;11502562;16,2;7,8;10,6;8,9;;43,4;8,8;5,8;11518560;8,9;11,9;34,7;8,2;46
2022-10-20 00:00:00.0;3,1;1,1;10,2;1,7;1;11518560;0,8;0,8;0,67;9,3;9,5;1,5;3,3;4,9;5,5;5,4;6,9;2,5;0,6;2,3;0,9;1,7;3,22;3,7;1,64;6,7;5,2;;1;2,9;6,5;0,9;5,2;4,3;1,16;0,7;3,2;3,7;2,2;0,8;4,3;1,1;11518560;;2,6;0,6;1,9;12,2;11326584;1,6;4,4;0,8;3,4;3;4,7;11518560;1,8;0,8;1,8;7,7;;2,9;2,8;7,5;11518560;3,3;3,3;3,4;7;1,7
2022-10-21 00:00:00.0;0;6,7;0;38,3;16,1;11518560;0;19,3;0;7,53;0;0,2;0;1;0;8,4;0;36,8;19,6;3;8;7,25;0,01;7,5;0;0,3;7,4;;21,8;26;5;24,1;1,6;0,1;0;0;0;39,4;0,2;36,4;0;30,7;11518560;;62,6;0,3;43,6;0;11518560;24,8;0;5,5;0;0,2;1,6;11518560;0,2;24,1;3,7;2,3;;31,8;0,1;0;11518560;0;0;34,8;0,1;11,1
2022-10-22 00:00:00.0;8,6;1,2;6,7;11,9;1,6;11518560;23,1;5,7;12,44;9,77;0,7;1,3;2,1;0;0,1;4,9;0,6;39,2;6,8;0,5;41;7,71;10,74;1;13,01;5,9;4,5;;26,9;16,3;2,7;27,5;0,9;2,2;8,08;25,9;12,3;38,5;16,5;6,5;1,6;4,3;11518560;;16,4;17,2;20,6;4,3;11518560;10,6;5,2;1;8,2;0;1,5;11518560;0,1;4,1;1,7;10,9;;24,2;0,3;1,4;11518560;2,2;0,7;24,6;0,4;7,7
2022-10-23 00:00:00.0;7,5;25,4;0,1;8,5;21,2;11518560;25;23,9;48,73;0,01;1,1;13;9,7;0,1;0,2;1,5;0,7;7;47,7;0;31,1;0,25;9,08;0,1;6,78;5,7;0,4;;19,4;21,3;0,4;24,2;0,1;0;13,79;48;3,9;8,9;2,4;24,3;0,1;34,1;11518560;;11,3;13,4;28;3,2;11518560;8,3;6,4;0;4,6;2,9;0;11518560;10,9;2,1;0,2;0,1;;16,7;2,2;0,7;11518560;1,2;1,5;16,2;0,6;2,2
2022-10-24 00:00:00.0;0;0;0;0;0;11518560;0;0;0,1;0;0;0;0;0;0;0;0;0;0;0,1;0;0;0,02;0;0;0;0;;0,1;0;0;0;0;0;0;0;0;0;0;0;0;0;11518560;;0;0;0;0;11518560;0;0;0;0;0,2;0;11518560;0,1;0,2;0;0;;0;0;0;11518560;0;0;0;0;0,1
2022-10-25 00:00:00.0;0,6;1,2;7,1;12,7;13,3;11518560;4,8;9,3;4,02;6,38;6,5;0,6;0;4,7;5,9;17,8;6,4;19,5;8,5;7,4;11,9;5,58;1,32;7,6;1,63;0,2;12,4;;14,2;30,9;25,3;5,5;7,2;4,9;5,7;0,6;0,9;24,4;0,1;1,8;6,4;1,5;11518560;;12,3;0;21;5,6;11518560;43,1;0,6;4,7;2,8;2,9;7,6;11518560;0;24,8;8,3;4,2;;39,3;4,1;3,3;11518560;5;3;22,9;3,7;27,4
2022-10-26 00:00:00.0;13,4;4;13,9;10,3;8;11518560;10,7;7,8;12,96;12,74;9;22,9;18,3;9,1;8,2;17;8,8;18,7;8;7,5;11,4;17,18;31,77;10,2;23,16;12,8;12,9;;11,6;22,6;17,2;7,3;10;11,1;17,93;16;11,3;16,8;28,2;8,3;6;7,5;11518560;;12,2;13,1;11,8;7,5;11518560;23,8;22,1;11,4;21,6;6,8;12,5;11518560;10,8;18,9;9,1;12,5;;22,6;6;9,4;11518560;12,7;10,8;19,8;5,8;17,8
2022-10-27 00:00:00.0;3,6;2,1;3;18;6,1;11518560;10,1;6,6;3,56;3,79;2,4;2,4;1,9;8,6;6,7;15,1;2,2;0,5;2,7;2,4;7,8;3,33;2,13;3,2;2,23;1;4,8;;0,8;2,3;7,1;2,1;2,7;2,9;2,35;1;3,3;3,5;0,7;2,2;10,4;3,4;11518560;;8;0,7;4,2;3,4;11518560;12,6;1,5;5;1,9;2,1;3,7;11518560;1,3;30,6;4;3,9;;1,2;11,2;2,2;11518560;2,7;3,5;1,5;19,6;12,2
2022-10-28 00:00:00.0;8;4,5;11,9;10,2;9,4;11518560;5,6;7,4;6,3;15,61;12,6;7,9;4,3;9;10,4;23,6;6,6;12,2;6,6;9,8;4,3;12,83;9,2;14,9;10,17;4,2;18,3;;12,8;25,9;17,1;6,4;10,3;11,7;11,63;4,3;6;12,6;4,4;3,2;14,4;4,1;11518560;;6,8;3,1;12,3;20,9;11518560;26,5;3,9;14,6;4,8;15,6;9,3;11518560;9,4;37,1;11;13,3;;25,6;6;4,6;11518560;10;14,9;15,2;15;14,7
2022-10-29 00:00:00.0;14,4;4;9,3;3,6;5,4;11518560;2,6;4,5;2,62;15,84;8,4;5,6;7;5,6;5,1;12,7;8,3;11,2;4,7;6,1;3,6;12,61;3,61;9;5,46;4,6;20,1;;5,9;13,4;13,6;3,3;5,6;8,6;7,77;4;11,1;10,4;4,1;4,6;5,7;5,9;11518560;;4,5;6,7;4,6;8,9;11518560;12;7,8;10,7;6,8;4,4;9,3;11518560;13,1;7,2;7,1;8,7;;18;11,8;7,1;11518560;7,9;9,8;15,1;5,2;8
2022-10-30 00:00:00.0;0,2;0;0,1;0;0;11518560;0;0;0;0,52;0,1;0,1;0,3;0,5;0,4;0,4;0,2;0;0;0,1;0;0,19;0,14;0,4;0,11;0;0,8;;0;0;0,2;0;0,3;0,1;0,22;0;0,2;0;0;0;0,3;0;11518560;;0;0;0;0,4;11510561;0,3;0,2;0,4;0,2;0,3;0,1;11518560;0;0,1;0,3;0,1;;0;0,2;0;11518560;0,1;0,1;0;0,3;0,3
2022-10-31 00:00:00.0;10,5;0;11,8;3,1;3,4;11518560;38,3;2;23,02;10,1;9,8;0;0;0;0;13;13;15,6;0,7;0,1;7,8;7,02;0,07;7,4;1,94;1,9;16,2;;8,7;12,1;9,1;0,1;0,8;11,1;4,87;2,9;13,9;5,9;5,6;0;19,1;0,3;11518560;;2,9;4,6;9,1;9,5;11518560;6,2;0;2,8;0;0,1;17,4;11518560;0,6;0;0;7,3;;7,1;1,2;18,6;11518560;6;3,4;6,9;0,9;8
2022-11-01 00:00:00.0;0;0;0,1;0,1;0,9;11518560;0,7;3,3;0,78;0,07;0,3;0,3;0;0;0;0,1;0;0,5;0;0;4,5;0;0;0,2;0;0,8;0;;4,3;0;0,1;0,2;0,4;1,2;0;0,7;0;0,1;0,1;0;0,4;0;11518560;;0,1;0,5;0,1;0;11518560;0,1;0;0,3;0;0,2;1,8;11518560;0,1;0;0;0,8;;0,1;0;0,1;11518560;0,1;0;0,2;0;0,1
2022-11-02 00:00:00.0;4,9;10,1;2,4;9,2;12,4;11518560;11,8;10,2;9,95;3;2,1;9,8;6,6;6,3;3,2;6,1;2,4;6,8;12,7;6,1;10,4;3,72;9,07;4,2;7,29;8,7;5;;8;5,5;7,7;11,3;4,3;1,8;4,9;10,8;3,6;7,7;6,2;9,3;1,6;16;11518560;;8,2;8,4;10,4;4,8;11518560;7,9;6;8,5;6,7;9,6;2,3;11518560;2,4;7,1;9,9;2,2;;7,2;2,3;3,5;11518560;2,9;4;7,4;1,4;6,3
2022-11-03 00:00:00.0;0;0;0;0;0;11518560;0;0;0,04;0;0,2;0,1;0,1;0;0;0;0,2;0;0;0;0;0;0;0;0;0,3;0;;0;0;0;0;0;0,2;0;0,1;0;0;0;0;0;0;11518560;;0,1;0,1;0;0;11518560;0;0;0;0;0,1;0;11518560;0;0,2;0;0;;0;0;0;11518560;0;0;0;0;0
2022-11-04 00:00:00.0;0;0;0;0;0;11518560;0,1;0;1,11;0;0;0;0;0,2;0,2;0;0;1,6;0;0;2,1;0,03;0;0;0;0;0;;2,2;0;0;0;0,2;0;0;2;0;0;0;0;0;0;11518560;;0;1,3;0;0;11518560;0;0;0;0;0;0;11518560;0;0;0;0;;0;0;0;11518560;0;0;0,1;0;0
2022-11-05 00:00:00.0;0;0;0,4;11,4;0,4;11518560;0;0;0,03;0,13;1,1;0;0;6,7;11,2;1,3;1,6;0,1;0;9,1;0;0,07;0;2,4;0;0;0,4;;0;3,3;2,2;0;8,2;1,6;0,07;0;0;7,9;0,8;0;8,2;0;11518560;;14,6;0;3,5;7;11518560;7,8;0;10,1;0;5,3;1,2;11518560;9,5;13,2;12,6;0,1;;5,1;14,1;0,3;11518560;0,3;0;3,8;12,9;0,4
2022-11-06 00:00:00.0;0,3;45,2;6,3;10,1;16,7;11518560;31,1;23,2;17,31;2,53;6,2;0;0;10,3;33,9;10,2;7,4;10,5;38,2;5,6;38,1;2,41;0,04;13,7;8,08;0;7,9;;2,7;12,1;8,7;43,1;11,2;1,5;30,9;20,7;8;27,8;14,9;46,1;6,5;43,1;11518560;;5,2;26,9;9,6;0,8;11518560;17,9;0;13,1;0;3,1;2,8;11518560;18,5;0,3;4,3;1;;17,9;2,2;10;11518560;20,3;31,6;24,2;17,1;6,9
2022-11-07 00:00:00.0;18,9;7,8;2;5,1;3,7;11518560;10,4;4,2;2,75;2,6;3,1;4,3;1,2;0;0;1,8;1,2;15,6;5,1;0;16,4;14,3;14,31;0,2;6,63;0,1;1,4;;9,4;1,6;0,6;4,8;0;0,2;4,32;2,9;12;4,8;6,7;4,4;0;4,9;11518560;;6,9;8,8;5,2;0;11518560;1,2;4,1;0;21,8;0,1;0,2;11518560;0,2;0,5;0;1,6;;3;0;5,3;11518560;3,3;4,6;3,5;0;3,1
2022-11-08 00:00:00.0;12,1;9,2;0;19;5,5;11518560;10,7;3,7;19,28;0,64;0,1;45,5;6,8;7;2;3,4;0,5;0,1;1,5;4,8;0,6;0,93;14,63;2,7;15,22;0,1;2,3;;3,1;2,1;4,3;3,1;0,7;0;0,76;3,8;8,8;3,6;11,2;1,2;7,9;2,5;11518560;;25,9;6,6;4,1;3,3;11518560;12,2;12,4;0,8;12,7;0,3;0,1;11518560;1,8;22,9;15,6;0,3;;9,8;1,1;0,2;11518560;2;1,4;9,8;1,6;0,8
2022-11-09 00:00:00.0;1,6;19,7;26,8;16,6;5;11518560;14,9;3,6;8,05;24,07;16,4;1;0,5;24,1;23,1;34,3;23,6;6,7;5,3;24,1;5,8;23,06;2,15;26,9;1,96;0,1;31,3;;6;9,4;36;14,2;24;19,9;15,47;8,1;1,6;15,2;8,4;7,3;18,6;11,2;11518560;;8,3;4,6;6,1;27,2;11518560;24,5;0,6;27,4;0,7;28,9;31,4;11518560;17,7;36;31,2;29,1;;13,7;24,7;27,5;11518560;11,7;18,9;14,5;27,6;30,8
2022-11-10 00:00:00.0;2,9;10,3;7;32,1;4,6;11518560;2,2;4,5;2,42;24,37;3,9;16,3;13,9;16,1;10,2;24,2;3,9;35,5;6,4;12,1;3;12,24;13,05;12,2;15,46;20,4;17,8;;9,2;29,6;16,9;4,1;11,6;12,7;5,94;3,8;2,7;51,2;7;10,6;8,4;13,2;11518560;;49,2;7,4;5,8;10,7;11518560;12,3;7;13,7;6,8;12,5;18,6;11518560;4,1;6,9;14,1;22,7;;39,2;7,3;2,7;11518560;3,7;2,4;37,5;10,7;25,3
2022-11-11 00:00:00.0;0;2,5;0,4;0,2;0;11518560;0,6;0,1;0,24;1,04;0;3,8;0;0,1;0;1,3;0;0,1;0;0,6;2,2;1,48;0,78;0,6;0,36;19,2;1,2;;0,2;0,3;1,5;0,2;0,1;0;2,6;0,9;0;0,3;14,9;0;0;0,2;11518560;;0,2;2,1;0,3;0;11518560;3,9;0;1,3;0;0,2;0,1;11518560;0,7;0,9;4,6;0,6;;0,3;0;0;11518560;0,9;0,8;0,3;0,1;2
2022-11-12 00:00:00.0;0;0,5;0;39,7;15,1;11518560;12,7;12,3;13,28;0,19;0,4;0,5;0;0,4;0,6;0,8;0,4;0,8;11,2;0,7;11,1;0,35;0,01;0;0;0;0,2;;2,2;0,8;0,1;1,4;0,3;0;0,06;3,5;0;1,4;0;9,6;0,2;14,1;11518560;;55,1;2,2;22,6;9,5;11518560;4,1;0;0,5;0;31,3;0;11518560;14,2;6,1;1,2;0,1;;1,2;18,9;1,1;11518560;0;0;1;2,9;1,7
2022-11-13 00:00:00.0;0;4;1,1;4,6;3,8;11518560;0,1;1,9;0,03;1,1;0,4;0;0,1;0,3;0,6;0,5;2;0;3,8;2,6;0;0,31;0,24;0,6;1,4;0;0,6;;0;0,4;0,9;0,3;1,5;1,5;0,08;0;0;0,2;0;1,2;5,4;3,4;11518560;;5,2;0;1,7;5,3;11518560;0,7;0;1,6;0;3,1;1,8;11518560;5,2;9,9;5,2;1,5;;0,4;3,8;3,9;11518560;0,2;0,9;0,2;2,5;0,2
2022-11-14 00:00:00.0;14,5;0,4;19,9;10,9;1,2;11518560;24,6;1;27,71;3,26;2,5;5,9;9,8;0;0;6,9;8,8;16,1;0,9;0;23,1;6,88;4,91;0,2;0,19;0,6;1,5;;3,9;7,7;0,5;31,1;0;4,8;0,85;10,5;8,6;15,7;0,3;2,2;2;0,9;11518560;;0,2;4,6;5,8;17,7;11518560;10,1;19,9;0;10;0,2;6,2;11518560;0;0;0;15,1;;5,8;0,9;10,9;11518560;5,8;2,3;11,7;0,6;23,8
2022-11-15 00:00:00.0;0,1;0;0;0;0;11518560;0;0;0,01;0;0;0,1;0;0;0;0;0;0,7;0;0;0;0;0;0;0;0,1;0;;0,3;0;0;0;0;0;0;0;0,1;0,7;0;0;0;0;11518560;;0;0;0;0;11518560;0,1;0;0;0,1;0,9;0;11518560;0;0,2;0,1;0;;0;0;0;11518560;0,1;0;0,1;0;0
2022-11-16 00:00:00.0;0;0,6;0;1;3,1;11518560;1,2;3;0,67;0;0;0,5;0;0,1;0;0,3;0;2,2;1,7;0,3;1,7;0,08;1,13;0;0,97;1,1;0;;0,2;2;0;0,5;0;0;0,58;0,1;0;1,1;0,7;1,9;0;2,3;11518560;;0,4;1,5;6,6;0;11518560;2,7;0;0,2;0,2;2,4;0;11518560;0,4;1;1,2;0;;2,1;1;0;11518560;0;0;1,1;0;0,5
2022-11-17 00:00:00.0;2,8;0;4;1,7;4,5;11518560;1,7;3,2;9,37;8,85;4,7;7,3;3;0,1;0,1;4,9;3,7;3,2;2,3;0,2;0;10,49;11,04;0,5;12,69;1,4;15,8;;1,6;0,7;1,6;0,3;0,2;2,3;6,06;1,3;1,8;12,3;24,1;0,3;2,3;0,2;11518560;;0,3;3,8;1;8,7;11518560;0,9;3,2;0,8;6,5;4;1,4;11518560;1,8;2,5;0,2;7,8;;1,1;1,9;3,7;11518560;1,6;1,8;14,1;0,6;2,1
2022-11-18 00:00:00.0;16,2;11,6;9,5;17,1;21,9;11518560;18,7;24,4;9,87;6,76;9;1,6;3,8;19,3;19,6;7,7;10;15,2;27;14,9;29,7;4,35;8,79;12,6;8,24;3,1;8,2;;16,4;14,9;9,7;21,2;16,3;12,5;11,64;12,1;10,5;14,4;6,3;21,8;15;23,7;11518560;;15;8,2;12,2;23,5;11518560;14,7;5,8;18;5,1;17,8;10,9;11518560;10,7;10,5;14,8;5,6;;11,2;9,7;12,2;11518560;7,4;8,3;12,5;14,4;7,3
2022-11-19 00:00:00.0;0;0,1;0;0;0;11510561;0,4;0;20,77;0,38;0;0,4;0;0,1;0;0,3;0,1;1,1;0,2;0,3;9,6;0,02;0,28;0,4;0;0,3;0,2;;11,1;24,8;1,2;0;0,1;0,2;3,61;6;0;7,8;2,8;0,1;0,3;0;11518560;;0;2;8,5;4,3;11518560;0,1;0;0,4;0;0,4;0,7;11518560;4;0,9;0,3;0,2;;11,3;0,3;0;11518560;0,1;0;5,2;0,1;0,1
2022-11-20 00:00:00.0;0;13,4;0;0;1,1;11518560;0,7;1;3,11;0,23;0;0,2;0,2;0,1;0;0;0;0,6;0,5;1,1;2,2;0,25;0,18;0;0,22;0;0,5;;1,6;0,2;0;0,4;0;0;1,04;14,7;0;0;0,1;0,6;0;0;11518560;;0;5,1;3,6;0;11518560;0;0;0,1;0;0,7;0;11518560;0,1;0;0,6;0,3;;0,1;0,3;0;11518560;0;0;0;0;0,1
2022-11-21 00:00:00.0;0;0,9;0;0,1;0;11518560;0,7;0;0,96;0,25;0;0;0;0,1;0;2,1;0;0;0,1;0,2;0,4;0,24;0;0;0;0;0,4;;0;9,1;0,6;0,3;0;0;0;0,2;0;0,7;1;0,2;0;0,1;11518560;;0,1;0;0,2;0;11510561;17,4;0;0,3;0;0,1;0;11518560;0;11,4;0,6;0;;3,4;0;0;11518560;0;0;1,2;0;5,7
2022-11-22 00:00:00.0;0,5;1,7;0,2;0,7;0,6;11518560;0,9;0,8;0,48;0;0,1;0,2;1,2;0;0;0;0,1;0;1;0;0,7;0;0,29;0;0,16;0;0;;0,1;0;0;1,5;0;0,1;0,01;0,1;0,3;0,3;0;1,1;0;1,3;11518560;;0,4;0;1;0,1;11518560;0,2;0,9;0;0,8;0;0;11518560;1,4;3,2;0;0;;0,1;0;0,1;11518560;0,4;0,2;0,2;0;0,1
2022-11-23 00:00:00.0;0;0;0;0;0;11518560;0;0;0;0;0;0;0;0;0;0;0;0;0;0;0;0,14;0;0,2;0;0;0;;0;0,1;0;0;0;0;0;0,2;0;0;2,1;0;0;0;11518560;;0;0;0;0;11518560;7,3;0;0;0;0;0;11518560;1,3;6,9;0,2;0;;0,1;0;0;11518560;0;0;0;0;0,3
2022-11-24 00:00:00.0;0;0,3;0;2,4;8,5;11518560;0;7,6;0;27,22;0;0,2;0;13;9,8;10,6;0,4;3,5;4,1;11;1,4;0;0;31,4;0;0,2;24,4;;0,7;4;36,2;1;24,3;19,6;0;3,6;0;16,6;0;0,3;6;1,3;11518560;;4,5;0;8,3;0,9;11518560;2,1;0;10,8;0;10;33,7;11518560;0,2;43,6;16,6;18,1;;9,5;10;0,8;11518560;0;0;12,8;15;6,2
2022-11-25 00:00:00.0;0;18,7;0;14,7;15,8;11518560;2,1;27,3;0,38;1,02;0;0;5,1;0;0;7,9;0,1;17;27,4;0;14,9;7,54;0,35;0,1;0;4,7;1,8;;2,4;19,3;2,6;26,2;0;0;0,03;0,8;0;7,7;4,8;25,1;0;50,1;11518560;;4,2;7,3;4,8;0,6;11518560;8;7,9;0;9,5;0,1;0;11518560;7,7;0;0;1,1;;18,8;0;1,4;11518560;0;0;10,9;0;9,2
2022-11-26 00:00:00.0;0;3,7;0,4;9,2;18,3;11518560;6,6;11,3;3,26;0;0,2;0;0;0,3;0;0;0;10,4;9,2;0,1;12,8;2,55;3,52;0;0,13;0;0;;1,2;0;0,5;15,1;0;0;0,29;0,2;0;1,8;0,5;2,4;0;3;11518560;;18,2;0,9;24,4;0,6;11518560;0,1;0;0,4;0;0;0;11518560;1;0,7;1;0;;0;0;0;11518560;0;0;0,2;0;0
2022-11-27 00:00:00.0;3,5;4,6;12,7;17,9;1,7;11518560;7,3;8,9;1,87;17,84;3,1;0,9;0;6,5;5,5;11,7;3,3;23,5;4,8;7,6;14,4;22,27;1,87;8,8;3,49;3,8;22,6;;8,8;32,7;18;17,3;8,6;8,6;11,72;3,6;5,6;34,5;19,4;10,3;3,6;15,4;11518560;;11;7,9;3,9;10,5;11518560;19,8;1,8;8,4;1,1;10,1;12,5;11518560;12,8;2,1;6,7;9,5;;35,6;4,2;4,1;11518560;3,6;5;32,3;4,3;16,1
2022-11-28 00:00:00.0;4,8;14,5;4;12,9;10,8;11518560;5,3;7,6;5,1;9,2;2,9;5;2,9;19;17,8;11,8;6,2;9;11,4;22,8;10,2;6,35;3,38;9,6;4,33;6,3;11,4;;6;9,7;9,6;9,9;26,9;7,4;2,63;6,7;3,7;7,2;7,1;12,1;13;15,6;11518560;;18,6;9,2;13,9;4,5;11518560;21,1;2,6;16,2;3,5;6,5;9;11518560;6,7;6,5;27;7;;10,4;14,2;4,2;11518560;2,1;2,3;7,4;13,6;15,2
2022-11-29 00:00:00.0;10,3;18,9;9,1;26,2;10;11518560;9,7;8,4;10,39;9,43;6,2;14,2;14,7;7,3;5,9;18,7;8,9;18,6;11,9;8,2;9,1;11,5;11,76;7,5;14,02;11,8;13,4;;8,5;23,2;13,5;12,5;7,9;7,6;13,16;10,4;8;27,5;20,7;8,7;5,9;13,9;11518560;;34,3;10,6;9,1;8,8;11518560;31;8,3;8,7;10,3;6,2;8;11518560;9,4;46,1;7,3;7,3;;28,8;6,8;7,7;11518560;8,9;7,7;26,6;6,9;21,3
2022-11-30 00:00:00.0;0,8;1,2;0,7;1,2;0,9;11518560;0,9;0,8;1,13;0,53;0,4;0,6;0,8;2,3;1;1;0,2;0,8;1;1;0,7;0,76;1,02;1,2;1,06;0,4;0,9;;0,4;0,7;1;1;2,8;1,1;1,06;0,9;0,9;0,7;0,3;0,8;0,4;1,3;11518560;;1;0,5;0,8;0,3;11518560;1,6;0,5;1,3;0,9;0,4;2,2;11518560;0,2;0,4;0,6;1,7;;0,9;0,4;0,2;11518560;1,1;0,4;0,7;0,7;1,1
2022-12-01 00:00:00.0;0;0;0;0;0,1;11510561;0;0;0;0;0;0;0;0;0;0;0;0;0,1;0;0;0;0;0;0;0;0;;0;0;0;0;0;0;0;0;0;0;0;0;0;0,2;11518560;;0;0;0,2;0;11518560;0;0;0;0;0;0;11518560;0;0;0;0;;0;0;0;11518560;0;0;0;0;0
2022-12-02 00:00:00.0;0;0;0;3,8;0;11510561;0;0;0;1,97;0;0;0;6,5;3,8;6;0;0,1;0;7,8;0;0,32;0;4,3;0;0;5,2;;2,8;12,7;5,6;0;4,1;0,5;0;0;0;19,3;0;0;0,3;0;11518560;;7,3;0;2,1;0,1;11510561;29,8;0;4,9;0;3,5;3;11518560;2,7;40;7,8;0,7;;30,5;0,6;0;11518560;0;0;18,6;0,9;7,8
2022-12-03 00:00:00.0;0;0;0;8,2;0,1;11518560;0;0,1;0;0;0;0;0;0;0,1;0;0;0;0;0;0;0;0;0;0;0;0;;0;0;0;0;0;0;0;0;0;0;0;0;0;0;11518560;;6,5;0;0;0;11518560;0,6;0;0,2;0;0;0;11518560;0,1;23,3;0,1;0;;0;0;0;11518560;0;0;0;0;0
2022-12-04 00:00:00.0;0,5;0;0;0,2;0,1;11518560;0;0,2;0;0,33;0,1;0;0;0,2;0;0,9;0;0,5;0,1;0,2;0,1;0,84;0;0,3;0,09;0;0,6;;0,2;7,7;0,7;0,2;0,1;0,1;0,09;0;0,2;0,8;1,3;0,1;0,1;0,1;11518560;;0,4;0;0,3;0,8;11518560;2,7;0;0,5;0;0,6;0,1;11518560;6,5;15,3;0,3;0,1;;2,5;0,7;0;11518560;0;0;0,6;0,3;2,9
2022-12-05 00:00:00.0;0,4;0;0,3;0,2;0;11518560;0,2;0;0,25;0,13;0,2;0,4;0,4;0,6;0,6;0,2;0,3;0,6;0;0,2;0,3;0,16;0,35;0,1;0,15;0,6;0,1;;0,4;0,4;0,1;0;0,2;0,2;0,18;0,4;0,3;0,1;0,6;0;0,4;0;11518560;;0,2;0,5;0,1;0,8;11518560;0,6;0,3;0;0,2;5,1;0,2;11518560;0,3;0,2;0,2;0,2;;0,4;0,6;0,3;11518560;0,3;0,2;0,2;1,3;0,4
2022-12-06 00:00:00.0;3,5;8,7;3,8;76,8;55;11518560;8,6;48,6;5,99;31,44;2,4;7,4;7,3;6;3;38,2;2,4;5,5;47,5;12,5;23,6;5,31;5,8;31,7;3,56;3,4;34,2;;5,2;32;39,3;13,2;5,1;12,2;4,46;4,8;2,5;38,2;7,2;20,8;0,7;32,7;11518560;;64,2;2,4;66;2,2;11518560;56,5;3,9;30;3,6;8,6;21,5;11518560;1,9;16,7;7,6;12,7;;41,5;1,2;1,6;11518560;2,2;2,6;32,2;2,9;59,5
2022-12-07 00:00:00.0;7,1;15,6;10,8;6,7;12,8;11518560;7,9;11;25,58;10,23;10,2;0,4;0,9;16;12,6;7,8;10,9;11,4;12,6;15,1;10,1;4,62;1,64;13;2,05;4,1;10,5;;19,5;5,7;13,9;9,7;10,9;12,7;1,44;1,9;6,7;6,7;6,8;6,2;12,2;9,2;11518560;;4,9;12,6;13,5;15,6;11518560;6,4;2,1;16,2;1,2;8,7;13;11518560;6,4;2,9;10;9,6;;10,8;9,8;10,9;11518560;5,2;10,1;8,2;10,5;6
2022-12-08 00:00:00.0;0;0;0;0;0,1;11518560;0;0;0;0;0;0;0;0;0;0;0;2,9;1,6;0;0;0;0;1,7;0;0;0;;0,2;3,7;0,2;0;0;0,1;0;0;0;1,1;0;0;0;0,3;11518560;;0;0;0,2;0;11518560;0;0;0,5;0;0;0,3;11518560;0,1;0,1;0;0;;10,1;0;0;11518560;0;0;7,2;0;0
2022-12-09 00:00:00.0;0;0;0;0;0;11518560;1,5;0;7,85;0;0;0;0;0;0;0;0;0;0;0;4,4;0;0;0;0;0;0;;0;0;0;0;0;0;0;5,4;0;0;0;0;0;0;11518560;;0;0;0;0;11518560;0;0;0;0;0,9;0;11518560;0;0;0;0;;0;0;0;11518560;0;0;0;0;0
2022-12-10 00:00:00.0;0;0;0,3;0;0;11518560;0;0;0,07;0;0;0,4;0;0;0;0;0;0;0;0;0;0;0;0;0;0,9;0;;1,8;0;0;0;0;0;0;0,7;0;0;0;0;0;0;11518560;;0;2,7;0;0;11518560;0;0;0;0;0,1;0;11518560;0;0;0;0;;0;0;0;11518560;0,1;0;0;0;0
2022-12-11 00:00:00.0;0;0,6;0;0,1;0;11510561;0,9;0;0,21;0,01;0;0;0;0;0;0;0;0;0,9;0;0;0;0;0;0;0;0;;0;0;0;2,9;0;0;0,01;0;0;0;0;1,8;0;3,2;11518560;;0,2;0;0;0;11518560;0;0;0;0;0,2;0;11518560;0;0;0;0;;0;0,7;0;11518560;0;0;0;0;0
2022-12-12 00:00:00.0;0,2;0;3,9;0;0;11518560;0;0;0,21;4,87;1,3;1,5;0,3;0;0;0,1;0,2;0,9;0;0;0;3,25;0,25;0;0,2;2,9;0;;0,3;0;0;0;0;0,5;2,23;0,3;1,9;0;2;0;0;0;11518560;;0;2,9;0;0;11518560;0;0,5;0;0,2;0,1;0,4;11518560;0;0;0;2,9;;0;0;1,7;11518560;5,4;2;0;0;0,2
2022-12-13 00:00:00.0;0;0;0;0;0;11518560;0;0;0;0,22;0;0;0;0,1;0,2;0,5;0,2;0;0;1,5;0;0;0;0,1;0;0;1,3;;0;0;0,4;0;0,5;0;0;0;0;0;0;0;0,2;0;11518560;;0;0;0;0,4;11510561;0;0;0,4;0;1,8;0;11518560;0,3;1,3;1,4;0,1;;0;1,2;0,1;11518560;0,1;0;0;0,8;0,1
2022-12-14 00:00:00.0;0;0,2;0,3;0,3;0,9;11518560;0,1;0,8;0;1,21;0,4;0;0;3;2;2,4;0,7;0,1;0,7;3,5;0;0,26;0;5,1;0;0;2,5;;0;0,2;4,2;0;2,8;1,4;0,03;0;0;0,3;0;0,2;0,8;0,5;11518560;;0,3;0;0,5;1;11510561;1;0;7,1;0;4,9;2,3;11518560;2,4;0,8;4,4;0,9;;0,6;3,9;0,8;11518560;0,1;0;0,1;1,2;0,8
2022-12-15 00:00:00.0;0;0;0;0;0;11518560;0;0;0;0;0;0;0;0;0;0;0;0;0;0;0;0,01;0;0;0;0;0;;0;0;0;0;0;0;0;0;0;0;0;0;0;0;11518560;;0;0;0;0;11518560;0;0;0;0;0;0;11518560;0;0;0;0;;0;0;0;11518560;0;0;0;0;0
2022-12-16 00:00:00.0;0,1;0;0;0;0;11518560;0;0;0;0,01;0;1,2;0,2;0;0;0;0;0;0;0;0;0;1,41;0;0,23;5,9;0;;0;0;0;0;0;0;0;0;0;0;5,1;0;0;0;11518560;;0;1,4;0;0;11510561;0;0;0;0;0;0;11518560;0;0;0;0;;0;0;0;11518560;0;0;0;0;0,1
2022-12-17 00:00:00.0;0;0;0;0;0;11518560;0;0;0;0;0;0;0;0;0;0;0;0;0;0;0;0,01;0;0;0;0;0;;0;0;0;0;0;0;0;0;0;0;0;0;0;0;11518560;;0;0;0;0;11518560;0;0;0;0;0,1;0;11518560;0;0;0;0;;0;0;0;11518560;0;0;0;0;0
2022-12-18 00:00:00.0;0;15,2;0;24,9;26,7;11518560;2,5;16,1;1,3;0,02;0;3,6;0;0;0;0;0;23,3;10,6;0;6;0,05;0;0;0;2;0;;37,9;12,3;0;7,3;0;0;0;12,1;0;17,6;11,4;11,4;0;10,6;11518560;;5,4;10,7;20,2;0;11510561;1;0;0;0;0;0;11518560;0;0;0;0;;21,1;0;0;11518560;0;0;18,3;0;0,4
2022-12-19 00:00:00.0;0;0;0;0;0,1;11518560;0,1;0,3;0;0;0;0;0;0;0;0;0;0;0,4;0;0;0;0;0;0;0;0;;0;0;0;0;0;0;0;0;0;0;0;1,2;0;1,3;11518560;;0,1;0;0,5;0;11518560;0;0;0;0;0;0;11518560;0;0;0;0;;0;0;0;11518560;0;0;0;0;0
2022-12-20 00:00:00.0;0;0;0,2;0;0;11518560;0;0;0;0;0;0;0;0;0;0;0;0;0;0;0;0;0;0;0;0;0;;0;0;0;0;0;0;0;0;0;0;0;0;0;0;11518560;;0;0;0;0,4;11518560;0;0;0;0;0,1;0;11518560;0;0;0;0;;0;0;0;11518560;0;0;0;0;0
2022-12-21 00:00:00.0;0;0;0;0,6;2,5;11518560;4,1;1,2;7,19;9,63;15,6;0;0;0;0;0,9;18,8;22,5;47,1;0;2,4;1,11;0;2,3;0;0,1;9;;0,9;10,1;5,8;18,6;0,5;0,1;0;20,8;0;11,9;0,1;19,8;0;5;11518560;;16,3;0,6;3,7;2,9;11518560;2;0;0,9;0;0;1,4;11518560;0;0;0;3,9;;8,6;0;23,7;11518560;2,5;7;17;0;3,8
2022-12-22 00:00:00.0;0;0;0;0;0,1;11518560;0,1;1,1;0,02;0,6;0;0;0;0;0;0,3;0;4,7;0;0;2,3;0;0;0;0;0;0,1;;0,1;3,6;0;0;0;0;0;0,2;0;0,2;0;0;0;0;11518560;;0,2;0;8,2;0,1;11518560;0;0;0;0;0;0;11518560;0;0,1;0;0,3;;0,8;0;0;11518560;0;0;0,6;0;0,3
2022-12-23 00:00:00.0;0,2;0;0;0;0;11518560;3,2;0;0,57;0,1;0;0;0;0,1;0,2;0,1;0;5,2;0;0,5;0,4;0,09;0,21;8,2;0;2,4;2,2;;3,4;0,2;2,6;0,1;2,8;0;0,96;0;0,4;0,8;26,1;0;0;0;11518560;;0;5,7;0;0;11518560;0;0;0,7;0;0,1;2,5;11518560;0;0;0;0;;1;0;0;11518560;0;0;0,8;0;0
2022-12-24 00:00:00.0;0;0;0;15,7;0,4;11518560;0;0,2;0,01;0;0;0;0;0;0;0;0;0;0,2;0;0,4;0;0;0;0;0;0;;0;0;0;1,6;0;0;0;0;0;0,1;0;3,4;0;1,1;11518560;;7,7;0;2,9;0;11518560;0;0;0;0;0;0;11518560;0;0;0;0;;0;0;0;11518560;0;0,1;0;0;0
2022-12-25 00:00:00.0;0;0,1;0;18,5;19,6;11518560;0;22,7;0;0;0;0;0;0;0;0;0;0;9,4;0;0;0;0;0;0;0;0;;0;0;0;0;0;0;0;0;0;0,7;0;1,5;0;3,9;11518560;;19,7;0;58,2;0;11518560;0,2;0;0;0;0;0;11518560;0;0,4;0;0;;0,3;0;0;11518560;0;0;1,1;0;0,1
2022-12-26 00:00:00.0;0;0;0;0;0;11518560;0;0;0;0;0;0;0;0;0;0;0;0;0;0;0;0;0;0;0;0;0;;0;0;0;0;0;0;0,03;0;0;0;0;0;0;0;11518560;;0;0;0;0;11518560;0;0;0;0;0;0;11518560;0;0;0;0;;0;0;0;11518560;0;0;0;0;0
2022-12-27 00:00:00.0;0;0;0;0;0;11518560;0;0;0;0;0;0;0;0;0;0;0;0;0;0;0;0;0;0;0;0;0;;0;0;0;0;0;0;0;0;0;0;0;0;0;0;11518560;;0;0;0;0;11518560;0;0;0;0;0;0;11510561;0;0;0;0;;0;0;0;11518560;0;0;0;0;0
2022-12-28 00:00:00.0;0;0;0;0;18,9;11518560;0,3;22;0,84;0;0,3;0;0;0,6;0,6;0;0,1;0;10,5;4,3;1;0;0;0,4;0;0;0;;0,1;0,5;0;2,1;3,8;0,3;0,05;0,4;0;0,5;0;3,6;0,9;2,5;11518560;;0;0,3;3,7;0,1;11518560;0;0;5,9;0;0;0,7;11518560;0;0;1,8;0;;1,3;0;0,1;11518560;0;0,1;1,1;0,1;0
2022-12-29 00:00:00.0;0,4;1,9;12,6;23,4;0,8;11518560;2,9;4,2;0,58;21,83;8,4;0,1;0;0,1;0,2;14,4;8,8;4,8;9,6;0,1;9,2;15,67;0,52;29;0,46;0;20,3;;10,6;31,2;19,3;10,2;0,2;11,1;2;1,3;0,3;19,4;1,1;8,6;2;12;11518560;;17,7;0,9;1,2;1,2;11518560;3,2;0;4,4;0,8;0;15,6;11518560;0;0;0;12,9;;19,5;0;3,3;11518560;5,9;1,9;15,4;0,2;11,1
2022-12-30 00:00:00.0;0,1;0,2;3,3;0,1;12,3;11518560;6,2;29,4;4,17;26,18;0,5;0;0;0;0,1;12,6;0,1;4,8;4,4;0;1,3;11,25;0,19;2,6;0,29;0,1;13,3;;7,9;10,7;2,2;0,9;0;7,4;0,97;1,2;0;1;2,6;1,3;0;1,7;11518560;;0,1;0,7;44,5;0,2;11518560;22,5;0;0;0,1;0;16,6;11518560;0;0,1;0;11,6;;4,8;0;0;11518560;0,5;0,1;4,9;0;22,6
2022-12-31 00:00:00.0;0,6;4,6;10;4,5;14,9;11518560;3,2;15,5;2,59;21,76;6,2;0,3;0;0,3;0,5;16;20,3;24,4;4,7;1,4;6,1;15,62;0,49;21,7;1,05;1,5;23,5;;5,6;14;11,9;15;3;20,8;1,05;1,6;0,4;19,7;4,1;1,7;6,3;0,7;11518560;;5,6;3,5;9,4;3,2;11518560;6,1;0,1;5,7;0,7;0,2;23,1;11518560;0;4,2;1,1;24,8;;21,3;0;5,1;11510561;2,5;1,2;26,3;0,3;11,3
2023-01-01 00:00:00.0;0,3;11,1;1,8;17,9;43,3;11518560;4,9;54,4;7,81;7,2;0,3;5,8;2,6;8;5,8;7,4;0,1;6,1;35,6;8,3;15,2;4,44;1,58;14,2;0,44;2,3;8;;5,2;5,3;11,5;6,1;6,9;2,5;0,14;4,6;0,1;11,2;1,1;11,6;0,6;9,6;11518560;;14,2;2,3;28,7;0,4;11518560;15,3;1,3;14,8;1;4,4;5,3;11518560;1,2;2,9;4,4;4,1;;7,1;5,2;0,3;11518560;0,7;0,5;8,9;4;7,2
2023-01-02 00:00:00.0;3,6;0,8;4,2;12,4;10,4;11518560;0,8;4,4;0,2;17,43;3,3;0,7;0;10,6;7,4;13,8;5,3;4,1;4,1;16,9;0,9;14,8;0,81;8,3;3,16;0,8;21,2;;5,4;19,8;16,5;1,7;11,4;7,1;4,59;0,4;2,8;15,6;2,9;1,4;3,3;2,3;11518560;;14,5;3,2;19,9;4,8;11518560;37,2;0;12,3;0,5;8,9;8,5;11518560;0,3;10,2;16,6;13,4;;22,5;0;1,6;11518560;3;2,4;12,9;4,9;20,7
2023-01-03 00:00:00.0;2,1;0,4;0,8;12,6;13,6;11518560;0;10,8;0,4;3,84;0,7;0,3;0,3;0,8;0,6;9,5;0,8;2,9;3,2;1,2;18,7;1,71;0,17;2;0,14;0,1;4,4;;11,1;12,9;4,7;0,1;0,8;0,7;10,16;0;3,7;13,3;0,4;0,8;0,4;2,5;11518560;;15,6;0;47,1;0,6;11518560;26,9;2,2;1,3;0,7;1,4;1,2;11518560;8,7;13,9;1,3;5,3;;11,9;1,2;1,1;11510561;1,2;2;10,9;1,5;14
2023-01-04 00:00:00.0;0;1,2;0;13,2;12,2;11518560;0;9,1;0;0;0;0;0,2;10,1;13,8;0;0;0;2,3;7,7;0,6;0,02;0;0,4;0;0;0;;0;0,4;0;0;3;0;0;0;0;0,1;0;0,5;0;1,1;11518560;;25,5;0;6,9;0,1;11518560;3,6;0,1;4;0,2;3,6;0;11518560;0,1;11,9;7,7;0;;0,1;4,4;0;11518560;0;0;0;4,4;0
2023-01-05 00:00:00.0;2,2;0;0;0,4;0,1;11518560;0,2;0;0,14;0,01;0;2,2;2,2;0;0,1;1,9;0;0,4;0;0,9;0,2;0,06;2,53;2,2;0,79;1,4;0,1;;0,1;1,2;0,6;0;2,2;0;0,38;0,4;0,5;0,6;1,5;0;0,2;0;11518560;;0,4;1;0;0,1;11518560;6;0,9;1,9;0,6;0,2;0,9;11518560;0;0,8;0,4;0,1;;0,9;0;0;11518560;0;0;0,9;0;8
2023-01-06 00:00:00.0;0,2;0;0,2;29,7;36,2;11510561;8,3;46,7;7,25;0,5;0;0;0;0;0;18,8;0;20,2;49,3;0;5,2;6,02;0,01;0,3;0,12;0;5,2;;10,2;3,1;2,9;6,4;0;0;3,46;0,6;0,1;13,2;0,5;33,5;0;18,4;11518560;;31,8;0,9;58,2;0;11518560;29,3;0,1;1,4;0;2,1;0,8;11518560;0,3;42,1;0;0,2;;4,9;2,1;0;11518560;0;0;9,8;0;12,1
2023-01-07 00:00:00.0;5,6;5,8;3,9;5,7;6,2;11518560;16,9;7,5;10,93;1,12;11,3;7,5;1;1,8;5,3;0,5;19,7;2,8;26,6;0;14,6;1,5;16,48;1,1;15,31;6,1;0,5;;12,8;16,1;0,3;8,2;1,9;3,5;8,66;20,6;5,6;11,8;13,4;9,2;8,3;18,3;11518560;;6;5,6;1,8;1,4;11518560;4,5;1,4;0,2;4,5;4,8;3,5;11518560;8,6;2,4;0,1;2,5;;14;4,1;10,2;11518560;5,9;10,1;13,4;2,3;2,8
2023-01-08 00:00:00.0;0,4;1,8;0;1,7;1,2;11518560;2;1,2;1,18;0;0;1,9;0,3;0;0;0;0;0,7;1,3;0;1,1;0;0,12;0;0,05;1,1;0;;0,5;1,5;0;1,6;0;0;0,62;0,7;0,4;2,3;0,1;1,2;0;1,4;11518560;;3,2;0,4;2,1;0,5;11518560;0,4;0,2;0,1;0,2;1,7;0;11518560;0,1;0,4;0,2;0,1;;1,9;2,6;0,1;11518560;0,1;0,1;1,8;0;0,2
2023-01-09 00:00:00.0;0;25,6;0;1,2;35,9;11518560;8;34,3;5,63;0;0;3,9;7,3;0;0;0;0;21,1;19,1;0;17,1;0;1,16;0;0,03;4,8;0;;14,7;2;0;15,8;0;0;0;14,9;0;3,9;0,9;4,2;0;3;11518560;;2,4;6,3;17,4;0;11518560;0,1;0,6;0;0,1;4,8;0;11518560;0;1,1;0;0;;1,7;0;0;11518560;0;0;5,1;0;0
2023-01-10 00:00:00.0;10,7;6,5;7,8;9;41;11518560;10,6;28,6;18,33;21,93;5,4;15,2;7,1;20;11,3;5,9;3,6;30,1;45,8;16,7;15,2;29,69;17,42;14,7;11,02;13,4;9,3;;22,1;14,1;11,9;13,7;15,4;5,7;14,43;11,6;12,5;23,6;19,7;14,3;4,8;9,7;11518560;;16;19,9;20,2;3,5;11518560;15,7;6,3;14,5;11,6;24,8;15,3;11518560;8,3;8,2;14,4;12,4;;17,8;5,5;10,5;11518560;7,9;10;27;11,1;7,2
2023-01-11 00:00:00.0;0,7;1,3;1,6;3,4;3,2;11518560;1,9;2,6;2,59;3,19;5,1;11;12,9;4,9;2,5;3,6;8;2,4;2,6;4,2;3,5;2,93;8,79;4,5;1,75;6,1;4,4;;1,9;2,4;5,4;3,4;3,7;3,2;1,87;10,9;0,5;2,8;3,6;2,5;2,6;4,6;11518560;;3,4;9,3;2,2;3,8;11518560;3,1;10,7;5,4;4,2;10,8;2,8;11518560;8,7;3,6;3,7;2,1;;2,5;10,5;5,9;11518560;1;1,1;2,7;4,4;3
2023-01-12 00:00:00.0;4,1;0,4;5;4,7;3,2;11518560;2,1;2,1;1,85;5,39;4,2;2,7;2,3;11,3;9,3;6,2;6,1;5,5;3,4;9,4;1,3;4,74;5,34;6,7;3,87;3,1;6,3;;2;4,3;8,5;3,2;9,6;7,5;4,47;0,9;3,7;4,2;5,9;2,8;6,6;3,6;11518560;;4,7;2,5;2,2;10,7;11518560;6,3;2,5;9,7;2,6;16,5;7;11518560;25,6;7,1;11,2;4,7;;4,5;15,3;5,5;11510561;3,7;4,7;3,9;11,7;5,7
2023-01-13 00:00:00.0;0;0,2;1,9;0,3;0;11518560;0,3;0;0,34;0,5;0;6,2;4,5;0,1;0,1;0;0;0,1;0;0,1;0,1;0,42;5,65;0;0,17;7,3;0,2;;0,8;0;0;0;0;0;0,34;0,1;0;0;4,2;0;0;0;11518560;;0,3;2,5;0,3;0,1;11518560;0;0,4;0,3;1,4;2,2;0;11510561;0,5;0,1;0,2;0,5;;0;1,3;0;11518560;1;0,5;0,1;0;0
2023-01-14 00:00:00.0;8,5;0,2;3,3;10,6;6;11518560;2,6;6,8;0,81;6,43;2,9;0,3;12,7;2;0,8;23,4;2,6;6,5;5,2;7,7;4,1;18,89;5,01;10,7;4,25;3,1;11,9;;4;15,2;16,1;12,1;3,1;6,3;3,87;0;4,2;5;9,9;6,7;8,1;6,5;11518560;;10,8;0,3;7,6;17,5;11518560;41,5;12,5;20;9,5;3,3;12,5;11518560;4,9;15,5;8,1;9,3;;13,9;0,2;1,5;11518560;2,4;2,2;5,9;0,2;19,1
2023-01-15 00:00:00.0;7,1;0,1;14,5;5,7;11,2;11510561;15,8;12,2;21,68;17,71;8,5;10,6;2,5;2,8;3,4;14,5;9,2;15,3;20,6;9;18,5;17,55;8,88;18,6;5,97;11,5;17,1;;26,3;21,8;21,1;14,5;6,7;10,4;11,59;28,2;7,6;18,1;5,3;22,2;4;28,8;11518560;;4,3;11;17,6;9,6;11510561;7,5;4,8;14;5;1,1;11,2;11518560;0,6;0,2;3,9;12,6;;15,3;1,4;14;11518560;11,4;15,7;12,1;4;17,5
2023-01-16 00:00:00.0;0,1;0,3;0;1,8;0;11518560;0;0;0;0,44;0;0,1;0,1;1;2,2;2,5;0;1,7;0;1,4;0,2;0;0,02;2,1;0,23;0;3,1;;0,1;0,3;8,2;0;1,5;0,6;0;0,1;0;3,2;0;0;2,1;0;11518560;;0,4;0;0;0,7;11518560;0,6;0;1,6;0,1;0,6;0,9;11518560;0;0;1,4;0,3;;1,3;0;0;11518560;0;0,1;1,3;0,6;0,4
2023-01-17 00:00:00.0;0;0,2;2,6;45,4;0;11518560;11,1;0;2,82;7,55;3,4;3,9;0,2;0,2;0,3;13,7;12,8;1,9;0,3;1,6;0,7;13,7;3,16;17,7;10,72;10,7;13,1;;0,3;44,7;9,7;1,5;2,7;1,2;11,87;2,9;0,2;20,9;1,6;1,1;0,1;2,8;11518560;;3,9;7,3;0;14,6;11518560;14,1;0;2,8;0,1;0,1;3,9;11510561;0,2;0,7;0,8;3,6;;42,7;1,5;3,6;11518560;1,4;0,4;31,8;0;20
2023-01-18 00:00:00.0;0,1;0,2;1,4;13,2;16,2;11518560;7;21,7;3,24;15,4;0;0,8;0;0;0;32,9;1,8;1,3;25,4;0;19,3;7,5;0,24;0,1;4,2;0,1;33,3;;26,2;25,4;12;17,3;0;0;0;1,6;0,7;7,9;3,1;25;0;28,2;11518560;;5,6;4,4;20,4;0,2;11518560;18,9;0;0;0,1;0,2;0,9;11518560;1,8;0,4;0;2,6;;21,1;0,3;2,6;11518560;0,1;1;7,3;0;22,3
2023-01-19 00:00:00.0;14,1;0,2;5,2;16;22,9;11518560;6,1;20;5,71;10,5;5,3;12,1;6,6;2,6;2,4;21,8;6,7;14,6;12,7;1,7;4,4;12,06;20,11;3,4;15,22;31,2;14,1;;19,7;9,2;8,7;17,9;2,6;3,7;12,77;14,3;7,6;9,4;20,3;20,9;5,1;30,5;11518560;;16,6;36,6;12,6;14,6;11518560;15,3;6,1;1;10,8;3,5;3,7;11518560;8,5;7;1,8;4,1;;9,2;5,6;8,1;11518560;6,7;4,1;7,7;5,1;10,4
2023-01-20 00:00:00.0;0,3;0,1;0,1;0;0;11518560;0,1;0;0;0,05;1,9;0;0;0,2;0;0;2,3;0,1;0,1;0;0;0,06;0,03;0,1;0,01;0;0,4;;0;0;0,3;0;0;0,5;0;0;2,5;0;0,3;0;0,6;0;11518560;;0,1;0;0;0,1;11518560;0;0;0;0;1,1;0,1;11518560;1,4;0;0;0;;0;0;2,6;11518560;0,9;1,6;0;0;0,1
2023-01-21 00:00:00.0;9;0,2;0,6;0;0;11518560;0;0;0,36;1,11;0;4,9;0,1;0;0;0,7;0,2;0,2;0;0;0,1;3,47;17,04;0;7,65;11,2;0,6;;0;0,2;0,7;0;0;0,2;7,8;2,8;6,9;0;13,6;0;0;0;11518560;;0;1,6;0;0;11518560;0,2;5,3;0;8,5;0,2;0;11518560;0,1;0,4;0;0,3;;0,1;0;0,8;11518560;1,7;0,6;0;0;1,1
2023-01-22 00:00:00.0;0;0;0;0;0;11518560;0;0;0;0;0;0;0;0;0;0;0;0;0;0;0;0;0,01;0;0;0;0;;0;0;0;0;0;0;0;0;0;0;0;0;0;0;11518560;;0;0;0;0;11518560;0;0;0;0;0;0;11510561;0;0;0;0;;0;0;0;11518560;0;0;0;0;0,1
2023-01-23 00:00:00.0;0;0,1;0,1;0,2;0,3;11518560;0;0,3;0;0,62;0;0;0;3,1;1,9;3,3;0;0;0;2,3;0;0,08;0;5,5;0;0;1,7;;0;0;3,5;0;1,1;0,9;0;0;0;0;0;0,2;1,9;1,3;11518560;;0;0;0,3;2,3;11518560;0,9;0;3,3;0;1;2,5;11518560;2,2;0,4;2,5;0,3;;0,3;0,3;0,2;11518560;0;0;0,1;1,3;0,8
2023-01-24 00:00:00.0;0;0,1;0;0,2;0,1;11518560;0;0;0;0,06;0;0;0;0;0;0;0;0;0;0;0;0;0;0,4;0;0;0,1;;0;0;0,2;0;0;0,2;0;0;0;0;0;0;0;0;11518560;;0;0;0,1;0;11518560;0;0;0,6;0;0,1;0,2;11518560;0,1;0,2;0;0;;0;0;0,1;11518560;0;0;0;0;0
2023-01-25 00:00:00.0;0;0;0;0;0;11518560;0;0;0;0;0;0;0,3;0;0;0;0;0;0;0;0;0;0,03;0;0;0,3;0;;0;0;0;0;0;0;0;0;0,2;0;0;0;0;0;11518560;;0;0;0;0;11518560;0;0;0;0;0;0;11510561;0;0;0;0;;0;0;0;11518560;0;0;0;0;0
2023-01-26 00:00:00.0;0;0;0;0;0;11518560;0;0;0;0,01;0;0;0;0;0;0;0;0;0;0;0;0,01;0;0;0;0;0;;0;0;0;0;0;0;0,6;0;0;0;0;0;0;0;11518560;;0;0;0;0;11518560;0,2;0;0;0;0;0;11510561;0;0;0;0;;0;0;0;11518560;0;0;0;0;0
2023-01-27 00:00:00.0;0;0;0;0;0;11518560;0;0;0;0;0;0;0;0;0;0;0;0;0;0;0;0;0,01;0;0;0;0;;0;0;0;0;0;0;0;0;0;0;0;0;0;0;11518560;;0;0;0;0;11518560;0;0;0;0;0,1;0;11518560;0;0,1;0;0;;0;0;0;11518560;0;0;0;0;0
2023-01-28 00:00:00.0;0;0,2;0;0;0;11518560;0;0;0;0,01;0;0;0;0;0;0;0;0;0;0;0;0;0;0;0;0;0;;0,2;0;0;0;0;0;0;0;0;0;0;0;0;0;11518560;;0;0;0;0;11518560;0;0;0;0;0;0;11518560;0;0;0;0;;0;0;0;11518560;0;0;0;0;0
2023-01-29 00:00:00.0;0;0,2;0;0;0;11518560;0;0;0;0;0;0;0;0;0;0;0;0;0;0;0;0;0;0;0;0;0;;0;0;0;0;0;0;0;0;0;0;0;0;0;0;11518560;;0;0;0;0;11518560;0;0;0;0;0;0;11518560;0;0;0;0;;0;0;0;11518560;0;0;0;0;0
2023-01-30 00:00:00.0;0,5;0,1;3,6;1;0;11518560;0,3;0;0;0,72;1,3;0;0;5,4;3,4;0,5;3,6;4,8;0,5;0,2;6;7,41;0,08;0,3;0,68;0,1;0,7;;4,7;22,3;1,6;0;2,7;2,5;2,75;0,2;0,7;19,6;3,1;0,5;1,5;1,5;11518560;;0;2,2;0;3,2;11518560;1,6;0;0,1;0;2,4;0,3;11510561;0;0;0,2;2;;18,4;1,6;0,4;11518560;2,4;1,1;19,2;1,4;1
2023-01-31 00:00:00.0;0;0;0;0;0;11518560;0;0;0;0,01;0;0;0;0;0;0;0;0;0;0;0;0,01;0;0;0;0;0;;0;0;0;0;0;0;0;0;0;0;0;0;0;0;11518560;;0;0;0;0,1;11518560;0,1;0;0;0;0,1;0;11518560;0;0;0;0;;0;0,1;0;11518560;0;0;0;0;0,1
2023-02-01 00:00:00.0;0;0;0;0;0;11518560;0;0;0;0;0;0;0;0;0;0;0;0;0;0;0;0,01;0;0;0;0;0;;0;0;0;0;0;0;0;0;0;0;0;0;0;0;11518560;;0;0;0;0,1;11518560;0,4;0;0,2;0;0,2;0;11518560;0;0;0;1,7;;0,2;0;0;11518560;0;0;0;0;0,7
2023-02-02 00:00:00.0;0;0,2;0;0;0;11518560;0;0;0,17;0,02;0;0;0;0;0;0;0;0;0;0;0;0;0;0;0;0;0;;0;0;0;0;0;0;0;0;0;0;0;0;0;0;11518560;;0;0;0;0;11518560;0;0;0;0;0,1;0;11518560;0;0;0;0;;0;0;0;11518560;0;0;0;0;0,1
2023-02-03 00:00:00.0;0;0;0;0;0;11518560;0;0;0;0,01;0;0;0;0;0;0;0;0;0;0;0;0,01;0;0;0;0;0;;0;0;0;0;0;0;0;0;0;0;0;0;0;0;11518560;;0;0;0;0;11518560;0;0;0;0;0;0;11510561;0;0;0;0;;0;0,3;0;11518560;0;0;0;0;0
2023-02-04 00:00:00.0;0;0;0;0;0;11518560;0;0;0;0;0;0;0;0;0;0;0;0;0;0;0;0;0;0;0;0;0;;0;0;0;0;0;0;0;0;0;0;0;0;0;0;11518560;;0;0;0;0;11518560;0;0;0;0;0;0;11510561;0;0;0;0;;0;0;0;11518560;0;0;0;0;0
2023-02-05 00:00:00.0;0;0;0;0;0;11518560;0;0;0;0,04;0;0;0;0,5;0,5;0;0;0;0;0,9;0;0;0;0,1;0;0;0;;0;0;0;0;0,6;0;0;0;0;0;0;0;0,2;0;11518560;;0;0;0;0,6;11518560;0;0;0,7;0;1;0;11518560;0,1;0;1,3;0;;0;0,4;0;11518560;0;0;0;0,2;0
2023-02-06 00:00:00.0;0;0;0;0;0;11518560;0;0;0;0;0;0;0;0,1;0;0,2;0;0;0;0,6;0;0;0;0,3;0;0;0,1;;0;0;0,1;0;0,4;0,3;0;0;0;0;0;0;0;0;11518560;;0;0;0;0;11518560;0,4;0;0,5;0;0,2;0;11518560;0,1;0,1;1;0;;0;0,1;0,3;11518560;0;0;0,1;0;0
2023-02-07 00:00:00.0;0;0;0;0;0;11518560;0;0;0;0;0;0;0;0;0;0;0;0;0;0;0;0;0;0;0;0;0;;0;0;0;0;0;0;0;0;0;0;0;0;0;0;11518560;;0;0;0;0;11518560;0;0;0;0;0;0;11518560;0;0;0;0;;0;0;0;11518560;0;0;0;0;0
2023-02-08 00:00:00.0;0;2,3;0;0;0;11518560;1,8;0;1,62;0;0;0,2;0,3;0,2;0;0;0;0;0;0,2;0;0;0,51;0;0,18;0;0;;1,9;0;0;1,8;0;0;0,01;2,5;0;0;0;0;0;0;11518560;;0;0,9;0;0;11518560;0;0,2;0;0,2;0,1;0;11510561;0;0;0;0;;0;0;0;11510561;0;0;0;0;0
2023-02-09 00:00:00.0;0;0,3;0;0;0;11518560;10;0;18,45;0;0;0;1,1;0;0;0;0;1;0;0;9,5;0;0,05;0;0,01;0;0;;5,5;0;0;0;0;0;0;11,2;0;0;0;0;0;0;11518560;;0;0,6;0;0;11518560;0;4,3;0;1;0;0;11518560;0;0;0;0;;0;0;0;11518560;0;0;0;0;0
2023-02-10 00:00:00.0;0;0;0;0;0;11518560;0;0;0,01;0;0;0;0;0;0;0;0;0;0;0;0;0;0;0;0;0;0,2;;0;0;0;0;0;0;0;0;0;0;0;0;0;0;11518560;;0;0;0;0;11518560;0;0;0;0;0;0;11518560;0;0;0;0;;0;0;0;11518560;0;0;0;0;0
2023-02-11 00:00:00.0;0;0;0;0;0;11518560;4,8;0;12,42;0;0;0;0;0;0;0;0;0;0;0;0;0;0;0;0;0;0;;0;0;0;0;0;0;0,02;6,8;0;0;0;0;0;0;11518560;;0;10,6;0;0;11518560;0;0;0;0;0;0;11518560;0;0,1;0;0;;0;0;0;11518560;0;0;0;0;0
2023-02-12 00:00:00.0;0;0;0;0;0;11518560;0;0;0;0;0;0;0;0;0;0;0;0;0;0;0;0;0;0;0;0;0;;0;0;0;0;0;0;0;0;0;0;0;0;0;0;11518560;;0;0;0;0;11518560;0;0;0;0;0;0;11518560;0;0,1;0;0;;0;0;0;11518560;0;0;0;0;0
2023-02-13 00:00:00.0;0;0;0;0;0;11518560;0;0;0;0;0;0;0;0;0;0;0,2;0;0;0;0;0;0;0;0;0;0;;0;0;0;0;0;0;0;0;0;0;0;0;0;0;11518560;;0;0;0;0;11518560;0;0;0;0;0;0;11518560;0;0,1;0;0;;0;0;0;11518560;0;0;0;0;0
2023-02-14 00:00:00.0;0;0;0;0;0;11518560;0;0;0;0;0;0;0;0;0;0;0;0;0;0;0;0;0;0,3;0;0;0;;0;0;0;0;0,2;0;0,01;0;0;0;0;0;0;0;11518560;;0;0;0;0,1;11518560;0;0;0;0;0;0;11518560;0;0,1;0;0;;0;0;0;11518560;0;0;0;0;0
2023-02-15 00:00:00.0;0,2;0;0,4;0;0;11518560;0,2;0;0;0,67;0,1;0;0;0;0;0,2;0;0;0;0,2;0;0,25;0;0,3;0;0;0,7;;0;0;2,3;0;0;0;0,25;0;0,3;0;0;0;0;0;11518560;;0;0;0;0;11518560;0;0;0,4;0;0,1;0;11518560;0,5;0,3;0,3;0,4;;0;0,1;0,3;11518560;0;0,2;0;0;0,2
2023-02-16 00:00:00.0;18,3;0,5;2,1;1,5;1,3;11518560;7,4;0,1;13,88;1,44;1,5;3,1;9;3,1;0,5;0,6;1,9;4;1,2;1,7;1,4;1,53;1,16;1,6;3,27;2,1;1,3;;5,8;0,6;1,5;3,9;0,9;1,4;3,95;1;12,3;0,6;0,7;1,2;0,5;0;11518560;;1,2;3,9;1,7;1,4;11518560;0,9;2,5;2;4,4;2,1;1,1;11510561;1,3;1,1;3,9;1,2;;0,8;0,9;3,2;11518560;2,6;4,2;0,6;0,2;0,6
2023-02-17 00:00:00.0;9,1;0,3;2,2;11,9;0,8;11518560;0;0,3;0,12;2,75;5,5;0,9;1,1;5,3;5,1;18,7;9,8;2,7;0,7;15,5;0,6;1,51;2,18;5,5;2,43;0,5;9,1;;0,9;14,3;12,8;0,1;9,1;5,6;2,24;0,2;5,1;7,3;0,9;0,7;4,8;0;11518560;;8,1;0,7;1,5;6;11518560;50,7;2;12,1;4,5;7,9;4,4;11518560;0;29,4;11,8;1,8;;10,2;1,7;10;11518560;2,2;3,2;4,1;6;21,2
2023-02-18 00:00:00.0;8,2;5,6;8,4;6,9;19,9;11518560;37,1;25,5;3,73;25;1,5;6;2,7;2,9;0,6;22,7;2,9;11,2;38,5;6,4;0;15,27;8,68;27;2,85;2;28,6;;1,7;16,7;34,2;34,2;5,6;13,6;1,32;0,7;2,6;28,6;8;35,7;1,6;0;11518560;;8;5,2;7;8,6;11518560;12,2;5;12,9;7,1;0,8;34,3;11518560;9,5;10,8;5,9;10;;23,9;3,9;4;11518560;0,6;1,6;35,5;0,4;20,9
2023-02-19 00:00:00.0;0;0,3;0;0,1;9,6;11518560;0;7,6;0;0,01;0;0;0;0;0;0;0;0;6,3;0;0;0;0,01;0;0;0;0;;0;0;0;10,2;0;0;0;0,5;0;0;0;7,8;0;0;11518560;;1,3;0;2,5;0;11518560;0;0;0;0;0;0;11518560;0;0;0;0;;0;0;0;11518560;0;0;0;0;0
2023-02-20 00:00:00.0;3,3;0,2;0,1;5,9;10,1;11518560;10,2;11,6;13,43;0,96;0;3,2;3;0,2;0,4;2,4;0;3,5;13,9;0;21,1;0,24;3,92;0,8;3,09;2;2,8;;10,7;6,8;4;12;0,2;0;0,43;6,6;1,3;3,2;2;14,6;1,3;0;11518560;;6,1;1,4;7,9;0,7;11518560;3,1;3,5;0,7;4;0,4;0;11518560;0;1,1;0;0;;7;0;0,1;11518560;0,3;0,3;5,2;1,2;4,6
2023-02-21 00:00:00.0;1,1;0,8;2,2;10,1;11,9;11518560;19,5;13,1;26,61;0,92;1,2;2,2;0,8;0,4;0,4;3,1;1,3;13,4;9,7;0,1;;1,21;1,47;0,2;1,13;2,5;2,4;;20,8;15,7;0,6;9,8;0,1;0,5;0,64;18,5;1;24,8;1,3;6,2;0,3;0;11518560;;6,7;6,9;12,3;1,8;11510561;8,3;0,2;0,1;0,3;0,5;0,5;11510561;1,9;1;0,1;0,2;;21,7;0,2;1,1;11518560;1,1;1,2;23,3;0,7;9,6
2023-02-22 00:00:00.0;0,2;0,5;0,1;0;0;11518560;0;0,2;0,03;0,17;0,2;0;0,1;0;0,1;0;0,2;0;0;0;0;0,02;0,07;0;0,08;0;0;;0;0;0;0;0;0;0,12;0,1;0,3;0;0;0,4;0,2;0;11518560;;0;0;0;0,7;11518560;0;0,1;0;0,1;0,2;0,2;11518560;0,1;0;0;0,1;;0;0,2;0,4;11518560;0,2;0,2;0;0,2;0,1
2023-02-23 00:00:00.0;0;1,1;0;0;0;11518560;0;0;0;0,01;0;0;0;0;0;0;0;0,5;0;0;0;0;0,01;0;0;0,2;0;;0;0;0;0;0;0;0;0;0;0;0;0;0;0;11518560;;0;0;0;0;11518560;0;0;0;0;0,1;0;11518560;0;0,1;0;0;;0;0;0;11518560;0;0;0;0;0
2023-02-24 00:00:00.0;0;0,3;0;0;0;11518560;0;0;0;0,02;0;0;0;0;0;0;0;0;0,2;0;0;0;0;0;0;0;0;;0;0,3;0;0;0;0;0;0;0;0;0;0;0;0;11518560;;0;0;0;0;11518560;0;0;0;0;0;0;11518560;0;0;0;0;;0;0;0;11518560;0;0;0;0;0
2023-02-25 00:00:00.0;0;1;0;0;0;11518560;0;0;0;0;0;0;0;0;0;0;0;0;0;0;0;0;0;0;0;0;0;;0;0;0;0;0;0;0;0;0;0;0;0;0;0;11518560;;0;0;0;0;11518560;0;0;0;0;0;0;11518560;0;0;0;0;;0;0;0;11518560;0;0;0;0;0
2023-02-26 00:00:00.0;0;0,5;0;0;0;11518560;0;0;0;0;0;0;0;0;0;0;0;0;0;0;0;0,02;0;0;0;0;0;;0;0;0;0;0;0;0;0;0;0;0;0;0;0;11518560;;0;0;0;0;11518560;0;0;0;0;0,1;0;11518560;0;0;0;0;;0;0;0;11518560;0;0;0;0;0
2023-02-27 00:00:00.0;0;0;0;0;0,2;11518560;3,6;0,2;3,5;0,04;0;2;0;0;0;0;0;34,7;0,8;0;11;1,71;0;0;0,04;0,4;0;;11,5;0;0;0,8;0;0;1,51;3,1;0;1,7;2,3;0,8;0;0;11518560;;0;5,6;0,4;0;11518560;0;0;0;0;0,1;0;11518560;0;0;0;0;;0,3;0;0;11518560;0;0;1,3;0;0
2023-02-28 00:00:00.0;0;0;0;0;0;6999125,4;0;0;0;0;0;0;0;0;0;0;0;0;0;0;0;0;0;0;0;0;0;;0;0;0;0;0;0;0;0,1;0;0;0;0;0;0;11518560;;0;0;0;0;11510561;0;0;0;0;0,1;0;11518560;0;0,2;0;0;;0;0;0;11518560;0;0;0;0;0
2023-03-01 00:00:00.0;0,4;0;0,2;0;0,1;0;0;0;0;0,73;0,1;0;0,3;4,9;4,2;1,7;0,5;0;0;0,9;0,2;0,47;0,32;0,5;0,49;0,4;0,7;;0;0,5;0,6;0;0,8;0,3;0,53;0;0,3;0,3;0,1;0;4,1;0;11518560;;0;0;0;4,4;11518560;1,3;0,6;0,7;0,6;5,6;0,4;11510561;0,8;2,6;1,8;0,4;;1;5,8;0,4;11518560;0,1;0,1;0,3;5,8;1,4
2023-03-02 00:00:00.0;0,1;0;0,3;0,6;1;0;0,7;0,8;0,39;0,25;0;1;0,3;1,6;0,5;0,4;0;1;2,1;1,2;0;0,01;0,72;0,8;0,24;0,7;0,4;;1,1;0,5;2,2;2,6;0,3;0;0,04;1,2;0,2;0,5;1,1;2,2;0,1;0;11518560;;0,5;1,9;0,1;0,2;11518560;0,8;0,2;2,2;0,2;3,1;0,2;11518560;0,3;1,2;3;0,2;;0,7;1,6;0,2;11518560;0,2;0,1;0,5;0,2;0,7
2023-03-03 00:00:00.0;0;0;0;0,3;0;0;0;0;0;0,12;0;0;0;0,7;0,4;0,8;0;0;0;0,2;0;0,08;0;0,1;0;0;0,2;;0;0;0,4;0;0,1;0;0;0;0;0,1;0;0;0,4;0;11518560;;0;0;0;1,8;11518560;0,7;0;0,6;0;5;0;11518560;1,3;1;0,9;0;;0;1,1;0;11518560;0;0;0,1;1,2;0,4
2023-03-04 00:00:00.0;0,6;0;1,7;2;2,9;0,2;1,2;4,4;0,18;1,64;2,4;0,1;0;6,8;4,4;3;2,1;0,6;1,1;7,5;0,3;0,14;0,19;3,6;0,58;0,4;3,5;;1,1;0,1;6;1,3;6,3;2,1;0,48;0,6;0,5;0,5;0;1;2,3;0;11518560;;1,6;0,2;1,4;2,6;11518560;1,9;0;7,2;0,1;6,9;1,3;11518560;3,8;1,7;8,8;1,1;;0,5;1,6;2,7;11518560;1,4;1,5;0,8;5,1;2
2023-03-05 00:00:00.0;5,7;0,1;6,7;5;4,7;1,8;3,1;4,4;2,06;4,68;2,2;4,5;4,8;1,4;1;6,3;1,7;2,4;2,1;2,1;1,6;3,21;4,69;5,9;4,46;2,1;5,9;;2,4;1,1;9,6;1,8;1,5;3,4;4,01;1,8;5;3,5;1;1,6;0,9;0;11518560;;4,7;2,9;5,5;1,8;11510561;4;4,7;4,6;5,5;7,5;5,1;11510561;5,2;4,5;2,6;4,6;;2,1;2,8;2,6;11518560;3,7;4,9;1,9;1,6;6,8
2023-03-06 00:00:00.0;4,6;0;0,7;1,9;0;0;0;0,1;0;1,11;0,3;10,6;9,9;0;0;0,6;0,3;7,3;0;0;14,2;1,57;12,11;0,4;4,5;0,3;0,6;;4,6;11,9;0;0;0,1;1,1;0,08;0,9;2,7;7,3;1;0;0,1;0;11518560;;0;2,3;2;0,5;11518560;0,9;2,8;0;7,4;0;0,7;6759170,1;0;0,1;0;1,1;;3,7;0;0,1;11518560;0;0,4;5,5;0;1,2
2023-03-07 00:00:00.0;3,6;0;18;39,5;18,1;0,8;3,2;13,4;2,24;12,51;11,8;7,3;1,9;40,3;21,9;11,5;10,2;11,9;16,6;32,2;7;8,91;8,57;16,6;8,5;11,4;17,4;;16,8;21,1;20,3;6,8;22,1;15;13,24;4,8;3,6;20,7;11,6;13,1;8;0;11518560;;51,9;14,2;29,1;10,6;11518560;31,7;3,1;35,3;4,1;31,2;15,1;3,5;18,7;65,4;40,3;14,1;;17,6;14,7;6;7911027,8;9,5;8,4;15,7;25,6;14,7
2023-03-08 00:00:00.0;1,8;0,1;0,2;7,9;2,4;1,3;2,6;2,1;0,86;0,03;0,2;0,7;1,7;5,9;5,7;0,3;0,1;4,5;11,1;1,2;0;0,57;0,64;0,2;0,67;1,1;0,4;;0,4;0,3;0,4;5,4;1,2;0,1;1,33;0,5;1;13,6;0,3;8,9;2,6;0;6063245,5;;8,6;1,3;2,6;2,4;11518560;1,5;1;0,6;0,6;5,5;0,2;1,3;1;1,7;1,7;0;;1,3;6,6;0,1;0;0,4;0,3;5,1;5,2;0,5
2023-03-09 00:00:00.0;7,5;0,1;8,3;15,7;8,8;4,3;7,2;8,8;4,94;10,09;6,2;6,6;7,8;10,2;8,2;13,7;7,3;9,7;6,9;13,4;;8,75;7,64;13,3;5,57;7,8;13,4;;5,9;11,3;14,7;6,8;10;7,7;7,31;4,8;5,6;13,1;8,2;6,5;7,3;14,1;11,7;;19,5;8,8;15,2;11,2;5399326,1;19,5;5,1;17,1;5,4;6,7;9,8;5,4;13;17,7;14,4;9,6;;11,8;8,9;7,6;9,4;6,1;5,9;10,7;6,8;14,4
2023-03-10 00:00:00.0;0,5;0,2;0,5;18;13,5;3,1;5,8;20,6;5,35;11,48;0,2;0,2;0,8;5;3,4;16,8;0,2;2,6;8,8;6,6;;0,47;0,4;17,3;1,83;0,3;16,6;;0,8;6,8;15,3;17,4;5,9;0,9;0,61;2,1;0,2;13,6;1,3;3,5;1;3,5;0,3;;9,6;0,5;12,7;0,5;0,4;17,5;0,7;12,9;0,7;1,7;3,6;1,1;3,5;5,5;5,9;0,9;;9,3;2,4;0,2;1,4;0,4;0,3;9,4;2;10,8
2023-03-11 00:00:00.0;55,9;0,1;27,9;32,9;30,8;44,9;23;30,5;54,81;32,75;20;31,6;20,4;24,1;26,3;24;24,7;29,1;24,9;21;;28,15;24,83;25,9;29,64;17;28,4;;26,7;24,1;27,6;21,5;20,7;36,3;21,63;24,7;33,4;32,6;22,1;15,7;28,3;21,7;21,9;;37,3;18,4;35,9;34,2;31,1;20,5;37,3;25,5;37,9;25,3;35,3;24,7;21,3;19,8;21,2;32,7;;30,2;21,8;23,9;24,8;17,3;23,1;30,7;32,1;23,7
2023-03-12 00:00:00.0;14,9;0,4;11,9;9,9;20,4;37,5;11,6;21,9;29,12;13,03;17,8;12,9;11,7;16,4;21,2;18,1;19,2;16,5;16,2;17,2;8,4;11,48;12,91;18,8;12,33;17;15;;16,6;17,2;21,9;11,7;22,8;22,7;17,75;29;13,8;16,9;21,4;11,8;20,2;15,1;11,5;;12,2;15,6;19,7;26,2;18;14,6;12,6;22;11,6;7,8;18,1;30,1;7,4;12;17;11,4;;15,5;11,5;18,5;11,3;8,3;9,7;18,5;18,4;15,3
2023-03-13 00:00:00.0;39,5;0,3;16,1;10,4;16,8;7,8;7,3;11,5;6,47;7,56;20,8;21,6;13,3;3,5;2,9;7,4;8,3;12,5;7,8;2,5;7,8;9,74;23,83;4,6;17,2;27,8;4,9;;21,6;5,2;4,9;10;2,4;6,8;18,24;6,2;21;6,1;19,4;5,6;4,4;8,6;18,5;;13,2;16,9;11,4;4,5;4,7;4,1;12,6;3,8;15,1;9,9;6,1;14,6;5,5;2,1;3,2;11,3;;6;6,4;16,9;10,1;11,9;21;5,6;5,3;12,1
2023-03-14 00:00:00.0;7;0,3;0;0,3;0;8,7;0,3;0;28,31;0,19;0,1;1,5;0,2;0,2;0,1;0,5;0,1;1,6;0;0;0;0,15;0,36;0,1;1,17;1,2;0,4;;0,2;0,4;0,2;0;0;0,2;2,39;13,3;2;0,2;1,2;0;0,1;0,1;0,2;;0,6;6,6;0;0,2;0,2;0,7;0,4;0,1;0,8;2,6;0,2;17,8;0,7;0,3;0,2;0,1;;0,3;1,3;0,2;4,2;0,4;0,5;0,1;0,2;0,2
2023-03-15 00:00:00.0;0;2,8;0;4,7;23,8;1,8;0,6;12,7;0,2;1,84;0;0;0;6,7;2,1;10,9;0;0;5;11,3;0,1;0,25;0;14,8;0;0;9,8;;0;1,2;22,2;1,5;12,4;0,8;0;0;0;0;0;5,7;0,5;13,2;0;;34,6;0;48,3;0;0,1;1,7;0;11,7;0;11,8;3,1;0;0;10,6;4,4;0;;0,2;0,4;0;0;0;0;0;1,9;2,1
2023-03-16 00:00:00.0;0;0;0;0,1;0;0;0,4;0,1;0,13;0,01;0;0;0;0;0;0;0;0;0;0;0;0;0;0;0;0;0;;0;0;0;0;0;0;0;0;0;0,5;0;0;0;0;0;;0,1;0;0,4;0;0;0;0;0;0;0,1;0;0;0;0,1;0;0;;0,4;0;0;0;0;0;0,4;0;0
2023-03-17 00:00:00.0;0,6;1;21,8;7,7;18,2;0,6;3,1;14,2;0,09;5,87;1;0;0,1;1,1;0,6;5,8;0,3;0,1;6,4;2,2;2;5,84;0;2,7;0;0,1;4,4;;0,1;5,2;4,8;1,5;1,7;15,5;0;0;0;4,5;0;3,4;1,4;4,7;1,8;;15;0;18,8;0,3;5,5;16,5;0,3;8,8;0;31,6;6,4;0,9;4,2;13,1;4,3;15,4;;4,2;13,2;0,1;0,1;3,3;1;3,9;4,3;9,2
2023-03-18 00:00:00.0;23,4;0,2;28,4;31,1;1,7;1;4,3;1,2;2,23;32,7;23,9;6,4;2,7;42,3;32,9;37,3;20,7;20,3;0,2;46,8;0,4;15,7;11,23;29,8;19,33;8,3;26;;13,4;31,4;32,9;0,2;37;64,2;10,97;2,1;15,2;42,6;9,8;0,4;40,3;0,3;2,4;;65,9;11,9;10,3;30,1;79,3;38,8;10,3;51,7;18,2;20,3;41,3;3,6;17,7;18,6;58,1;46,7;;34,1;22,4;16,5;5,3;11,8;10;35;28,2;33,9
2023-03-19 00:00:00.0;0,4;16,3;12,1;48,9;3,1;0,4;0,6;2,4;0,42;9,76;6,5;0,6;0,2;4,3;4,4;11;5,4;21,3;2,9;4,3;1;16,64;2,47;6,5;2,17;4,1;8,7;;2,4;42,9;9,1;1,9;4,9;7,9;4,75;0,2;1,4;63,7;10,8;1,8;5,4;2,5;0;;58,7;1;7,2;5,1;7,7;22,2;0,2;6,4;0,3;3,9;8,4;0;2,4;3;5;9,5;;44,7;3,1;4;9,3;6,7;2,7;46,6;5,9;16,4
2023-03-20 00:00:00.0;0;2,1;0;0;0;0,1;0;0;0,01;0;0;0;0;0;0;0,1;0;0;0;0;0;0;0,03;0;0;0;0;;0;0;0,1;0,1;0;0;0;0;0;0;0;0;0;0,1;0;;0;0;0;0;0;0;0;0;0;0;0;0;0;0,9;0;0;;0;0;0;0;0;0;0;0;0
2023-03-21 00:00:00.0;0;9,4;3,5;17,6;19,2;0,4;1,1;16,6;0,18;20,3;1,2;0,7;0;1,2;1,8;20,3;1,7;40,1;21,2;6,5;2,9;20,69;0,05;17,5;0,05;1,2;24,5;;5,6;21,4;21,6;3,1;7,5;18,3;0,43;0,3;0;27,6;13,5;9,1;1,3;8,9;0,1;;15,8;9;17,7;0;21,2;20,1;0;19,7;0;0;16,5;0;3,5;10,4;6,3;11,4;;23,4;8,6;0,8;13,2;1,4;0,2;24,2;0;21,4
2023-03-22 00:00:00.0;0;0,1;8,3;12,1;4,5;0;0;1,7;0;5,98;9,2;0;0;0,8;0,9;3,5;10,7;0;1,1;1,2;0;10,67;0;2,1;0;1,5;8,6;;0;12,9;9,1;0,1;1,8;5;0,47;0;0;3,7;0;0,4;1,4;1,7;0;;8,1;0,2;1;3,2;7,3;11,4;0;1,3;0;0,3;4,8;0;0;13,6;0,6;3,9;;5,4;2;2,5;0,1;1,8;0,9;3,3;0,4;2,3
2023-03-23 00:00:00.0;0;0;0;0,9;0,7;0;0;0,3;0;0;0;0,1;0;0,2;0;0;0;0;0,3;0;0;0;0;0;0;0;0;;0;0;0;0;0;0;0;0;0;0;0;0;0;0;0;;1,6;0;0,5;0;0;0;0;0;0;0,3;0;0,1;0;1,2;0;0;;0;0;0;0;0,1;0;0;0;0,1
2023-03-24 00:00:00.0;0;6,6;0;24,5;53,1;1,6;0,5;22,6;0,17;0,01;0;0;0;4,5;10,9;2,4;0,1;1;4,4;3,2;0,5;0,05;0;0;0;0;0,4;;0,7;1,9;0,9;0,1;6,3;0;0;1,8;0;2,2;0;0,9;1,7;4,7;0;;46,2;0,3;8,8;0,1;0;14,4;0;0,8;0;4;0;0;3,7;40,8;2,5;0;;2,2;0,2;0;3,2;0;0;2,1;0,9;7,1
2023-03-25 00:00:00.0;4,1;0,7;5,7;2,2;0,4;5,4;5,6;0,4;2,32;10,29;1,6;2,1;1;18,9;19,9;12,7;1,7;5,8;0,1;22;0,4;11,03;3,53;26,6;0,81;6;16,1;;7,3;6,6;33,6;0;17,2;9,1;2,15;3,3;2,4;10;0,7;0;10,2;0;0,2;;1,6;3,5;0,9;7,8;8,2;3,5;0,3;30,2;1,4;31,5;17,3;0,8;14,4;5,4;24,6;11,9;;6,8;13,7;0,9;7,6;2,4;1,1;6,4;15,4;11
2023-03-26 00:00:00.0;0;0;0;0;0;0;0;0;0;0;0;0;0;0;0;0;0;0;0;0;;0;0;0;0;0;0;;0;0;0;0;0;0;0;0;0;0;0;0;0;0;0;;0;0;0;0;0;0;0;0;0;0,2;0;0;0,1;0,2;0;0;;0;1;0;0;0;0;0;0;0
2023-03-27 00:00:00.0;0;0;0;0;0;5,5;0;0;0,83;0;0;5;0;0;0;0;0;0;0;0;0;0;0,63;0;0;3;0;;0,9;0,5;0;0;0;0;0;2,1;0;0;0,2;0;0;0;0;;0;4,3;0;0;0;0;0;0;0;0,1;0;0,4;0;0;0;0;;0;0;0;0;0;0;0;0;0
2023-03-28 00:00:00.0;0;25,1;3,2;17,5;17,9;1,2;6,5;16;0,28;0,85;0,1;0;0;0,9;0,9;1,7;0,2;8,2;24,9;0,4;12,3;0,55;0;0;5,11;0;0,5;;1,3;5,7;0,4;6,5;0,4;0,1;2,7;0,1;0;22,6;0,5;15,7;2,1;30,1;0;;13,7;0;10,1;0,2;0,3;1,8;0;0;0;1,5;0;0;0;0,4;0,9;0,4;;13,6;4,7;0,5;4,2;4,8;1,9;14,9;1,2;0,4
2023-03-29 00:00:00.0;0;17;0,4;6,3;6,4;0,7;1,7;5,2;0,82;0,76;0;0;0,3;0,1;0,2;0;0;0;6,6;0,5;0;0,42;0,09;0,1;0;0;0;;0;0;0;4,4;0,5;0,7;0;0;0,1;0;0;4,3;0,3;7,9;4,5;;9,1;0;12,8;0;0,5;0;0,5;0,2;0;14;0,8;0;14,6;0,1;0,1;0,5;;0;1,5;0;0;0;0;0;0,1;0
2023-03-30 00:00:00.0;0;0;0;0,1;0,1;1,1;0;0,1;0;0;0;0;0;0;0;0,1;0;0;0;0;;0;0;0;0;0;0;;0;0;0;0;0;0;0;0;0;0;0;0;0;0;0,1;;0,2;0;0,2;0;0;0;0;0;0;0,8;0;0;0;0,2;0;0;;0;0;0;0;0;0;0;0;0
2023-03-31 00:00:00.0;0;0;0;0;0;0,2;0;0;0;0;0;0;0;0;0;0;0;0;0;0;0;0;0;0;0;0;0;;0;0;0;0;0;0;0;0;0;0;0;0;0;0;0;;0;0;0;0;0;0;0;0;0;0,1;0;0;0;0;0;0;;0;0;0;0;0;0;0;0;0
2023-04-01 00:00:00.0;0;0;0;0;0;0;0;0;0;1,47;0;0;0;0,6;0,7;0,3;0;0;0;0,4;0;0,03;0;1,6;0;0;0,9;;0;0;1;0,1;0,2;0,5;0;0;0;0;0;0,1;0;0,4;0;;0;0,1;0;0;0,1;0,1;0;1,8;0;1,9;1,9;1,4;0;0,4;0,1;0,7;;0;0,3;0;0;0;0;0;1,4;0
2023-04-02 00:00:00.0;0,9;0;0;1,3;0,6;1,3;0,3;0,1;1,02;0,28;0,1;5,4;0,5;7,8;3,3;2,6;1,2;0,7;0,4;4,4;0,2;0,58;0,7;5;0,46;0,9;1,6;;0,3;0,8;4,4;0,6;2,3;0,4;0,95;1,1;0,7;0,7;3;0,4;2,8;1,3;0,4;;0,9;0,3;0,6;1,3;0,4;2,4;0,1;10,9;0,3;8,1;0,7;4,8;0;2,9;12,8;0;;1,1;0,8;1,4;0,1;0,4;0,1;0,6;1,8;4,1
2023-04-03 00:00:00.0;0;0;0;0;0;0;0;0;0;0,01;0;0;0;0;0;0;0;0;0;0;0;0;0;0;0;0;0;;0;0;0;0;0;0;0;0;0;0;0;0;0;0;0;;0;0;0;0;0;0;0;0;0;0,1;0;0;0;0,5;0;0;;0;0;0;0;0;0;0;0;0
2023-04-04 00:00:00.0;0;0;0;0;0;0,1;0;0;0;0;0;0;0;0;0;0;0;0,1;0;0;0;0;0;0;0;0;0;;0;0;0;0;0;0;0;0;0;0;0;0;0;0;0;;0;0;0;0;0;0;0;0;0;0;0;0;0;0;0;0;;0;0;0;0;0;0;0;0;0
2023-04-05 00:00:00.0;10,7;3,1;11,8;28,5;21,4;7,8;13,5;20,1;8,66;3,17;3,2;1,9;1,7;2,3;1,7;5,7;0,4;16;18;4,4;0;5,35;1,55;5,9;3,43;1,6;2,2;;7,9;19,5;5,2;3,4;3,7;7,8;8,48;3,5;6,7;42,4;11,1;14,2;0,5;10,9;1,4;;16,6;3,3;26,3;1,6;3,6;18;1,3;6,5;1,3;0,8;4,3;2,8;0;20,1;3,9;4,8;;26,6;0;0,5;14,8;8,8;6,3;34,6;0,6;17
2023-04-06 00:00:00.0;0;8;0;0,9;1,8;4,2;0,3;1,4;1,18;0;0;1,7;0,3;0,1;0;0,7;0;0,9;1,5;0;0;0,08;0,16;0;0,04;0,4;0;;2,8;0,5;0,1;0,3;0;0;0;2,8;0;1,7;3,7;3,1;0;6,2;0,2;;12,1;0,5;0,2;0,2;0;0,8;0,1;0;0;0,7;0;0,8;0,8;13,1;0;0;;0,5;3,1;0;2,6;0;0;1,2;0,5;0,9
2023-04-07 00:00:00.0;0;0;0;32,2;13,7;0;0;10,7;0,06;0,03;0;0;0;1,8;1,4;1,5;0;0;6,4;3,9;2,4;0;0;0,4;0;0;0,4;;0,2;0;0,6;0;3,8;0,2;0;0;0;1,6;0;1,3;0;1,9;0;;29;0;18,2;0;0;1,4;0;3,5;0;3;0,2;0;0;7,8;3,3;0;;0,3;0,7;0;2,7;0;0;0;1,9;0,8
2023-04-08 00:00:00.0;1,3;13,7;3,1;2,7;29,7;4,9;13,7;32,9;2,62;0,3;0,8;0,3;1,3;0,2;0,1;1,3;1,2;0,1;18;0,4;;1,14;0,02;0,4;0;1;0,1;;0,5;1,8;0,8;17,7;0,6;0,2;0,01;0,8;2,3;4,7;0;18,5;0,8;20,1;0,4;;1,7;0,6;15,9;3,1;0,2;7,3;0,9;0,2;0,3;1,6;0,1;0,8;3,3;2,5;1,2;0,1;;2,8;1,4;1,1;0,2;1,6;0,4;2,2;0,2;1,5
2023-04-09 00:00:00.0;0;0,1;0;0;0;0,2;0;0;0,01;0;0;0,6;0;0;0;0;0;0;0;0;;0;0;0;0;0;0;;0;0;0;0,1;0;0;0,01;0,1;0;0;0;0;0;0;0;;0;0;0;0;0;0;0;0;0;0,7;0;0,9;0;0,1;0;0;;0;0;0;0;0;0;0;0,1;0
2023-04-10 00:00:00.0;0;0;0;0;0;0;0;0;0;0;0;0;0;0;0;0;0;0;0;0;0;0;0;0;0;0;0;;0;0;0;0;0;0;0;0;0;0;0;0;0;0;0;;0;0;0;0;0;0;0;0;0;2,4;0;0;0;0,2;0;0;;0;0;0;0;0;0;0;0;0
2023-04-11 00:00:00.0;0;10,8;0;0;0;0;0;0;0;0;0;0;0;0;0;0;0;0;0;0;0;0;0;0;0;0;0;;0;0;0;0;0;0;0,03;0;0;0;0;0;0;0;0,1;;0;0;0;0;0;0;0;0;0;0,4;0;0;0;0,2;0;0;;0;0;0;0;0;0;0;0;0
2023-04-12 00:00:00.0;0,6;0,6;0,1;1,6;1;0,8;1;0,9;1,29;0,26;0,1;1,3;0,3;0,5;0,7;0,1;0,2;1,3;0,9;0,2;0;0,24;0,46;0;0,56;1;0,2;;1,2;1,5;0,2;1;0;0;0,43;0,8;0,3;1,8;0,8;0,7;0,1;1;0,2;;1,7;1,7;1,3;0,9;0;1,1;0,3;0,1;0,4;1,3;0,1;1,1;0;0,5;0,7;0,1;;1,9;0,6;0,2;1,2;0,1;0,1;1,8;0,5;0,2
2023-04-13 00:00:00.0;0;0;0;0;0;0;0;0;0;0,02;0;0;0;0;0;0;0;0;0;0;0;0,01;0;0;0;0;0;;0;0;0;0;0;0;0;0;0;0;0;0;0;0;0;;0;0;0;0;0;0;0;0;0;0,3;0;0;0,1;0;0;0;;0;1,5;0;0;0;0;0;0;0
2023-04-14 00:00:00.0;0;0;0;0;0;0;0;0;0;0,3;0;0;0;0;0;0;0;0;0;0;0;0;0;0;0;0;0;;0;0;0;0;0;0;0;0;0;0;0;0;0;0;0;;0;0;0;0;0;0;0;0;0;0;0;0;0;0;0;0,6;;0;0;0;0;0;0;0;0;0
2023-04-15 00:00:00.0;0;0;0;0;0;0;0;0;0;0,01;0;0;0;0;0;0;0;0;0;0;0;0;0;0;0;0;0;;0;0;0;0;0;0;0,01;0;0;0;0;0;0;0;0;;0;0;0;0;0;0;0;0;0;0;0;0;0;0;0;0;;0;0;0;0;0;0;0;0;0
2023-04-16 00:00:00.0;3,3;9,5;4,2;8,7;18,4;3;14,8;15,1;8,59;9,86;2,2;6,7;3,6;2,7;1,5;9,9;0,9;9,5;37,3;4,5;;7,76;13,04;10,8;22,93;12,5;10,7;;7,6;17,5;16,7;18,9;3;7,5;2,54;3,1;2,3;9;3,3;33,5;1;38,8;2,7;;9,6;6,8;8,9;3,8;4,4;26,1;5,1;6,6;7,8;1,7;11,1;3,4;10,3;15,1;3,9;7,8;;18;0,6;0,5;8,2;1,9;1,4;12;0,1;19,5
2023-04-17 00:00:00.0;18,3;16,1;33;31,5;51,8;8;14,2;48,1;14,82;21,43;14,4;7,4;8,4;24,2;20,4;42,7;17,7;37,7;28,1;31,9;37,8;17,64;12,4;31;15,11;14,9;31,6;;20,5;16,5;38,5;13,7;26,8;31,4;14,55;9,8;17,3;25,4;28,6;28;16,1;44,9;11;;59,7;16,2;56,3;20,5;25,5;31;15,9;39,7;15,4;14,7;37;4,4;15,4;34,2;32,5;27,2;;24,4;13,8;17,4;28,3;26,9;13;23,4;19,3;40,3
2023-04-18 00:00:00.0;3,1;1,6;3,7;1,9;2;1;1,3;1,8;1,48;3,23;2,5;1,3;1,2;4,3;3,9;3,8;2,9;2,5;1,8;4,5;1,5;3,16;1,94;3,9;2,25;1,6;3,6;;1,8;2,7;4,3;1,5;4,1;4;2,74;1,6;2,8;2,3;2,3;1,5;3,8;2;1,6;;2;1,8;1,7;4,6;3,3;3,7;1,2;4,4;1,5;4,6;4,3;1,1;7;3,9;4,5;3,2;;2,9;5,3;3,2;1,8;2,7;2,8;2,3;3,8;2,9
2023-04-19 00:00:00.0;0;0;0;16,4;7,6;0;7,5;21,7;0,63;1,4;0;0;0;0;0;13,2;0;3,2;8,1;0;21;3,2;0;0;0,19;0;2,9;;0,7;24,7;0,8;30,1;0;0;0;1,2;0;4,1;0;11,6;0;11,8;0,2;;11,8;1,7;44,7;0;0;6,8;0;0;0;0;0;0;0;0,3;0;0;;17,2;0;0;0,6;0;0;7,8;0;31,4
2023-04-20 00:00:00.0;1;0;3,5;0;0;0;2,5;0;0,37;0,98;1;2,9;1,4;0;0,1;0,3;0,6;0,7;0;0;0,9;4,58;2,82;0,1;8,34;8,4;0;;0,8;0;0;0,5;0;0,6;8,96;0,5;2,5;0;9,7;0;14,8;0,2;0,4;;0,2;6,2;0;6,1;0,8;1;0;0;0;0,2;0,2;4,6;2,5;1;0;2;;0;0,5;1,4;0,3;7,8;4,2;0;0;1,5
2023-04-21 00:00:00.0;1,8;0;3,6;3,4;0,6;1,1;1;0,5;1,95;1,94;2,1;10,1;4,6;0;0;3,4;2;7;1,1;0;0,2;14,26;12,92;0,8;6,22;13,7;2,3;;21,1;6,6;1,1;2,3;0,1;3,1;3,67;4,7;1,3;4,9;8,1;1,3;0,9;1,3;4,7;;0,2;14;0,1;3,8;3,5;14,5;4;0,8;3,4;0,3;3,4;6,7;0,1;3,9;0;5,5;;11;0,3;1,5;5,9;3,6;2,5;7,7;0;2,3
2023-04-22 00:00:00.0;0;0,2;0;3,1;0;0;0;0,1;0;0;0;16,3;0;0;0;0;0;0,2;0,1;0;0;0;0;0;0;3,7;0;;5,9;0;0;0,1;0;0;0;0;0;0;0;0;0;0,6;0;;4,8;2,5;0,4;0;0;0;0;0;0;0;0;3,5;0,2;1;0;0;;0;0;0;7,1;0;0;0;0;0,1
2023-04-23 00:00:00.0;0,4;4,5;0,8;1,4;0,5;0,3;0,3;0,3;0,55;2,54;1,2;3,7;1,4;2;0,2;2,6;0,2;0,7;2,6;3,8;0;0,92;7,49;2,6;3,35;1,1;5,2;;1,7;1,8;6,4;0,1;1,7;1,3;1,62;0,1;0,3;1;1,5;3;0,7;4,3;0,9;;0,1;1;0;0,5;2,5;2,1;1,9;4,6;2,5;0,4;1,2;3,1;1,7;2,2;4,3;0,6;;0,7;0,8;0,1;1,7;0,8;1;0,6;1;0,4
2023-04-24 00:00:00.0;17,4;2,1;9,9;1,9;1,1;6,3;2;1,2;2,66;11,41;6,1;1,8;2,5;6,6;5,8;14,9;12;1,6;1,4;6,6;1,2;9,96;2,36;7,7;4,19;1,3;11,5;;1,4;2,5;12,9;1,4;7,8;8,8;9,11;1,7;15,8;1,7;2,1;1,2;6,2;1,5;1,2;;2;1,9;1,7;6,3;9,4;11,5;2,1;7,3;1,5;3,1;8,9;1,8;1,8;9,6;5,7;8,7;;2;4,5;10,1;1,4;9,9;9,5;1,7;4,8;11,3
2023-04-25 00:00:00.0;1,7;2,1;2,6;3,7;3;13,9;3,3;3;2,69;6,19;1,8;7,1;0,8;15,1;15,8;14,9;1,6;2,7;3,3;14,7;2,7;3,55;2,99;7,5;1,81;3,5;7,3;;1,4;11,7;13,4;2,7;14,9;5,1;1,93;3;1,4;9,4;4,9;2,7;6,2;3,7;0,5;;4;1,1;3,4;1,8;3,6;25;1,6;8,3;2;7,4;9;13,5;3,7;9,2;10,4;7,6;;14;13,4;1;1,4;2,2;1,8;11,2;15,1;10,6
2023-04-26 00:00:00.0;1,4;3,3;0,7;2,8;3,3;1,5;2,2;3,4;1,8;0,74;0,6;1,1;0,8;1,9;1,6;1,6;1,3;1,6;3,2;2,4;2,8;0,85;1,83;1,9;2,12;1,5;1,3;;2,1;1,4;1,8;2,8;3;2,3;1,58;1,2;1,5;2,1;1,1;3;3,6;4,2;1,7;;2,9;2,3;3,6;4,2;1,6;0;1;2,2;1,1;5,5;0,9;0,7;0,6;1,5;1,9;0,5;;2,2;4;1,5;2,2;1,2;1,3;2,1;1,4;2,1
2023-04-27 00:00:00.0;5,3;0,3;7,8;0,1;0;0;0,7;0,1;0,44;9,09;5,7;0,7;3,3;4,2;5,1;10;6,3;2,2;0,4;6,8;3,5;7,3;6,31;8,1;4,92;1,1;11,2;;0,4;6;12,3;0;4,6;6,4;6,59;1,4;5;0,8;2,4;1,2;10,4;0,8;2,8;;0;0,2;0,1;9,5;8;0;3,2;9,9;4,5;4,4;5,9;6,1;0,7;17,8;8,9;8,4;;5,3;2,3;6,6;0,7;7,3;5,3;3,5;5,5;9,7
2023-04-28 00:00:00.0;1,1;1,2;2;3,2;2,4;1,7;1,3;2,9;1,01;2,45;1,2;1,2;0,9;3,9;3,1;3,2;1,1;2;2,3;3,3;2;2,53;1,83;2,7;1,64;1,6;2,6;;2;3,6;2,5;1,3;2,9;2,4;1,69;1,3;1,1;4;2,8;1,5;3,3;1,8;0,9;;3,5;1,8;2,9;2,6;2,3;0,1;1;3,6;1,2;6,6;2,3;1;3,9;3,1;3,8;1,7;;4;3,9;1;2,2;1,2;1,2;3,9;5;2,8
2023-04-29 00:00:00.0;0,1;1,1;0;0,4;0,3;0,1;0,1;0;0,06;0,37;0;0,2;0,1;2,6;1,6;1,2;0;0;0,1;2,2;0;0,05;0,37;0,9;0,22;0,4;1,2;;0;0;2,3;0,2;1,6;0,3;0,04;0;0;0;0,2;0,4;0,1;0,7;0,1;;0,9;0,6;0,7;0,4;0,1;0;0,1;2,5;0,2;7,1;0,3;0;5,7;2,4;4,2;0,1;;0;2,2;0;0;0;0;0;0,6;1,4
2023-04-30 00:00:00.0;2,3;2,9;1,2;0,7;0,6;0,3;0,6;0,5;0,31;1,5;0,9;0,5;1,4;1,7;1,3;2;0,9;0,5;0,4;2;0,4;1,31;1,68;1,3;1,84;0,5;1,8;;0,8;0,7;2,6;0,4;1,4;0,5;1,62;0,2;1,9;0,4;1,1;0,2;1,2;0,3;2,2;;0,7;0,7;0,7;1,2;0,7;0;1,7;1,9;1,8;5;0,7;0,4;6,4;2,7;3;1,3;;0,8;1,7;1,2;1;1,6;1,4;0,5;1,1;1,8
2023-05-01 00:00:00.0;0;0;0;2,1;0;0,3;0;0;0,37;0;0;0,2;0,1;0,5;0,3;0;0;0;0;0,1;0,9;0;0;0,2;0;0,4;0;;0,6;0;0;0;0;0,1;0;0,5;0;0,1;0;0,2;0;0,1;0;;1;0,3;0,7;0;0;0;0;1,2;0;0,2;0;0;0;0,3;0,4;0;;0,1;0,5;0;0,8;0;0;0;0;0
2023-05-02 00:00:00.0;0;0;0;0;0;0;0;0;0;0,01;0;0;0;0,1;0,1;0;0;0;0;0;0;0;0,04;0,1;0;0;0,2;;0;0;0;0;0;0;0;0;0;0;0;0;0;0;0;;0;0;0;0;0;0,8;0;0,5;0;1;0;0;0,1;0;0,3;0;;0;0,1;0;0;0;0;0;0;0
2023-05-03 00:00:00.0;0;0;0;0,1;0;0;0;0;0;0,01;0;0;0;0;0;0;0;0;0;0;0;0;0;0;0;0;0;;0;0;0;0;0;0;0;0;0;0;0;0;0;0;0;;0,1;0;0,2;0;0;0;0;0;0;0;0;0;0;0,1;0;0;;0;0;0;0;0;0;0;0;0
2023-05-04 00:00:00.0;0;0;0;0;0;0;0;0;0;0;0;0;0;0;0;0;0;0;0;0;0;0;0;0;0;0;0;;0,2;0;0;0;0;0;0;0;0;0;0;0;0;0;0;;0;0;0;0;0;0;0;0;0;0;0;0;0;0,1;0;0;;0;0;0;0;0;0;0;0;0
2023-05-05 00:00:00.0;0;1;0;0;0;0;0;0;0;0,01;0;0;0;0;0;0;0;0;0;0;0;0;0;0;0;0;0;;0;0;0;0;0;0;0;0;0;0;0;0,1;0;0,2;0;;0,1;0;0;0;0;0;0;0;0;1;0;0;0,2;0,3;0;0;;0;0;0;0;0;0;0;0;0
2023-05-06 00:00:00.0;0;0;0;0;0;0;0;0;0;0;0;0;0;0,1;0;0;0;0;0;0;0;0;0;0;0;0;0;;0;0;0;0;0;0;0;0;0;0;0;0;0,1;0;0;;0;0;0;0;0;0;0;0;0;2,9;0;0;0,2;0;0,3;0;;0;0;0;0;0;0;0;0;0
2023-05-07 00:00:00.0;0;0;0;0;0;0;0;0;0;0;0;0;0;0;0;0;0;0;0;0;0;0;0;0;0;0;0;;0;0;0;0;0;0;0;0;0;0;0;0;0;0;0;;0;0;0;0;0;0;0;0;0;0;0;0;0;0;0;0;;0;0;0;0;0;0;0;0;0
2023-05-08 00:00:00.0;0;0;0;1,2;0,5;0,6;0,4;0,2;0,22;0,02;0;1;0,2;0,4;0,1;0;0;0,1;1,2;0,8;0;0;0,23;0,6;0,01;1,5;0,3;;0,3;0;0,7;0,7;0,3;0;0;0,1;0;0;0,3;1,1;0,5;1,5;0;;1,4;0,6;0,2;0,2;0;0,2;0;1,3;0;1,7;0,1;0,6;0,1;0,5;2,1;0;;0;0;0;0,3;0;0;0;0,2;0
2023-05-09 00:00:00.0;0;0,2;0;0,2;0;0;0;0;0;0,02;0;0;0;0,4;0,3;0,3;0;0;0;0,3;0;0;0;0,3;0;0;0,3;;0;0;0,8;0;0;0;0;0,2;0;0;0;0,1;0;0,6;0;;0;0;0,1;0;0;0;0;0,7;0;2,7;0;0;0;0,4;1,3;0;;0;0,6;0;0;0;0;0;0;0,2
2023-05-10 00:00:00.0;0,1;0,9;0;0,1;0;1,9;0;0;0,14;0,34;0;1,7;0,4;0,2;0;0,4;0;0;0;0,5;1;0,83;0;0,1;0;0;0,2;;0;0,2;0,5;0,2;0,2;0,1;0;0;0;0,1;0,2;0;0;0;0,6;;0;4,3;0;0,1;0,1;0;0,4;0,6;0;5,1;0;2,5;0;0,4;0,8;0,1;;0,8;2,4;0;0;0;0;0,1;0;0
2023-05-11 00:00:00.0;0;0;0,2;0,8;13,7;0,1;0;2,5;0;0,48;0,1;0;0;3;2,1;0,6;0,1;0,2;0,5;3,1;0;0,1;0;1,4;0;0;0,6;;0;1,1;1;0;2,2;0,9;0;0;0;11,6;0;0;0,6;0;0;;1,1;0;13,4;0,2;0,5;8,2;0;1,6;0;7,5;1,9;0;0;0,8;3,3;0,5;;11,6;3,8;0;0;0;0;13,3;1;1,6
2023-05-12 00:00:00.0;0;0;0;7,7;4,8;5,2;20,3;6,7;4,74;0,01;0;0;0;0;0;0;0;4,9;1,2;0;20,5;0,01;0;0;0;0;0;;1,8;48,1;0;0;0;0;0;5,2;0;28,8;0;0;0;0;0;;7,9;1,1;2;0;0;1;0,2;0;0;0,1;0;0;0;0;0;0;;36,9;0;0;0,6;0;0;44,6;0;0,1
2023-05-13 00:00:00.0;0;0;0;0,2;0;0;0,1;0;0;0,15;0;0;0;1,7;0,8;1,5;0;0;0;1,1;0;0,03;0,01;0,8;0;0;0,6;;0;0,2;1,8;0;0,6;0,1;0;0;0;0;0;0;0,5;0;0;;0,1;0,1;0;0,3;0,1;1,4;0;1,6;0;4,1;0,1;0,3;0;2,1;2,1;0,1;;0,1;1,4;0;0;0;0;0;0,9;1,1
2023-05-14 00:00:00.0;0;0,2;0;1,3;0,5;0;0;0,5;0;0,41;0;0;0;2,5;1,5;2;0;0;0,3;2,5;0;0,02;0;1,3;0;0;1,7;;0;0,1;3,6;0,1;1,2;0,1;0;0;0;0,1;0;0,1;0,5;0,3;0;;1,8;0;0,6;1,9;0,1;2,7;0;2,1;0;10,3;0,3;0;1,3;1,8;4,7;0;;0,3;0,7;0;0;0;0;0,1;0,9;3,5
2023-05-15 00:00:00.0;0,2;0,4;0,4;1,1;0,4;0,2;0;0,2;0,11;3,06;0,4;0,5;0;9,1;5,1;5,2;0,6;0,8;0;8;0,1;0,71;0;5,9;0,14;0,5;3,6;;0,2;3;6,9;0;5,2;1,4;0,45;0,1;0,2;1,5;0,2;0;2,3;0,1;0;;0,9;0,8;0,3;2,8;1,3;5,8;0;10;0;10,5;1,7;0,6;2,9;2,2;12,8;1,7;;2,6;2,5;0,8;0,3;0,3;0,3;1,7;3,3;2,6
2023-05-16 00:00:00.0;0;0;0,2;0,1;1,2;1,2;0,3;0,9;0,81;1,39;0;0,4;11,5;0,7;0,5;2,3;0,1;3,1;0,6;0,6;0;1,38;0,29;0,9;0,3;2;1,7;;2,1;1,1;1,9;0,3;0,4;0,5;0,27;2,8;0;1,1;1,1;0,6;0,5;0;4,5;;0,6;3,9;0,9;0,7;0,4;1,6;11,3;0,9;8,5;2;0,5;0,7;3,8;1,5;0,8;0,6;;1,5;6,1;0;2,4;0;0;1,1;0,6;2,1
2023-05-17 00:00:00.0;0;1,2;0,1;2,4;2;0,1;0,5;2,1;0,22;0,85;0;0,1;0;0,9;0,2;1;0,1;1,3;2,1;1,2;1;0,48;0,52;1,1;0,02;0,1;0,9;;0,5;1,1;0,9;2,3;0,9;0,2;0,01;0,1;0;1,2;0,4;2,2;0,1;2,2;0,1;;3,1;0,6;2,6;0,3;0,1;1,4;0;1,3;0;0,4;0,6;0,1;1;1,5;1,2;0,4;;1,2;0,3;0,1;1;0,1;0;1,2;0,2;0,9
2023-05-18 00:00:00.0;0,5;0;0;0;0;0;0,2;0;0,21;0,04;0;0,3;0;2,6;1,1;0;0;0;0;0,4;0;0;0;0;2,3;0;0;;0;0;0;0;0,2;0;0;0;0;0;0;0;0,6;0;0,1;;0;0;0;0,5;0;0,3;0;0,2;0;1;0;0;0;0,4;2;0;;0;0;0;0;0;0;0;1,7;0
2023-05-19 00:00:00.0;0,2;0,5;0;0;0;0,5;0;0;0,14;0;0;0;0;0,9;1;0,4;0;0;0;0,2;0;0;0;0,3;0;0,1;0,3;;0;0;0,5;0;0,1;0;0;0;0,2;0;0;0;0,4;0;0;;0;0;0;0,4;0,1;0,2;0;0,4;0;3;0,1;0;1,5;0,4;0,7;0;;0,1;0,6;0,1;0;0;0;0;1,8;0,6
2023-05-20 00:00:00.0;0;0,1;0;0;0;0,1;0;0;0;0;0;0;0;0;0;0;0;0;0;0;0;0;0;0;0;0;0;;0;0;0;0;0;0;0;0;0;0;0;0;0;0;0;;0;0;0;0;0;0;0;0;0;0,2;0,1;0;0;0,1;0;0;;0;0,1;0;0;0;0;0;0;0,1
2023-05-21 00:00:00.0;0;0;0;0;0;0;0;0;0,05;0;0;0;0;0;0;0;0;0;0;0;0;0;0;0;0;0;0;;0;0;0;0;0;0;0;0;0;0;0;0;0;0;0;;0;0;0;0;0;0;0;0;0;0;0;0;0;0;0;0;;0;0;0;0;0;0;0;0;0
2023-05-22 00:00:00.0;3,8;7,4;19,7;21;3;3,1;30,4;3,5;7,4;10,45;14,4;15,4;2,5;45,5;26,2;28,7;25,5;10,2;3,1;30,1;26,5;7,2;2,05;30,4;1,82;2,4;23,4;;20,2;3,8;38,8;18;23;14,7;4,94;6,4;4,4;4;2;5,2;17;11,1;3,9;;7,2;21,6;4,8;38,8;17,5;25,1;2,9;28,7;2,4;15,8;14,2;3,1;16,2;24;38,6;11,2;;3,3;21,7;16,5;13,4;10,1;10,9;3,3;24,4;36
2023-05-23 00:00:00.0;11,3;8,7;10,8;21;36;9,1;20,4;41,4;11,86;22,97;4,1;16,5;39,6;2,8;3,5;5,8;3,9;47;17,6;0,4;17,1;9,14;21,34;6,3;22,35;46,4;10,6;;39,3;33,1;1,8;8,2;0,4;1;12,81;8,8;7,9;37;10,7;12,4;12,9;14;8,8;;7,4;39,4;54,4;2,5;1,5;19,2;37,4;0,2;17,5;5;5,1;7,4;12,2;0,5;0,8;37,3;;41,6;1,8;5,7;35,1;5,7;3,6;31,3;11,5;23,2
2023-05-24 00:00:00.0;0,1;36,3;3,6;8,1;46,1;0,4;0,7;40,9;0,49;1,52;1,1;0,1;0,1;0,6;2,1;4,6;0,3;4,7;31,3;0,7;29,7;18,26;0,08;3,4;1,62;0,3;3,5;;2,3;6;3,9;16,5;1,5;3,3;4,28;19,8;1,6;7,8;0,1;27,2;3,2;31,2;0,1;;8;0,3;31,4;1,4;1,8;20,1;0;3,4;0;1,4;4,9;0,4;5,7;4,6;0,2;1,2;;8;5,8;0,2;1,8;12,9;14,3;5,3;1,7;17,3
2023-05-25 00:00:00.0;1,4;12,6;14,7;17,5;20;10,6;13;21,9;21,13;5,75;6;34,7;13,4;5;4,1;8;9,8;23,6;15,6;4,9;19,6;3,87;20,17;2,2;20,91;35;6,9;;22,5;19,7;7;27,3;3,3;4,5;14,92;20,9;2,2;29,1;24,5;13,5;7,1;15,5;10,1;;14,1;29,5;26,8;13,1;3,2;6,6;13,7;4,8;3;13,6;3,3;22,2;24,5;3,7;6,9;7,9;;21,7;14,2;9,2;25,2;10,5;7,4;28;7,2;5,7
2023-05-26 00:00:00.0;2,5;3,4;4,9;4,2;4,1;3,3;8,7;2,6;3,11;5,22;2,9;2,6;2;8,1;6,4;6;3,5;3,4;2,9;5,6;4,7;5,27;2,56;5,3;2,71;2,1;5,5;;2,6;4,4;6,4;3;4,3;5,3;3,84;1,3;1,8;4,3;2,9;2,7;6,1;4;2,3;;5,9;3,3;3,9;9,2;5,2;6,1;2,1;6,3;2,2;13;4,8;3;11,7;5;6,1;5,1;;5,8;6,7;4,1;3,6;3,5;3,2;4,3;8,1;6
2023-05-27 00:00:00.0;0,4;1,8;0,8;2,3;2,8;1,9;5,3;1,8;1,53;0,66;0,4;1,9;0,4;0,8;0,3;1;0,1;1,9;5,2;0,2;1,8;2,09;0,83;0,5;0,66;0,7;0,9;;1,6;0,8;1,3;10,8;0,1;0,3;0,9;0,8;0,5;1,3;1,2;8,4;0,3;15,5;0,5;;2,8;1,2;2,3;0,3;0,3;0,6;0,3;0,5;0,5;0,8;0,5;1;8;0,8;0,8;1;;1,3;2,1;0,3;2,2;0,8;0,7;1,2;0,2;0,7
2023-05-28 00:00:00.0;1,1;2,3;0,5;0,3;2,2;0,4;0,9;1,4;0,48;0;0,7;0,3;0,1;0;0;0;1,8;0,1;0,9;0,1;0,7;0,49;0,14;0;0,31;0,2;0;;0,4;0,2;0,1;2;0;0;1,09;0,4;0,8;0,1;0,3;1,1;0;1,2;0,2;;0,6;0;0,8;1,8;0;0,1;0,1;0;0,2;0,1;0;0;0,2;0,2;0;0;;0,2;1,1;1,5;0;1,4;1,4;0,2;0;0,1
2023-05-29 00:00:00.0;0,6;0,1;0,6;0,2;0;0,3;0,4;0;0,75;0,11;0;4,1;2,5;0,4;0,8;0,2;0;4;0;0,4;4,6;4,09;4,35;0,4;1,97;3,2;0,1;;9,8;0,1;0,5;1,3;0,3;0,1;0,98;5;0,6;0,3;3;0,5;0;0,1;1,2;;0,6;7,5;0,1;0,1;0,1;0;1,7;0,6;1,3;0,6;0,2;6,8;0,7;0,5;0,7;0;;0,4;0,1;0;5,8;1,1;0,8;0,3;0,1;0,1
2023-05-30 00:00:00.0;0,5;0;2;0,1;0;2,3;0,1;0;0,09;2,42;1,5;0;0;1;1,5;3;1,5;0;0;1,2;0,1;1,82;0,12;1,7;0,51;0;2,4;;0,3;0,3;2,5;0;1,3;2,1;1,22;0,6;0,5;0;0,2;0;1,2;0;0,4;;0,2;0;0,1;1,5;2,1;2,2;0,1;1,8;0,1;2,7;3;0;2,8;1,7;1,3;2,1;;0,2;1,9;1,3;0;0,8;1,1;0,1;1,7;2,5
2023-05-31 00:00:00.0;0,8;0,1;0,5;0,6;1;0,4;0,6;0,7;0,51;0,28;0,4;1;0,2;2,5;1;1,3;1;0,5;0,3;2,2;0,4;0,09;0,71;1,2;1,12;0,9;0,7;;0,4;0,3;2;0,2;1,1;0,2;0,84;0,8;1;0,5;0,5;0,1;0,3;0,4;0,1;;1,1;1,3;1,1;2,1;0,3;1,9;0,2;2,7;0,4;5,6;0,2;0,5;0,1;1,9;3,9;0,1;;0,8;0,4;1,5;0,2;1,1;1,1;0,7;1;1
2023-06-01 00:00:00.0;7,1;4,9;3;3,2;5;1,1;4;4,6;2,44;5,83;4,1;3,6;2,6;22,8;11,5;9,7;4,5;3,2;3,6;14,9;2,8;2,94;4,79;10,2;5,14;2,7;7,2;;3,8;3,8;12;2,9;10,7;3,7;4,9;3;6,2;2,9;2,1;2,7;6;4,9;4,9;;4,7;5,4;5,2;12,3;3,6;9,6;4,1;15,6;5,2;34;4,7;3,5;9,8;9,3;21,9;2,8;;3,7;14,1;6,4;4,3;4,9;5,8;3,2;11,1;6,5
2023-06-02 00:00:00.0;0;0;0,1;0,2;0;0;0;0;0,01;2,3;0,4;0;0,1;0;0;0;0,5;0;0;0;0;0;0,1;0,1;0,24;0;0,1;;0;0;0,1;0;0;0;0,27;0;0;0;0;0;0,2;0;0;;0,2;0;0;0,8;0;0;0;0,1;0,1;1,3;0;0;0,1;0,2;0;0;;0;0;0,3;0;0,4;0,4;0;0;0
2023-06-03 00:00:00.0;0,5;0;0;0;0;0;0;0;0;8,55;0;0;0;0;0;0;0;0;0;0;0;0;0;0;0;0;0;;0;0;0;0;0;0;0;0;0;0;0;0;0;0;0;;0;0;0;0;0;0;0;0;0;0;0;0;0;0;0;0;;0;0;0;0;0;0;0;0;0
2023-06-04 00:00:00.0;0;0;0;0;0;0;0;0;0,08;2,22;0;0;0;0,1;0,1;0,2;0;0;0;0;0;0,18;0;0;0,02;0;0;;0;0;0;0;0;0;0,01;0;0;0;0;0;0;0;0,1;;0,1;0;0,1;0;0;0,1;0;0;0;0,7;0;0;0,3;0;0;0,1;;0;0,1;0;0;0;0;0;0;0,1
2023-06-05 00:00:00.0;9;14,5;12,6;18,1;21,7;8,7;11;14;9,27;2,84;9,6;8,2;4,5;19,8;13,7;14,9;9,2;18;15,2;19,9;11,4;11,13;7,88;16,3;9,39;7,6;13,5;;17,3;15,8;18,5;13;16;11,8;11,44;12,3;7,7;17,3;9,9;10,2;9,6;19,3;4,4;;19,4;12,2;17,6;15,5;10,9;18,6;5,4;21,7;7,6;24,5;9,4;8,8;10,2;18,8;25,5;9,9;;18,1;15,1;10,5;14,9;12,3;12,5;17,8;13,3;17
2023-06-06 00:00:00.0;0;0,5;0;0,8;0,1;0,2;0,4;0,2;0,21;1,74;0;0,1;0;0,1;0;0;0;0,1;0,2;0;0,1;0;0;0,2;0;0;0;;0,1;0;0;0,1;0;0;0;0,3;0;0,7;0;0;0,3;0;0;;0,5;0,3;0,2;0,5;0;0,2;0;0,1;0;0,4;0;0;0,1;0,1;0,2;0;;0,2;0,7;0;0;0,1;0,1;0,4;0;0,3
2023-06-07 00:00:00.0;0;0,5;0;2,3;0;0;0;0;0;1,7;0;0;0;0;0;0,2;0;0,1;0;0;0;0;0;0;0;0;0;;0;0;0;0;0;0;0;0;0;0,4;0;0;0;0;0;;2,7;0,6;0;0;0;0;0;0;0;0,3;0;0;0;0;0;0;;0;1,9;0;0;0;0;0,4;0;0
2023-06-08 00:00:00.0;0,1;3,9;0;1,4;2,5;0,5;1,5;1,3;0,66;1,83;0;0,6;0;0,6;0,4;0,1;0,1;0;2,2;0,4;0,5;0;0,3;0,1;0,15;0,3;0,2;;0,3;0;0;1,4;0,3;0;0,07;0,1;0,2;0,1;0;1,7;0,2;3,2;0;;1,3;0,5;2;0,4;0;0,3;0,1;0,7;0,3;0,8;0;0,6;1,6;0,2;0,7;0;;0;0,2;0,3;0,6;0,1;0,1;0,1;0,1;0,1
2023-06-09 00:00:00.0;0;0;0;0;0;0;0;0;0;1,34;0;0;0;0;0;0;0;0;0,1;0;0;0;0;0,2;0;0;0;;0;0;0;0;0;0;0;0;0;0;0;0;0;0;0;;0;0;0;0;0;0;0;0;0;0;0;0;0;0,1;0,2;0;;0;0;0;0;0;0;0;0;0
2023-06-10 00:00:00.0;0;0;0;0;0;0;0;0;0;0;0;0;0;0;0;0;0;0;0;0;0;0;0;0;0;0;0;;0;0;0,1;0;0;0;0;0;0;0;0;0;0;0;0;;0;0;0;0;0;0;0;0;0;0;0;0;0;0,1;0;0;;0;0,4;0;0;0;0;0;0;0
2023-06-11 00:00:00.0;0;0,8;0;0,4;0,7;0;0,1;0,4;0,03;0;0;0;0;0;0;0;0;0;0,7;0;0;0;0,03;0;0,05;0;0;;0;0,2;0;0,4;0;0;0,01;0;0;0,2;0,1;0,4;0;0,7;0,1;;0,8;0;1,1;0;0;0,2;0;0;0;0,2;0;0;1;0,1;0;0;;0,2;0;0;0,1;0;0;0,2;0;0
2023-06-12 00:00:00.0;0;0,4;0;0;0;0;0;0;0;0;0;0;0;0;0;0;0;0;0;0;0;0;0;0;0;0;0;;0;0;0;0;0;0;0;0;0;0;0;0;0;0;0;;0;0;0,1;0;0;0;0;0;0;0;0;0;0;0,1;0;0;;0;0;0;0;0;0;0;0;0,1
2023-06-13 00:00:00.0;0;0;0;0;0;0;0;0;0;0,15;0;0;0;0;0;0,4;0;0;0;0,4;0;0,03;0;0,2;0;0;0,3;;0;0;0,4;0;0,2;0;0;0;0;0;0;0;0;0;0;;0;0;0;0;0;0;0;0,3;0;0,6;0;0;3,2;0,2;0,5;0,1;;0;0,3;0;0;0;0;0;0;0,2
2023-06-14 00:00:00.0;1,6;3,2;3;4,4;5,3;3,4;3,3;4,2;1,83;1,16;0,9;1,4;1,3;14,7;8,4;3,4;1,8;1,8;3,2;6,9;2,5;0,24;2,44;4,6;2,08;0,9;2,4;;1,1;1,4;5,5;4,1;6,4;3,4;0,73;1,7;0,8;2,7;0,4;3,6;5,5;7,1;0,5;;4,9;1,2;5,4;8,7;2,2;4,3;1,1;7,7;1,9;11,3;1,8;0,9;2,4;4;10,6;0,9;;2,6;6,5;2,4;1,1;5;2,6;2,6;9,6;4,5
2023-06-15 00:00:00.0;0,1;3;1;3,4;0,4;0,5;0,2;0,1;0,14;1,85;0,9;0,1;0;4,5;2,5;5;1,3;0,4;0,2;8;0;0,6;0,14;6,2;0,2;0,1;4,6;;0;0,8;7,2;0,1;5,3;2,3;0,24;0,2;0;1;0,5;0,1;1;0,3;0,1;;4,3;0,1;1,3;1,1;2;4,5;0,1;7,5;0,1;4,1;3;0,2;0,8;2,6;11,8;1;;1,6;0,2;1;0,2;0,4;0,3;1,3;1,2;4,6
2023-06-16 00:00:00.0;0,1;0,9;0,9;1;0,3;0,1;0;0,2;0;0,77;0,2;0;0;0,7;0,7;2,6;0,1;0;0;1,4;0;0,35;0;2,6;0,03;0;3;;0;0;6,5;0;0,4;1;0,15;0;0,2;0;0;0,2;0,3;0,3;0;;1,1;0;0,2;0,6;0,6;3,1;0;5;0;6,9;1,7;0;0,1;1,5;4,1;0,8;;0;0,7;0,1;0;0,5;0,4;0;0,3;4,2
2023-06-17 00:00:00.0;0;0;2;3,5;0,6;0;0,1;0,2;0;6,55;0,1;0;0;2,2;1,8;12,1;0;0;0,1;3,2;0;2,24;0,01;7,5;0,59;0;10,3;;0;1,6;17,1;0;1,5;0,9;1,85;0;0;0,2;0,1;0;0,4;0;0;;4,5;0;1,4;1,8;0,2;14,7;0;9,3;0;5,4;2,7;0;3,5;2,9;10,9;1,5;;1,3;2,6;0,4;0;1,1;0,5;0,5;1,1;14,3
2023-06-18 00:00:00.0;0;0;1,2;1,5;0;0;0;0;0;2,1;0;0;0;1,4;1;3,6;0;0,1;0;2,8;0;0,38;0,06;2,8;0,71;0;2,1;;0;0,8;5,1;0;0,4;1,2;1,85;0;;0,3;0,3;0;0,9;0;0;;2,1;0;0,7;2;0,4;5,5;0;5,2;0,2;3,3;0,7;0;0,1;1,3;5;2,3;;0,4;0,1;0,2;0;0,7;0,2;0,4;1,2;5,9
2023-06-19 00:00:00.0;0;0,1;0,4;0,7;0,4;0;0;0,2;0;0,82;0;0;0;0,5;0,2;0,9;0;0;0;0,5;0;0,17;0,15;0,7;0,14;0,1;1;;0;0,5;1,9;0;0,1;0,4;0,39;0;;0,1;0,3;0;0,4;0;0;;1,2;0;1,5;0,8;0,1;4,4;0;1,1;0;1,6;0,4;0;0;1,1;1,3;0,4;;0,3;0,1;0;0;0,3;0;0,1;0,4;2,6
2023-06-20 00:00:00.0;0;0;0;0;0;0;0;0;0;0,09;0;0;0;0;0;0,4;0;0;0;0;0;0;0;0,3;0;0;0,4;;0;0;0,4;0;0;0;0;0;;0;0;0;0,2;0;0;;0;0;0;0;0,2;0;0;0,4;0;1,1;0;0;0,2;0,1;0,3;0;;0;0,2;0;0;0;0;0;0;0,3
2023-06-21 00:00:00.0;0,1;0,1;0,5;1,5;2,5;0,1;0,3;1,2;0,33;0,3;0;0;0;2,1;0,5;2;0;0;0,5;2,2;0,1;0,03;0;2,8;0,12;0,1;1,6;;0,6;0;3,6;0,1;1,3;0,8;0,17;0;0;0;0;0,2;0,2;0,2;0;;1,9;0,4;1;1,3;0,6;3,2;0;4,6;0;2,8;0,6;0;0,1;1,5;5,9;0,2;;0;1,7;0,4;0,1;0,3;0,2;0;0,5;2,7
2023-06-22 00:00:00.0;0,1;0,7;0,3;0,6;0,4;0,2;0,1;0,1;0;0,72;0,2;0,4;0;2;1;1,6;0,3;0;0,3;2,9;0,1;0,42;0,08;3,6;0,09;0;1,1;;0,2;0,3;3,1;0,2;1,4;0,7;0,11;0,1;0,1;0,3;0,2;0,2;0,5;0,6;0;;0,6;0,1;0,1;0,5;0,6;1,3;0;3,5;0;6,7;1,3;0;1;1,2;4,5;1;;0,3;1,9;0,3;0,2;0,2;0,1;0,2;0,7;1,9
2023-06-23 00:00:00.0;0;0;0,2;0,6;0;0;0;0;0,2;0;0;0,3;0;0,1;0;0;0;0;0;0;0;0;0;0,3;0;0;0;;0;0,2;0;0;0;0;0;0;0;0;0;0,1;0;1;0;;0,3;0,1;0;0;0;0,1;0;0,2;0;4,5;0,1;0;1,6;0,1;0;0;;0;0,3;0;0;0;0;0,1;0;0
2023-06-24 00:00:00.0;0,3;0,1;1,4;0,4;0,2;0;0;0;0;5,37;0,7;0;0;4,1;4,3;2,4;1;0,7;0,2;4,1;0,1;2,65;0,13;5,5;0,21;0,1;10,1;;0,2;1,2;6,4;0;3,4;3;0,35;0;0,3;0,3;0,8;0;1,9;0;0;;0,1;0,2;0;1,9;2,1;2,2;0;3,7;0,1;6,1;3,7;0;2,3;3,8;5,3;2,9;;1,4;0,1;0,7;0,3;0,8;0,6;0,7;4,5;2,1
2023-06-25 00:00:00.0;0,2;3,5;0;2,4;1,6;3,6;0,9;0,5;1,22;1,89;0;0,1;0;0,8;0,5;3,3;0;0,2;0,7;2,4;0,5;0,46;0,33;1,8;0,13;0;3,9;;0,4;1,1;7;1,3;0,6;0;0,31;0,5;0,1;0,4;0,1;0,5;0;1,1;0;;2,9;0,2;1,1;0,5;0;3,7;0;3,3;0,1;2,6;0,3;0;0,3;1,7;5,6;0,2;;0,9;0,5;0;0,5;0;0;0,5;0;4,4
2023-06-26 00:00:00.0;0,1;4,7;0,1;0,8;1,7;0,3;0,8;1,2;0,26;0,47;0,1;0,2;0;2,6;1,2;1,2;0;0,2;1,9;3,2;0,3;0,1;0,05;2,5;0,08;0,4;1,4;;0,1;0,8;3;1,9;1,1;0,6;0,07;0;0;0,4;0,5;1,9;0,7;3,5;0;;1,3;0,4;1,2;0,8;0,3;3,5;0;2,2;0,3;7,1;0,4;0,5;2,3;1,9;4,6;0,4;;1;2,3;0;0;0,1;0,1;0,5;2,1;1,1
2023-06-27 00:00:00.0;0;0;0;0;0;0;0;0;0;0;0;0,6;0;0,4;0,2;0;0;0;0;0,1;0;0;0;0,3;0;0;0;;0;0;0,1;0;0,2;0;0;0;0;0;0;0;0;0;0;;0;0;0;0,6;0;0;0;0,9;0;6,5;0;0,2;0,3;0,3;0,4;0;;0;0,2;0;0;0;0;0;0;0
2023-06-28 00:00:00.0;0;0;0;0;0;0;0;0;0,25;0;0;0;0,2;0;0;0;0;0;0,2;0,1;0;0;0;0;0;0;0;;0;0;0;0;0;0;0;0,5;0;0;0,1;0,2;0;2,1;0,1;;0;0;0;0;0;0;0;0,1;0;0,5;0;0;0;0,1;0,1;0;;0;3;0;0;0;0;0;0;0
2023-06-29 00:00:00.0;0;0;0;1;0,1;0;0;0;0;0,36;0;0;0;0,7;0;0,6;0;0,5;0;0,4;0;0,03;0;0,8;0;0;1,6;;0;0,7;3,1;0;0,2;0;0;0;0;1,7;0;0;0;0;0;;1,1;0;0;0,1;0;3;0;1,8;0;1,3;0,4;0;0,3;2,1;2,5;0;;2;0,3;0;0,4;0,2;0;1,6;0;1,5
2023-06-30 00:00:00.0;0;0;0;0,4;0,6;0;;0,6;0;0,71;0;0,1;0;1,6;0,8;1,7;0;0,8;0;2,1;0,1;0;0,03;2,6;0,5;0,2;1,3;;0,1;3,2;3;0;0,3;0;0,43;0,2;0;0,8;0,4;0;0,1;0;0;;0,6;0,6;0,4;0,9;0;5,6;0;3,5;0;3,1;0,2;0,1;0,1;1,4;4,9;0,3;;3,3;0,1;0,1;0,3;0;0;1,6;0;4
2023-07-01 00:00:00.0;0;0;0;0;0;;0;0;0;0;0;0;0;0;0,1;0;0;0;0,3;0;0;0;0,6;0;0;0,3;;0;0;0,5;0;0,1;0;0;0;0;0;0;0;0;0;0;0;;0;0;0,1;0;0,1;0;1,1;0;0,1;0;0;0;0,3;0;;0;;0,5;0;0;0;0;0;0;0,1;
2023-07-02 00:00:00.0;6,9;9,2;13,6;17,6;11,1;;13,8;10,65;8,29;7,2;7,4;5;11;8,3;7,8;6,7;8;18,3;8,8;13;7,88;6,91;7,9;7,14;5,9;8,7;;9,7;8,7;9,1;13,2;8;7,8;7,73;9,4;7,1;9,7;7,3;15,4;7;18,8;4;16,4;;7,5;16,4;6,3;7,3;9,2;4,8;8,5;5,7;10,3;9,2;6;5,3;8,4;8,3;;10,1;;8,4;6,9;9,8;6,9;7,6;9,7;7,4;8,3;
2023-07-03 00:00:00.0;6,6;8,7;0;1,7;5,7;;1,6;14,78;3,21;3,2;3,6;2,6;0;0;1,8;1,2;0,3;1,9;0,1;1,5;7,08;3,27;0,8;8,56;1,5;1,5;;4,9;0;2,3;2,8;0,2;0,4;3,51;4,5;6,2;0;7,4;2,1;0;4,5;2,4;0;;10,3;0,2;0;0,4;1,1;1,9;0,7;2,8;2,3;1,3;3;0,2;2,5;6,1;;0;;0,1;4,2;0;8,4;9,3;0;0;1,8;
2023-07-04 00:00:00.0;1,2;1,2;1,2;0,9;0,5;;0,8;0,68;1,6;0,6;0,6;0,3;1,3;1,3;1,2;0,4;0,7;0,9;0,9;0,8;0,72;0,51;1;0,64;0,5;0,9;;0,8;0,6;1,2;1,1;0,7;0,4;1,89;0,7;1,2;0,6;0,5;0,9;0,3;1,1;0,3;1,2;;0,6;1,2;0,4;0,4;0,8;0,2;0,9;0,3;1;0,7;0,7;0,1;0,6;1,5;;0,8;;1;0,6;0,6;1;1;0,7;1,3;0,6;
2023-07-05 00:00:00.0;0,6;0,8;0,1;0;0,4;0;0;0,02;0,51;0,4;1,8;0,5;0;0;0,7;0,6;0,2;0;0,8;0;0,55;0,55;1;0,27;1,2;0,4;;0,7;0,2;0,8;0;0,4;0,6;0,21;0;0,5;0,2;0,5;0;0;0;0,5;0;;0,5;0;0;0,5;1,2;0,2;1,3;0,4;0,3;1,3;2,8;2,1;1,9;0,6;;0,2;;1;0,7;0;0,5;0,7;0,1;0;1;
2023-07-06 00:00:00.0;0,3;1,3;1,2;0;0,1;0;0;0,02;0,42;1,4;1;1;2,8;1,4;1,4;1,3;0,1;0;1,6;0,2;0,07;0,96;2;0,07;0,6;1,3;;0,1;1,3;2,6;0;1;0,7;0,32;3,5;0,1;0,3;0,7;0;0,2;0,1;1;0,7;;2,6;0,1;1,6;0,6;2,3;0,2;2,5;0,1;2,5;1,2;6,1;0,9;3,2;1;;0,8;;1,2;1,8;0,2;1,7;0,8;0,9;0,4;0,6;
2023-07-07 00:00:00.0;11;9,3;0,4;0;0;0;0;0,05;2,52;15,8;7,6;4,9;4,7;2;0,8;16,8;7,4;0,3;2,1;4,4;3,49;8,69;1,7;9,73;4,9;0,6;;3,1;1,4;0,9;0;3,2;8,8;5,04;2,1;10,4;0,5;9,2;0,1;7,7;0,1;4,5;0,7;;2,7;0,9;8,6;7;0,7;6,2;4,5;8,5;1,2;7,3;6,8;2,5;1,7;7,2;;0,6;;1,3;14,6;2,2;11,7;15,3;0,7;2;0,1;
2023-07-08 00:00:00.0;2,5;2,7;6,8;3,8;4,2;4,3;4,3;2,37;5,58;1,6;5,1;9;4,8;2,7;7,1;0,7;4,7;1,1;3,8;4,1;5,15;7,22;10,2;4,3;2,5;8,8;;5,3;6,9;13,4;1,3;2,8;1,9;5,41;4,3;1,5;6,6;8,3;0,7;1,1;3,3;3,9;6,1;;4,7;7,9;1,4;1,3;7,5;4,6;11,2;4,6;6,6;4,1;8,6;0,2;7,8;4,1;;6,7;;3,5;1,9;4;2,2;1,9;6,2;1,9;8,1;
2023-07-09 00:00:00.0;0;0,1;1,6;0,1;0;0;0;0,02;0,05;0;0;0;0,4;0,1;0,6;0;0;0;0,1;0;0,29;0;0,5;0,01;0;0,5;;0;0;0,6;0;0,2;0;0;0,1;0;0,1;0;0;0,2;0,3;0,1;2,7;;0;0,2;0,8;0;1;0;1,3;0;4;0;0;0,8;0,6;0,1;;0,2;;1,8;0;0;0,2;0,1;0,1;0,4;1,2;
2023-07-10 00:00:00.0;1;0,4;3,4;3,7;1,3;1,6;2,7;1,54;1,36;0;1,2;1,1;7,2;3,6;3,7;0,2;1,1;2,9;6,6;1,9;1,04;1,97;4,7;2,04;0,7;3,6;;0,9;2,6;6,6;2,6;5,1;1,4;0,72;1,2;1;2,4;0,9;3;1,2;4,2;0,7;4,2;;1,2;3;1,4;0,8;5,1;0,7;7,7;1,1;6,8;1,7;0,5;1;3,7;0,7;;3,4;;2,3;1,4;0,9;0,6;1,1;2,3;2,3;4,9;
2023-07-11 00:00:00.0;0;0;0,8;1,3;0;0;0,2;0;0,19;0;0;0;0,2;0,1;0,3;0;0;0,3;0,2;0;0;0;0,1;0;0;0,5;;0;0;0,3;0;0;0;0;0;0;0,1;0;0,1;0,2;0,5;0;1;;0;0,1;0,2;0;0,2;0;0,4;0;0,5;0;0;0,1;0,2;0;;0;;0,4;0;0;0;0;0;0;0,3;
2023-07-12 00:00:00.0;0;0;1,3;0;0;0;0;0;0;0;0;0;0,1;0,1;0;0;0;0;0,3;0,2;0;0;0;0;0;0;;0,1;0;0,1;0;0,1;0;0;0;0;0;0;0;0;0;0;2,2;;0,2;0,2;0;0;0;0;0,4;0;1,5;0;0,9;0;0,3;0;;0;;0;0;0;0;0;0;0;0;
2023-07-13 00:00:00.0;0;0;0,3;2,1;0,9;1,4;1,6;1,06;0;0;0,1;0;0;0;0;0;0;1,8;0;0,6;0;0;0;0;0;0;;0,2;0;0;1,7;0;0;0;0,6;0;0;0;1,9;0;2,3;0;0,4;;0,3;1,2;0;0;0;0;0;0;0;0;0,6;0;0,2;0;;0;;0;0;0;0;0;0;0;0;
2023-07-14 00:00:00.0;12,1;17,5;22,6;20,7;10,9;15,1;16,5;11,9;15,95;12,1;14,4;7,2;31,9;23,9;17,3;11,7;12,4;20,8;29,4;16,4;13,69;9,31;21,6;10,44;9,6;19,8;;16,2;16,8;22,3;17,4;25,3;17,4;13,14;12,5;11,1;14,2;11,2;16,8;18,6;21,8;8,8;23,3;;12,1;23,6;19;15;18,9;8,2;25;9,6;26,3;20,8;9,4;22,5;19;15,6;;16,4;;17,9;13,8;16,5;12;11,7;14,1;20,3;21,1;
2023-07-15 00:00:00.0;0,1;0,6;2,5;0;0;0;0,1;0,01;1,39;0,4;1;0,1;1,6;0,8;1,9;0,1;0;0;0,9;0;0,78;0,44;2,1;0,25;0,3;2,5;;0;1,3;3,2;0;0,6;0,8;0,27;0;0,2;0,7;0,2;0;0,3;0;0,5;2,7;;0;0,1;0,3;0,5;4;0,1;3,7;0,4;5,5;1,1;0;1,4;2,9;0,8;;1,9;;4,7;0,2;0;0,4;0,3;1,1;0,5;2,7;
2023-07-16 00:00:00.0;2,2;3,5;8,1;3,8;1,1;2;3,1;1,52;4,51;3,1;3,3;1,5;19,1;12,5;5,2;3,6;4,1;2,5;15,9;4,2;2,4;2,52;10,8;2,3;3,3;6,9;;5;4,1;12;1,5;12,3;6;2,11;3,3;2,3;4,6;2,4;2;7,5;3,1;3;11,1;;4;7,3;8,9;5;6,4;1,8;17,5;1,9;18,6;7,3;3,9;8,5;5,2;3,7;;5,6;;8;4,2;4,9;2,2;2,3;5,1;8,4;4,3;
2023-07-17 00:00:00.0;2,3;4,6;1,9;1,5;0,6;0,6;0,7;0,51;6,79;3;0,2;0,5;33,3;25,8;11,4;2,8;0,3;1,8;24,4;1;2,4;0,64;17,6;1,33;0,3;11,2;;0,1;1,7;18;0,8;20,8;10;2,25;0,7;2,3;1,1;1,2;1,6;14,2;3,8;1;3;;0,3;1,8;10,8;7,8;10;0,9;28,3;3,8;42;12,9;1,1;11,7;8,8;5,7;;2,1;;19,4;3,6;0,2;2,3;2,1;1,5;23,9;11,6;
2023-07-18 00:00:00.0;0;0,2;1,9;1,5;0;0;0,9;0;1,57;0,7;0;0;21;15,3;3,3;1,4;0;0,5;13,9;0;0;0;7,2;0;0;3,7;;0;0,2;6,8;0,1;12,4;5,1;0;0;0;0,5;0;0;10;1;0;2,2;;0;2,3;7,8;4,1;4,7;0;14,6;0;7,9;4,1;0;1,5;2,8;0,7;;0,7;;3,8;3,5;0;0,2;0,1;0,5;6,7;3,9;
2023-07-19 00:00:00.0;0,2;3,2;2,5;1,7;0,8;0,6;1,4;0,57;4,17;1,3;1,3;0,5;7,8;5,4;7,3;0,5;0,7;1,7;8,6;0,5;1,64;0,61;8,7;0,08;0,3;7,3;;0,2;1,7;10,8;0,7;7;5,5;0,58;0,1;0,1;1,8;0,2;1,5;3,3;1,7;0,1;4,3;;0,1;1,9;3,2;3,6;5,7;0,9;14,1;0,5;8,8;7,3;0,7;1,7;4,4;3,9;;2,3;;4,8;1,5;0,5;1,7;1;1,6;4,1;6,8;
2023-07-20 00:00:00.0;0;0,3;1,4;0,5;0;0;0,3;0;0,63;0;0;0;0,5;0,2;1;0;0,2;0;0,4;0;0,07;0,36;1,2;0,26;0,1;0,7;;0;1,2;2;0;0,1;0,1;0,46;0;0;0,4;0,3;0;0,2;0;0;2,9;;0;1,2;0,4;0;6,7;0;1,7;0,2;1,1;0;0;0;2,3;0,2;;0,3;;0;0,2;0;0,4;0,1;0,4;0,1;2,4;
2023-07-21 00:00:00.0;1,2;3,6;3,9;3;0,3;0,1;1,8;0,2;5,05;1,9;0;0;11,8;8,5;9,9;0,2;0,3;1,1;13,2;0,1;1,63;0,65;10,6;0,63;0;9;;0;1,7;14,4;0,3;6,6;6,6;1,81;0,1;0,8;1,7;1;1,1;6,9;2,7;0;5,8;;0,1;4,1;5,6;5,4;13;0;15,2;0,1;8;4,5;0;1,5;3,4;5,3;;1,8;;5,8;2;0,1;2,6;1,4;1,7;4,8;12,7;
2023-07-22 00:00:00.0;0;0,7;1;0,2;0;0;0;0;3,44;0;0,1;0;2,6;1,3;4,6;0;0,4;0;2,2;0;0,56;0,32;4,3;0,52;0,3;5,6;;0;3,2;9,1;0;1;1,1;0,86;0;0;0,7;1,3;0,1;1,1;0,3;0;0,8;;0,3;0,3;1,5;0,2;8,4;0;7,1;0;2,9;0,7;0,1;0,8;1,7;1,4;;2,8;;2,3;0,3;0;0,4;0;1,3;0,9;9,5;
2023-07-23 00:00:00.0;0,4;1,4;0,6;0;0;0;0;0;1,34;0,8;0,1;0,3;3,6;1,9;2,8;0,6;0;0;4,8;0;0,79;0,41;5,1;0,55;0;3,2;;0;0,6;5,3;0;2,5;1,7;0,69;0;0,5;0,3;0,3;0;0,8;0,1;0,1;0,9;;0;0,3;1,6;1,4;3,6;0,1;7,7;0,3;6,2;2,3;0,3;3,4;2,8;1;;0,6;;2,1;1,2;0;0,8;0,6;0,4;1,4;2,1;
2023-07-24 00:00:00.0;0;0,2;0,7;1,1;0;0,1;0,7;0,05;0,42;0,4;0,2;0,1;10;5,2;1,8;1;0,1;0,3;8,5;0,1;0,24;0,11;5;0,06;0,1;1,2;;0,2;0,2;3,2;0,4;5,4;2,4;0,08;0,1;0;0,1;0,2;0,5;2,1;1,5;0,1;1,5;;0,3;0,5;2,8;1,9;1,3;0;12,6;0;7,2;1,4;0,3;1,7;1,4;0,2;;0,4;;1,4;1,3;0,3;0,2;0,1;0,1;2,3;1,3;
2023-07-25 00:00:00.0;1,4;0;0;0;3,7;1,4;0;0,48;0,01;0;0,2;5,9;0,1;0;0,1;0;0;3,2;0,6;1,1;0,04;2,44;0;3,36;0,5;0;;6,1;0,2;0,1;4,7;0,3;0;3,29;2,2;0,9;0,1;2,3;0,7;0;1,7;5,5;0;;0,7;0;0;0;1,5;2,6;0,5;2;0;0;1,8;0;2,1;0;;0,2;;0;0;0,4;0;0;0,1;0;1,1;
2023-07-26 00:00:00.0;0,2;2,2;0,1;0;0;0;0;0;0,81;2,5;1,5;0;0;0;0,1;0,6;0;0,1;0;0;15,03;4,51;0,3;5,11;1,8;0,2;;0;0;0;0,6;0;0,1;8,54;0;0,8;0;7,3;0,5;0;2,8;0;0;;0;0;2,3;0,1;0,3;0,6;0,1;0,4;0,8;0,1;1,6;2,7;0,1;1,9;;0;;0,1;1,6;0;4,4;4,7;0;0,4;0,2;
2023-07-27 00:00:00.0;2,8;5;1,1;4,4;0,9;4,9;5,1;1,03;4,82;2,7;2,5;1,9;6,5;8,1;8,3;2,8;1,9;3,4;7,8;8,3;4,19;3,61;6,1;3,71;2,4;5,6;;2,2;3,7;7,2;2,7;4,9;3,4;5,78;0,7;2,7;2,3;6,2;3,6;4,1;3,4;1,3;3,5;;1,8;5,4;4,2;3,4;5,1;1,7;8;2,9;12,7;7,2;6;2,5;5,6;5;;3,4;;3,3;3,7;1,5;3,3;3,3;2,5;5,2;6,2;
2023-07-28 00:00:00.0;0;0,9;0,5;0;0;0;0;0,08;0,5;1,1;0,2;0;1,9;1,9;0,9;1,3;0,9;0;0,7;0;1,56;0,47;0,7;0,21;1,4;0,6;;0,2;1,3;1,2;0;0,7;1,1;0,58;0;0;0,7;2,6;0,2;3,1;0;0;1;;0,4;0,4;2,4;1,5;1,6;0;1,7;0;5,4;1;0,7;5,1;0,8;0,9;;1,9;;5,3;1,1;0,5;0,6;0,5;0,4;3,3;1,1;
2023-07-29 00:00:00.0;0,1;0;0,6;0,7;0;0;0,1;0;0,87;0,1;0,2;0,2;0,3;0,8;3,6;0;0,5;1,6;0,5;0;0,43;0,4;1,4;0,53;0,3;2,5;;0,1;0,2;3,7;1,3;0,1;0,1;0,44;0;0;0,5;0,1;1,5;0,9;2,6;0,2;0,4;;0,4;0,1;0,5;0;2,9;0,2;1,2;0,2;3;0,1;0,1;1,2;1,2;0,1;;0,2;;0,9;0;0,3;0,1;0;0,1;0,8;3,6;
2023-07-30 00:00:00.0;0,2;1,4;1,2;0,6;0;0;0,1;0;3,81;0,1;0,2;0,1;3,8;2,7;8;0,1;0;1,4;8,4;0;1,04;0,15;6,8;0,64;0,8;7,3;;0;0,5;11,4;0,2;3,5;2,6;2,2;0;0,2;0,4;0;0,8;0,9;0,5;0,1;2;;0,1;0,3;0,8;1,3;5,9;0,1;11,6;0,4;4,8;2,6;0,7;0,3;1,7;3,2;;0,4;;2;0,6;0;0,7;0,2;0,2;1,2;6,9;
2023-07-31 00:00:00.0;1,1;2,3;4;3,8;0,5;0,9;1,5;0,53;6,21;1,5;0,3;0,2;8,6;6,9;9,9;0,9;0;0,1;10,5;0,6;2,12;1,17;8,3;1,15;0,3;7,4;;0;3,3;12,6;0;5,6;6,5;2,83;0;0,9;0,4;0,9;0,2;4,5;0,7;0;5,2;;0;3,3;5,9;3,4;11,5;0,4;11,4;0,6;9,2;4,2;0;4,7;3,6;4,8;;2,4;;4;2,3;0;1,7;1,9;0,7;4,4;8,2;
2023-08-01 00:00:00.0;2;6,1;5,2;4,3;0,1;0,2;1,9;0,02;10,29;4,3;0,8;0;18,5;14,4;19,4;2,7;1,8;1,7;21;0,3;6,03;1,23;17,8;1,73;1;16,1;;0,9;9,5;21,4;0,9;14,4;12,8;3;0,1;1,1;3,7;2,5;1,2;7,6;1,1;0;5,9;;0,5;3,2;8,9;9,6;21,5;0,2;27,9;0,8;17,5;13,5;0,5;6;9,4;7,6;;6;;10,3;6;1,2;3,8;3,8;3,6;8,7;20,6;
2023-08-02 00:00:00.0;1,1;2,9;1,3;2,8;1,3;1,7;2;1,08;1,93;2;0,5;0,6;2,2;1;4,3;2,2;0,5;1,7;3,1;0,5;2,19;0,99;2,2;0,95;0,8;3,3;;0,1;1;5,1;1,7;1,8;1,6;1,28;0,9;0,8;1;0,7;1,9;0,4;2,5;0,9;1,7;;0,3;1,4;2,3;1,7;1,8;0,6;4,1;0,8;4;1,4;2,3;4,2;3,6;1,9;;2,4;;1,1;2,6;0,1;1,9;1,8;1,2;0,8;4,1;
2023-08-03 00:00:00.0;0;0;2,1;0,1;1;0,3;0;0,77;0,08;0;3,3;0,5;1,2;0,4;0,6;0;0,5;0,3;1,1;1,1;0,02;0,59;0,8;0,18;0,7;0,4;;1,1;1,2;1,5;0,1;0,5;0;0;1,2;0;1,4;0,1;0,1;0;0,1;0,2;2,6;;2,6;0,6;0;0;1,8;0,4;1,8;0,2;2,1;0,2;2,9;0,1;1,5;0;;2,8;;0,4;0;1,2;0;0;1,7;0,4;1;
2023-08-04 00:00:00.0;0,3;0,6;0;0;0;0;0;0;0,77;0,2;0;0;1,6;1;0,4;0,5;0;0;1,5;0;0,63;0,08;1,1;0,3;0;0,8;;0,3;0;1,1;0;0,8;0,8;0,6;0,1;0,1;0;0;0;1,1;0;0;0;;0,1;0;0,5;0,8;0,3;0;1,7;0,2;2,9;1,1;0;0;0,7;0,6;;0;;1,7;0,3;0,1;0,5;0,3;0;1,6;0,2;
2023-08-05 00:00:00.0;2,5;3,6;6,7;6,6;4,1;4,6;5,4;4,33;3,6;3;1,6;1,4;3,5;3;3,7;3;2,2;8;3,7;4,9;3,52;1,89;4,3;2;1,5;4,2;;4,1;3,3;5,1;6;3,1;4,4;2,96;4,5;1,7;3,4;2,5;7,3;3,5;9,3;1,4;7,3;;2;6,3;3,5;3,8;3,4;1,9;5,2;2,5;5,6;5,6;1,9;4,2;4,1;4,1;;3,4;;4;3,1;3,5;2,2;2,6;2,8;3,8;4,2;
2023-08-06 00:00:00.0;2,4;2,5;5,6;3,4;1,3;1,5;2,8;1,63;4,12;1,8;0,9;2;7,8;5,6;6,5;1,5;1,7;0,6;10,3;2,4;1,21;1,68;9;0,69;1;7,6;;1,1;2,9;12,1;0,5;6,4;4,6;1,07;1,1;2;3;0,8;0,2;3;1,3;2,8;6,6;;0,6;3,8;2,8;3,4;5,8;1,8;14,1;1,9;10,9;5,4;0,2;3,3;3;2,9;;4,8;;3,5;2,1;1;1,4;1,6;3,2;4,2;6,2;
2023-08-07 00:00:00.0;0,6;0,8;9,2;2,1;0,4;0,4;1;0,46;3,58;0,4;0,6;0,2;11,6;7,3;8,4;0,5;0;0,7;9,6;1,8;0,94;0,3;9,8;0,33;0,1;7,7;;2;0,5;12,8;0,7;5,3;2,5;0,4;1,5;0,3;0,1;0,4;0,5;2,4;0,6;0,4;17;;0,5;3,6;2,3;1,8;3,7;0,3;12,6;0,6;8,2;3,2;4,2;2,6;3,8;1,9;;0,6;;3,4;0,8;1,1;0,4;0,4;0,2;4;7,2;
2023-08-08 00:00:00.0;0;0;0;0,2;0;0;0,1;0;0,07;0;0;0;0,7;0,4;0,2;0;0;0;0,6;0;0,03;0,14;1,1;0,16;0,1;0,2;;0;0,4;0,4;0;0,3;0,2;0;0;0;0,1;0,1;0;0;0;0;0;;0;0;0;0,1;0,9;0;1,9;0;1,2;0,6;0;2,4;1;0;;0,7;;0;0;0;0;0;0,3;0,2;0,3;
2023-08-09 00:00:00.0;3,2;2,6;2,8;4,5;1,3;2,1;4;1,83;3,55;2,6;2;1,8;9,9;8,6;6,1;3,5;2;3,2;10,4;2,3;3,15;2,44;5,9;2,39;2;5,3;;2,9;3,6;8,7;2,1;7,9;4,5;2,28;2,1;2,6;2,6;3,2;2,2;5,9;2,9;0,9;2,9;;2,2;3,9;6,9;3,4;6,5;2,4;10,5;3,1;13,6;5,2;0,9;3,1;6,7;3,1;;3,7;;5,4;4;2,7;2;2,1;2,7;8,6;5,7;
2023-08-10 00:00:00.0;0;0;0,1;0;0;0;0;0;0;0;7,4;0;0,5;0,2;0;0;0;0,2;0;0;0;0;0;0;0;0;;0;0;0,1;0;0,2;0,2;0;0;0;0;0,1;0;0;0;0,1;0;;0,6;0;0;0;0;0;0;0;2,4;0,2;9,2;0,2;0,1;0;;0;;0;0;0;0;0;0;0,2;0;
2023-08-11 00:00:00.0;2,5;3,1;7,9;4,3;4,3;2,3;3,1;4,21;3,75;1,7;3,7;2,4;8,4;6,8;5,4;3,5;2,1;2,7;7,9;1,8;3,12;4,13;7;1,79;2;6,3;;2,9;5;9,2;3;5,5;4,2;2,76;1,9;1,7;4,7;3,1;4;4,9;7,9;1,5;11,5;;1,8;3,6;6,2;3,5;6,1;1,8;11,4;2,4;11,9;4,6;4,5;1,9;4,3;2,8;;6,2;;4,8;3,2;2,1;2,1;2;4,5;5,5;4,3;
2023-08-12 00:00:00.0;0,1;0;0,3;0;0,6;0,5;0;0,86;0,03;0;1,2;0;3,1;1,6;0,3;0;0,1;0,9;3,2;0,2;0;0;3,4;0,29;1,9;0,3;;0,1;1;1,7;1,2;1,8;0,4;0,46;0;0;0,2;0;1,9;0,5;4;0;0,2;;0,2;0,1;0,4;0;1,8;0;7,2;0;7,6;0,8;2,5;0,4;0,7;0;;0,7;;2,9;0;0;0;0,3;0,3;1,4;0,6;
2023-08-13 00:00:00.0;0;0;0;0,2;0,2;0;0,1;0,11;0;0;0,1;0,1;0,6;0,3;0;0;0;0,1;0,2;0;0;0,08;0,2;0,05;0;0;;0;0;0;0;0;0,1;0;0;0,1;0;0;0;0,2;0,3;0,4;0,2;;0,1;0,2;0,3;0;0;0,2;1;0,1;0,3;0,4;0,2;0;0;0;;0;;0;0;0;0;0;0;0,2;0;
2023-08-14 00:00:00.0;3,2;1,4;8,2;5,9;2,6;2,6;4,9;2,29;1,49;1,9;3;1,7;6;3,6;4,2;2,4;4,5;6,4;4,9;3,6;1,2;3,57;2,9;1,89;2,5;3;;3,4;5,7;4,4;3,8;3,4;2,1;2,09;2,3;1,3;7,6;2,9;3,8;1,2;6,8;1,3;9,8;;2,6;6,4;5,5;1,8;5,4;1,1;5,3;1,6;10,9;1,9;1,9;7,6;2,8;0,9;;7,5;;2,8;2,9;3,5;1,3;1,5;6,9;3,4;3,6;
2023-08-15 00:00:00.0;0;0;0,6;1,2;0,2;0,4;1;0,37;0,4;0;0,1;1,2;0,4;0,2;0,1;0,2;1,1;1;0,6;0,7;0,01;0,08;0,1;0,02;0,2;0;;0,4;0,2;0,1;0,6;0,5;0,2;0;0,3;0;0,3;0,1;0,6;0,1;1,3;0,3;0,4;;0,3;0,8;0,4;0,3;0,3;3,1;0,8;0,2;0,5;0,1;0,1;0,2;0,3;0;;0,3;;0;0,1;0,5;0;0;0,3;0;0,3;
2023-08-16 00:00:00.0;0;0;0;0;0,5;0;0;0,55;0;0;0;0;0;0;0;0;0;0;0;0;0;0;0;0;0;0;;0;0;0;0;0;0;0;0,1;0;0;0;0;0;0,4;0;0;;0;0;0;0;0;0,2;0;0;0,8;0;0;0,4;0,1;0;;0;;1,6;0;0;0;0;0;0;0;
2023-08-17 00:00:00.0;0,1;0;0;0;0;0;0;0;0,13;0;2,4;0,1;0,2;0,1;0,3;0;1,6;0;1;0;0,04;0,01;0,1;0,04;3,7;0,1;;1,2;0;0,2;0;0,5;0,4;0,04;1,3;0;0;3;0;0;0;0;0;;7,2;0;0;0,4;0,4;0;0,3;0;2,6;0,1;0,4;0;0,5;0,1;;0;;0;0;0,1;0;0,1;0;0,3;0,7;
2023-08-18 00:00:00.0;4,9;0,8;0;3,5;4,1;7,8;3,9;2,78;0,11;4,5;8,4;2,8;0;0,2;0;5,6;4;1,4;1,8;3;11,33;1,79;0,2;3,51;0,8;0;;7,4;0,5;0;2,2;9,1;3,1;6,6;1,3;5,9;6,7;4,9;0,1;5;0;0,7;1,5;;6,8;0,9;4,4;3,4;0,8;0,2;5,3;1;0;1,1;2,5;1,7;0;0;;3,8;;0;7,8;10,1;7,1;6;11,3;0;0;
2023-08-19 00:00:00.0;0;0;0;0;0,9;4,5;0;3,31;0;0;6,3;0,4;0,4;0;0;0;0;0;0;0,2;0;0,26;0,1;0;5,4;0;;4;0;0;1,7;0;0;0,01;2,3;0;0,1;0,1;0;0;0;0,3;0;;1,2;0;0;0;0;0,1;0;0;0,7;0;0,1;0;0;0;;0,1;;0;0;2,8;0;0;0;0;0;
2023-08-20 00:00:00.0;13,9;9,1;8,7;21,9;2,7;6,2;34;2,33;20,38;11,1;4,1;10,9;3,7;3,4;10,5;9,9;20,1;20,4;6,8;13,5;14,52;15,06;5,2;21,93;3,5;19,6;;9,9;25,7;13,7;20,7;7,2;14,1;14,37;3,5;8,1;17,6;15,9;12,4;3,1;10,4;27;9,6;;7,6;41,5;3,4;11,3;18,3;16,8;7,6;18,2;4,8;9;10;0,6;5,8;13,8;;21,6;;4,8;12;16,7;8,9;9;17;3,8;6,3;
2023-08-21 00:00:00.0;11,8;1,6;1,8;9,3;26;26,9;5,4;20,31;2,56;2,6;6,8;1,4;8,5;6,5;5,7;3,1;1,5;12,2;6,7;11,9;1,58;5,08;5,7;6,32;5;5,3;;5,9;2;8,8;12,2;6,7;4,6;2,7;18,1;5,5;1;4,1;9,6;4,5;10,6;2,5;4,1;;2,2;7,6;9,7;3,8;4,6;3,2;8,6;5,6;15;5,4;6,2;0,2;5,4;1,7;;1,9;;7,4;3,6;2,4;1,3;1,7;1,6;9,2;5,5;
2023-08-22 00:00:00.0;1,8;1,5;3,1;5,5;2,5;3,8;4,3;2,93;1,13;1,1;5,6;1,5;8;4,8;3,8;1,1;2,1;5,2;5,9;2,8;1,04;2,68;3,5;2,43;4,4;3;;3,5;1,4;6;3,6;3,6;0,9;3,18;3,2;1,3;2,2;3,4;3,9;1,4;6,1;1,1;3,1;;2,5;4,7;2,7;0,9;2,9;1,5;7,2;1,8;9,9;0,9;2,7;0,8;2,8;0,7;;1,7;;2,1;1,7;2,9;1,5;2,1;1,9;3,1;3,3;
2023-08-23 00:00:00.0;0;0;0;0;0;0;0;0,01;0,11;0;0;0,1;0;0;0,3;0;0;0,1;0;0;0,26;0,01;0;0,12;0;0,4;;0;0;0,3;0,1;0;0;0,13;0;0;0;0;0,1;0;0,1;0,1;0;;0;0;0;0;0,4;0;0;0,1;0,1;0;0;0;0,7;0;;0;;0;0;0;0;0;0;0;0,3;
2023-08-24 00:00:00.0;0;0;0,3;0,2;0;0;0;0;0;0;0;0;0;0;0,1;0;0,2;0;0;0;0;0;0;0;0;0;;0;0,1;0;0;0;0;0;0;0;0,1;0;0;0;0,2;0;0,1;;0;0;0;0;0;0;0;0;0,8;0;0;0,9;0,4;0;;0,2;;0;0;0;0;0;0,2;0;0,2;
2023-08-25 00:00:00.0;0,5;0,7;0,6;0,1;0,1;0;0,1;0;0,97;0,7;0,3;0,1;6,7;4,7;1,3;1,3;0,2;0,1;5,4;0;0,37;0,38;1,1;0,44;0,2;0,9;;0,1;0,8;1,5;0;4;1,3;0,44;0;0,5;0,5;0,5;0;1,4;0,1;0,1;0,7;;0,3;0,2;2,4;1;1,2;0,1;3,3;0,3;8;1,5;0,4;8,6;2;0,8;;0,9;;3,1;1,3;0,1;0,6;0,7;0,4;3,2;1,2;
2023-08-26 00:00:00.0;0;0;0;0;0;0;0;0;0,01;0;0;0;0;0;0;0;0;0;0;0;0;0;0;0;0;0;;0;0;0;0;0;0;0;0;0;0;0;0;0;0;0;0;;0;0;0;0;0;0;0;0;0;0;0;0;0;0;;0;;0;0;0;0;0;0;0;0;
2023-08-27 00:00:00.0;0;0;0;0;0;0;0;0;0,02;0;0;0;0;0;0;0;0;0;0;0;0;0;0;0;0;0;;0;0;0;0;0;0;0,01;0;0;0;0;0;0;0;0;0;;0;0;0;0;0;0;0;0;0;0;0;0;0;0;;0;;0;0;0;0;0;0;0;0;
2023-08-28 00:00:00.0;0;0;0;0;0;0;0;0;0;0;0;0;0;0;0;0;0;0;0;0;0;0;0;0;0;0;;0;0;0;0;0;0;0;0;0;0;0;0;0;0;0;0;;0;0;0;0;0;0;0;0;0;0;0;0,2;13,6;0;;0;;0;0;0;0;0;0;0;0;
2023-08-29 00:00:00.0;0;0;0;0;0;0;0;0;0;0;0;0;0,7;0,3;0,1;0;0;0;0;0;0;0;0,1;0;0;0;;0;0;0;0;0,1;0;0;0;0;0;0;0;0;0;0;0;;0;0;0;0;0;0;0;0;0;0;0;0;0;0;;0;;0;0;0;0;0;0;0;0,2;
2023-08-30 00:00:00.0;0;0;0;0,1;0;0;0;0;0,01;0;0;0;0;0;0,1;0;0;0;0;0;0,01;0;0;0,01;0;0,1;;0;0;0,2;0;0;0;0;0;0;0;0;0;0;0;0;0;;0;0;0;0;0;0;0;0;1;0;0;1,4;0,2;0;;0;;0,2;0;0;0;0;0;0;0;
2023-08-31 00:00:00.0;0;0;0;0;0;0;0;0,03;0;0;0;0;0;0;0;0;0;0;0;0;0;0;0;0;0;0;;0;0;0;0;0;0;0;0;0;0;0;0;0;0;0;0;;0;0;0;0;0;0;0;0;0;0;0;0;27,2;0;;0;;0;0;0;0;0;0;0;0;
2023-09-01 00:00:00.0;0;0;0;0;0;0;0;0,02;0;0;0;0;0;0;0;0;0;0;0;0;0;0;0;0;0;0;;0;0;0;0;0;0;0;0;0;0;0;0;0;0;0;0;;0;0;0;0;0;0;0;0;0;0;0;0;40,7;0;;0;;0;0;0;0;0;0;0;0;
2023-09-02 00:00:00.0;0,4;4,2;0;0;2,3;0;0;16,55;10,6;1,4;14,3;2,2;0;0;4,1;0,6;0,8;0;0;12,3;6,94;3,77;1,9;5,13;21,8;7,8;;9,2;0;4,4;0;0;3,2;0,99;9,2;0,5;0;0,4;0;0;0;12,2;0;;16,1;0;0;3;0;0,4;0,5;0,9;0;4,9;2,6;0;0;7,6;;0;;0;0,5;3,9;1,8;0,9;0;0;5,9;
2023-09-03 00:00:00.0;0;0,1;0;0;0,3;0,1;0;1,37;0,18;0;0;0;0;0;0,2;0;0;0;0;0;0;0;1,4;0;0;0,1;;0;0;0,6;0;0;0,1;0;0;0;0;0;0;0;0;0,1;0;;0;0;0;0;0,3;0;0,3;0;0;0,6;0,2;0;0;0,2;;0;;3,3;0;0;0,1;0;0;0;0,1;
2023-09-04 00:00:00.0;2,2;1,8;0,6;0;0;0;0;0,09;1,31;1,2;0,2;0,3;3,9;2,4;1,6;0,8;0;0;3,4;0,2;1,82;0,72;1,8;1,49;0,3;1,8;;0;0,7;2,2;0;2,5;1,8;2,14;0,1;1,5;0,2;1,1;0;1,4;0;0,7;1,2;;0;1;1;1,5;2,3;0,7;3,1;1,2;11,8;1,2;0;8,9;;1,3;;1,1;;5,6;1,6;0;1,7;2,3;0,5;2,1;2,5;
2023-09-05 00:00:00.0;0;0,2;0,6;0,3;0;0;0;0,06;0,93;0,1;0;0;5,7;3,5;1,1;0,1;0;0;3,6;0;0,15;0,08;2,7;0,19;0;1,5;;0;0,2;2,7;0;3;1;0,33;0;0;0,2;0;0;1,4;0;0;1,4;;0;0,1;1,2;0,5;1,1;0;4,9;0;7,2;0,9;0;4,1;;0,4;;0,1;;5;0,2;0;0,1;0;0,1;1,9;1,5;
2023-09-06 00:00:00.0;0,2;0;0;0;0;0;0;0,02;0,36;0;0;0;0,3;0,1;1,4;0;0;0;1;0;0,48;0;0,3;0,16;0;0,7;;0;0,1;0,6;0;0,4;0;0,28;0;0,1;0;0;0;0;0;0;0;;0;0;0,1;0;0,5;0;0,8;0;0,1;0;0;0,2;1;0;;0,1;;0;0;0;0;0;0;0;1,1;
2023-09-07 00:00:00.0;0;0;0;0;0;0;0;0,06;0,01;0;0;0;0;0;0;0;0,2;0;0;0;0,01;0;0;0;0;0;;0;0;0;0;0;0;0;0;0;0;0;0;0;0;0;0;;0;0;0;0;0;0;0,1;0;0,1;0;0;0,2;0,1;0;;0;;0,3;0;0;0;0;0;0;0;
2023-09-08 00:00:00.0;0;0;0;0;0;0;0;0,13;0;0;0;0;0;0;0;0;0;0;0;0;0;0;0;0;0;0;;0;0;0;0;0;0;0;0;0;0;0;0;0;0;0;0;;0;0;0,4;0;0;0;0;0;0,7;0;0;0,1;0,3;0;;0;;0,2;0;0;0;0;0;0;0;
2023-09-09 00:00:00.0;0;0;0,1;0,5;0;0;0,2;0,13;0,45;0;0;0;0,5;0,2;0,5;0;0;0,1;0,7;0;0;0;0,5;0;0;0,3;;0;0;1,4;0;0,3;0;0;0;0;0;0;0;0;0;0;0,4;;0;0;0;0;0;0;1,2;0;0,1;0;0;0,6;0,2;0;;0;;0,3;0;0;0;0;0;0;0,3;
2023-09-10 00:00:00.0;7,5;8,9;8,6;11;6,2;0;8,2;4,97;10,87;6,7;4,7;5,2;18,7;17,6;14,5;7,6;6,6;7,6;25,1;7,9;7,62;7,06;18,3;7,25;4,4;16,2;;8,5;7,4;24,7;10,9;18,3;12,1;8,84;6,2;4,9;8,9;7,8;8,5;8,6;13,4;4,5;10,8;;6,5;8,6;10,4;9,8;12,4;6,5;31,6;7,7;23,5;14;4,4;12,1;13,7;8,6;;10,1;;13,3;12;6,7;7,4;7,8;9,6;14,5;13,6;
2023-09-11 00:00:00.0;0,5;0;0,6;0,3;0,8;0,1;0,2;0,6;0,04;0;0,6;0,6;0,2;0,1;0,5;0,1;0;0,5;0,1;0,3;0;0,46;0,3;0,16;0,2;0,5;;0,1;0,1;0,8;0,9;0,2;0;0;0,3;0,4;0,2;0;0,5;0;0,8;0,2;0,7;;0,3;0,4;0,1;0;0,2;0,8;0,6;0,5;0,6;0;0,3;0;0,8;0,1;;0,2;;0;0,4;0,1;0,2;0,2;0,2;0;0,6;
2023-09-12 00:00:00.0;0;0;0;0;0;0;0;0,18;0,02;0,2;0;0;0;0;0;0,2;0;0;0;0;0;0;0;0;0;0;;0;0;0;0;0;0;0,01;0;0;0;0;0;0;0;0,1;0;;0;0;0;0;0;0;0;0;0;0;0;0;0;0;;0;;0;0;0;0;0;0;0;0;
2023-09-13 00:00:00.0;0;0;0;0;0;0;0;0,09;0;0;0;0;0;0;0;0;0;0;0;0;0;0;0;0;0;0;;0;0;0;0;0;0;0;0;0;0;0,2;0;0,2;0;0;0;;0;0;0;0,2;0;0;0;0;0,3;0;0;0;0;0;;0;;1,6;0;0;0;0;0;0;0;
2023-09-14 00:00:00.0;0,3;1,1;1,1;1,4;1,7;0,1;0,7;2,15;1,57;0,6;2,6;1,7;6,5;5,1;1,1;1;0,6;1,4;4,3;1,1;1,33;1,57;2,5;1,13;1,1;1,3;;0,6;0,1;2,6;1,1;3,4;1,3;1,7;0,5;0,3;0,7;1;1,6;3,4;1,6;1,5;0,6;;0,7;1,1;2,4;1,1;0,9;0,8;5,1;1,5;11,6;1;0,6;2,2;1,6;1;;0,2;;2,1;0,7;1,2;0,9;0,6;1;3,8;1,5;
2023-09-15 00:00:00.0;0;0,6;0,4;0,1;0;0;0;2,17;1,43;0;0;0;2,9;3,5;1,6;0;0;0,1;1,7;0;0,16;0,2;2,1;0,34;0,1;1,5;;0;0,6;3,6;0;0,8;0,5;0,5;0;0;0,4;0;0;2,1;0;0,1;0;;0,1;0,2;3;0,1;2;0,1;3,1;0,5;4,9;0,4;0,3;1,4;1,4;1,7;;1,2;;2,8;0,3;0;0,4;0;0,3;2;0,9;
2023-09-16 00:00:00.0;0;0;0;0;0;0;0;0,72;0;0;0;0;0;0;0;0;0;0;0;0;0;0;0;0;0;0;;0;0;0;0;0;0;0;0;0;0;0;0;0;0;0;0;;0;0;0;0;0;0;0;0;0;0;0;0;0;0;;0;;0;0;0;0;0;0;0;0;
2023-09-17 00:00:00.0;0;0,3;0,6;0,2;0,3;0;0;0,27;0,62;0,2;1;0;1,1;0,8;1,3;0,3;0,2;0,1;2,5;0;0,19;0,15;1,9;0;0,2;0,8;;0;0,7;1,6;2,3;1,6;0,6;0,2;0,6;0;0,4;0,3;0,6;0,5;1,6;0;0,7;;0,2;0;0,5;0,5;1,1;0;3,6;0;3,7;0,9;0,3;1,6;0,8;0,4;;0,9;;1,2;0,4;0,2;0,2;0,1;0,3;0,7;1,2;
2023-09-18 00:00:00.0;0;0;0,3;0,1;0;0,6;0;0,02;0,33;0;0;0;0,3;0,2;0,7;0;0,2;0;0,3;0;0,36;0;0,2;0;0,1;0,3;;0;0,6;0,3;0;0,3;0;0,3;0;0,1;0,6;0,1;0;0;0;0;0,5;;0,1;0,7;0,2;0;1,8;0;0,6;0;2,1;0;0;2,5;2,8;0;;0,8;;0,7;0;0,1;0;0;0,8;0,3;1,7;
2023-09-19 00:00:00.0;0;0;0;0;0;0;0;0;0;0;0;0;1,1;0,2;0;0;0;0;0,2;0;0;0;0,1;0;0;0;;0;0;0;0;0;0;0;0;0;0;0;0;0,4;0;0;0;;0;0;0,7;0;0;0;0,4;0;1;0;0;0;0,2;0;;0;;0,1;0;0;0;0;0;0,4;0;
2023-09-20 00:00:00.0;0;0;0;0;0;0;0;0;0,02;0;0,2;0;0;0;0,1;0;0;0;0;0;0,03;0;0;0;0;0;;0;0;0,1;0;0;0;0;0;0;0;0;0;0;0;0;0;;0;0;0,1;0;0;0;0;0;1,2;0;0,2;0,6;0;0;;0;;0,4;0;0;0;0;0;0;0;
2023-09-21 00:00:00.0;0;0;0;0;0;0;0;0;0;0;0;0;0;0;0;0;0;0;0;0;0;0;0;0;0;0;;0;0;0;0;0;0;0;0;0;0;0;0;0;0;0;0;;0;0;0;0;0;0;0;0;0;0;0;0;0;0;;0;;0;0;0;0;0;0;0;0;
2023-09-22 00:00:00.0;15,7;8,1;11,3;9,4;11,5;43,2;6,5;36,2;4,05;8,2;23,2;30,4;8,6;8,9;3,6;9;79,7;10,1;10;19,2;3,39;35,09;9,7;26,6;20;3,3;;18;28,6;6,1;9,4;9,4;9;8,9;42,6;11;38,7;36,2;10,2;10,2;14,7;38,3;9,2;;32,3;9,7;9,1;7,9;10,2;34,7;16,1;22,9;12,1;7,6;28,7;15,1;5,5;4,1;;26;;12,9;12,3;45,4;11,9;15;16,7;10,2;5,3;
2023-09-23 00:00:00.0;5,2;12;2,1;0,9;2,2;0,7;0,9;3,2;2;6,9;2,9;0,8;3,2;3,4;1,3;4,1;16,7;0,7;2,4;6,3;7,36;15,57;1,4;12,4;4,9;1,4;;11,2;2,8;1,9;0,9;2,2;3,4;1,2;1,6;3,7;3,1;10,2;0,6;3,5;0,6;2,2;1,4;;2,6;7,3;4,1;3,6;1,2;2,8;2;7,2;6,2;1,8;0,4;6,4;2;2;;3,4;;3,7;3,3;4,5;2,7;1,3;5,1;3,5;1,2;
2023-09-24 00:00:00.0;0;0;0;0,5;0,1;0;0,5;1;0;0;0;0;0;0;0;0;0;0;0;0;0;0;0;0;0;0;;0;0;0;0;0;0;0;0;0;0;0;0;0;0;0;0;;0;0,6;0;0;0;0;0;0,1;0,8;0;0;0,3;0,1;0;;0;;0,5;0;0;0;0;0;0;0;
2023-09-25 00:00:00.0;0;0;0,3;0;0;0;0,2;0;0,05;0;0;0;0;0,3;0,1;0;0;0;0;0;0;0;0;0;0;0;;0;0;0,2;0;0;0;0;0;0;0;0;0;0;0;0;0,4;;0;0,6;0,1;0;0,2;0;0;0;0,6;0;0;0,1;0,2;0;;0;;0,6;0;0;0;0;0;0,2;0;
2023-09-26 00:00:00.0;0;0;0;0;7,5;0,6;0;0,9;0;0;0;0,7;0,2;0;0;0;0;0;0;0;0;0;0;0;0;0;;0;0;0;0;0;0;0,1;0;0;0;0;0;0;0;0,2;0;;0;0;0;0;0;0,1;0;0;0;0;0,6;0;0;0;;0;;0;0;0;0;0;0;0;0;
2023-09-27 00:00:00.0;0,1;6;0;29,7;0,1;3;39,1;0,7;9,44;1,3;0;0;0;0;9,1;0,5;0,6;25,8;0;9,1;7,65;0,63;1,1;0,8;0,6;5,6;;1,4;7,5;2;4,2;0;1,6;1,4;0,6;0,2;4;0,3;16;0;11,1;0,1;0;;0,8;3,5;0,5;1,5;3,8;0;0;0;0;1,4;0,1;0;0,1;10,2;;3,7;;0;0,9;0,3;3,9;2,5;0,1;0;19,7;
2023-09-28 00:00:00.0;2,6;0,3;0;0,5;8,1;21,5;0,3;9,8;0,01;0;0,4;0;0;0;0;0;14,5;0,5;0;2,4;0;0,21;0;1,33;1,8;0;;21,1;0,2;0;0,1;0;0;4,1;16,5;5;0;7,2;0;0;0,1;0;0;;4,8;0;0;0;0,1;0;0;0;0;0;7,7;0;0,1;0;;0,2;;0;2,4;21,3;1,5;1,7;0;0;0,1;
2023-09-29 00:00:00.0;0;0;0;0;0,3;0;0,2;0;0;0;0;0;0;0;0;0;0;0,1;0;0;0;0;0;0;0,1;0;;0;0;0;0;0;0;0;0;0;0;0;0,2;0;0;0;0;;0;0;0;0;0;0;0;0;0,7;0;0;0;0;0;;0;;0;0;0;0;0;0;0;0;
2023-09-30 00:00:00.0;0;0;0;0;0;0;0;0;0;0;8,7;1,1;0;0;0;0;0;0;0;0;0;1,1;0;0;0,9;0;;0;0;0;0;0;0;0;0;0;0;0;0;0;0;0;0;;0;0;0;0;0;0,7;0;0;0,1;0;1,3;0;0;0;;0;;0;0;0;0;0;0;0;0;
2023-10-01 00:00:00.0;0;0,2;1,7;4,1;1,3;2,5;2,5;2,1;0,21;0,1;0,1;0;0,1;0,1;0,3;0,1;0,2;2;0,1;0,8;0,14;0,1;0,2;0,2;0,2;0,2;;0,4;0,3;0,4;1,1;0,2;0,2;0,1;1,3;0,1;0,8;0,1;1,1;0,2;2,7;0,1;2,1;;0,5;2,5;0,2;0,2;0,4;0;0,4;0;0,1;0,2;0,2;0;0,6;0,2;;0,9;;0;0,1;0,6;0,1;0,1;0,1;0;0,3;
2023-10-02 00:00:00.0;0;0;0;0;3,8;15,1;0,6;7,3;0;0;9,6;4,5;0;0;0;0;9,6;0;0;9,4;0;13;0;4,9;10,6;0;;17,8;0;0;8,5;0;0;0;4,5;0;0;5,5;0,7;0;0,2;0,6;0;;10,9;2,6;0;0;0;0,8;0;5,3;0,1;0;11,4;0;0;0;;0;;0;0;18,7;0;0;0;0;0;
2023-10-03 00:00:00.0;0;0;1;0;5,1;3,6;0;8,2;0;0;0,4;0;0;0;0;0;0,3;0;0;0,2;0;0,3;0;0;0;0;;0,2;0,1;0;0;0;0;0,1;0,6;0;0,1;0;0;0;0;0,1;1,2;;0;1,4;0;0;0,1;0;0;0;0,1;0;4,5;0;0;0;;0,1;;0;0;0,5;0;0;0,1;0;0;
2023-10-04 00:00:00.0;0;0;0;0;0;0;0;0;0,01;0;0;0;0;0;0;0;0;0;0;0,1;0,01;0;0;0;0;0;;1,2;0;0;0;0;0;0;0;0;0;0;0;0;0;0;0;;0;0;0;0;0;0;0;0;0;0;0;0;0;0;;0;;0;0;2,6;0;0;0;0;0;
2023-10-05 00:00:00.0;4,3;1,8;8,1;6,7;9;6,7;10;11,7;5,18;2,8;5,6;3,7;6,5;5,2;18,6;1,7;16,3;2,6;6,8;15,6;3,01;4,2;5,3;8,9;5,4;11,5;;25,1;2,8;15,6;5,9;4,8;3;5,9;3,7;4,1;18;21;1,9;3,1;2,2;2,7;6,4;;9,1;11,1;2,4;2,2;1,6;2,9;10,8;3,7;6,4;3,9;6,6;0,8;2,2;2,3;;4,5;;6,1;2,5;27,1;2,7;5,4;13,3;4,5;6,3;
2023-10-06 00:00:00.0;8,6;1,1;0,2;1,2;3,2;1,4;1,5;2,1;3,37;0,8;5,2;13,4;3,3;3;4,3;1;2,4;0,8;4,9;0,8;1,41;11,7;3;5,8;5,3;7;;1,5;2,4;5,9;1,8;2,4;1,5;2,1;0,9;3,5;0,2;1,6;0;1,4;1,1;3;0,4;;0,9;0,8;1,9;1,4;4;8,3;7,2;8,4;1,9;2,2;6,9;1,6;5,9;2;;1;;1,8;2,2;1;0,9;1,6;0,3;2,1;5,2;
2023-10-07 00:00:00.0;0,6;13,7;0;0;7,3;0,7;0;8,6;1;0,2;3;4,2;0;0;0,6;0;0,1;0;0;0,5;5,44;14,9;0;12;0,9;0;;3,7;17;0;0;0;0;14,8;6,1;0;0,6;11,9;0;0;0;0;0;;0,9;0;0;0;6;3,7;0;4;0;0;0,4;0;0,1;9,4;;6,7;;0;0;1,4;2,2;1;2,6;0;0,5;
2023-10-08 00:00:00.0;0;0;0;0;0;0,4;0;0;0;0;0;0;0;0;0;0;0;0;0;2,5;0,02;0;0;0;0;0;;0;0;0;0,1;0;0;0;0;0;0;0;0;0;0;0;0;;0;0;0;0;0;0;0;0;0,8;0;0;0;0;0;;0;;0;0;0;0;0;0;0;0;
2023-10-09 00:00:00.0;15,9;2,3;2,1;5,9;22,5;50,1;5,1;33,8;4,04;0,6;43,7;22,7;17,3;8,8;11,6;0,4;5;14,9;17,8;9,9;5,43;38,2;9,3;25,1;27,1;5,4;;5,7;1,2;5,9;30,4;14,6;2,2;11,2;29,1;13,5;1,2;13,7;17,8;6,1;28,9;11,5;4,3;;7,3;1;1,1;0,8;1;26,7;16;36,5;11,7;4,5;16,8;0,4;3,5;2,3;;0,4;;0,7;0,8;4;3,9;3;0,6;6,9;7,2;
2023-10-10 00:00:00.0;1,2;1,7;0,8;1,1;2,5;0,8;0,8;1,5;1,77;0,7;1,9;3,1;0,8;0,6;1,8;0,6;0,6;0,7;1;0,3;2,11;1,2;1;0,7;0,7;1,6;;0,3;0,8;1,5;0,8;0,9;1;1,2;0,6;0,9;0,8;0,6;0,7;0,6;1;4,3;0,9;;0,4;0,8;0,9;0,9;1,6;1,9;1;1,3;1,8;1,5;2,9;1,1;1;1,7;;0,8;;0,5;0,9;0,3;1,1;0,9;0,7;0,6;1,7;
2023-10-11 00:00:00.0;0;0;0;0;0,3;0;0;0;0;0;0;0;0;0;0;0;0;0;0;0;0;0;0;0;0;0;;0;0;0;0;0;0;0;0;0;0;0;0;0;0;0;0;;0;0;0;0;0;0;0;0;0,1;0;0;0;0,1;0;;0;;0;0;0;0;0;0;0;0;
2023-10-12 00:00:00.0;0;0;0;0;1,5;0;0;0,1;0,01;0;0,5;0;0;0;0;0;0;0;0;0,1;0;0,1;0;0;7,7;0;;0,2;0;0;0;0;0;0;3,8;0;0;1,1;0;0;0;0;0;;1,2;0;0;0;0;0;0;0;0;0;0,1;0;0;0;;0;;0;0;0;0;0;0;0;0;
2023-10-13 00:00:00.0;0;0;0;0;2,5;0,7;0;3,5;0;0;0;0;0;0;0;0;9,4;0;0;0;0;0;0;0;0;0;;5,3;0;0;0;0;0;0;2,2;0;0;0;0;0;0;0;0;;22,4;0;0;0;0;0;0;0;0,1;0;0;0,8;0;0;;0;;0;0;22;0;0;0;0;0;
2023-10-14 00:00:00.0;0;0;0;0;0;0;0;0;0;0;0;0;0;0;0;0;0;0;0;0;0;0;0;0;0;0;;0;0;0;0;0;0;0;0;0;0;0;0;0;0;;0;;0;0;0;0;0;0;0;0;0;0;0;0;0;0;;0;;0;0;0;0;0;0;0;0;
2023-10-15 00:00:00.0;0;0;0,5;0,1;0;0;0,1;0;0,1;0;0;0;0;0;0,8;0;0;0,1;0;0,2;1,02;0,1;0;0,2;0;0,3;;0,3;1,2;0,4;0,3;0;0;0,6;0;0;0,3;0,2;0,1;0;0,2;;0,9;;0;1,3;0;0;2,9;0;0;0;0;0;0,2;0,2;2,3;0;;1,1;;0;0;0,3;0;0;0,5;0;2;
2023-10-16 00:00:00.0;0;0;4;15,5;22;2,1;10,7;3,4;0,1;0;0;0;0,1;0;0;0;8,5;17,2;0;7,5;0,08;0;0;0;2;0;;2;4,5;0;7;0;0;0;2;0,1;26,6;0;14,5;0;18,9;;4,2;;0,5;7;1,8;0;0;0;0;0;0,3;0;0;3,5;0;0;;19,5;;1,2;0,4;3,7;0;0;23,1;0;0,3;
2023-10-17 00:00:00.0;1,9;5,7;0,2;0;0;0;0;6;10,57;0;4;0;0;0;12,5;0;14,4;0;0;0;21,89;4,2;0;6,9;7,6;10,3;;3,3;18,3;0;0;0;0;7,6;10,1;0,2;1;4,1;0;0;0;0;0,1;;16,3;0;0;0;11,9;1,1;0;11,7;0;0;3;0,1;0,1;1;;6,5;;1,2;0;7,7;1,1;0,4;3,4;0;30,8;
2023-10-18 00:00:00.0;0;0;0;0;0,1;0;0;0;0,15;0;0;0;0,2;0,1;0,2;0;0;0;0,1;0;0,04;0;0;0;0;0,3;;0;0;0,6;0;0;0;0,1;0;0;0;0;0;0;0;0;0;;0;0;0;0;0;0;0,3;0;0,6;0;0;0;0,2;0;;0;;0;0;0;0;0;0;0;0,1;
2023-10-19 00:00:00.0;0;0;0;0;0;0;0;0;0;0;0;0;0;0;0;0;0;0;0;0;0;0;0;0;0;0;;0;0;0;0;0;0;0;0;0;0;0;0;0;0;0;0;;0;0;0;0;0;0;0;0;0;0;0;0;0;0;;0;;0;0;0;0;0;0;0;0;
2023-10-20 00:00:00.0;0;0;0;0;0;0;0;0;0;0;0;0;0;0;0;0;0;0;0;0;0;0;0;0;0;0;;0;0;0;0;0;0;0;0;0;0;0;0;0;0;0;0;;0;0;0;0;0;0;0;0;0,1;0;0;0;0;0,9;;0;;0;0;0;0;0;0;0;0;
2023-10-21 00:00:00.0;0;0;0;0;0;0;0;0;0;0;0;0;0;0;0,4;0;0;0;0;0;0;0;0;0;0;0,2;;0;0,1;0;0;0;0;0;0;0;0,4;0;0;0;0;0;0;;0;0;0;0;1,2;0;0;0;0;0;0;6,7;1,2;0;;0,1;;0;0;0;0;0;0,1;0;1,1;
2023-10-22 00:00:00.0;0,3;0,7;0,1;14,5;0;0;7;0;4,55;0;0;0;0;0;0,4;0;6,4;14,1;0;0,2;4,78;0;0,1;0,7;0,9;1;;0,4;23,3;0;0,7;0;0;4;0;0,4;4,8;4;16,2;0;25,5;0;0;;0;4,6;0,2;0;1,1;0;0;0;0;0,3;0;0,1;0,1;4,8;;13;;0;0;4,2;0,1;0,2;8,9;0;2,7;
2023-10-23 00:00:00.0;0;0;0;0;26,3;9,2;0;55,5;0;0;0,1;0;0;0;0;0;0;0,3;0;15,1;0;0;0;0;0;0;;7,3;0;0;0,9;0;0;0;25,5;0;0;0;0;0;0;0;0;;3,3;0;0;0;0;0;0;0;1,8;0;1,2;1,6;0;0;16,6;0;;0,9;0;1,2;0;0;0;0;0;
2023-10-24 00:00:00.0;0;0;0;0;0,1;0,3;0;0;0,08;0;0,5;0;0;0;0,4;0;0,6;0;0;0,3;0,09;0;0,2;0;0;0,3;;1;0;0,4;0;0;0;0,1;0,1;0;0;0;0;0;0;0;0;;0,3;0;0,1;0;0,1;0;0,2;0;0,2;0,1;0;0,1;0,4;0;0;0;;0,3;0;0;0;0;0;0;0,5;
2023-10-25 00:00:00.0;0;0;0;0;23,4;4,2;0,2;8,1;0,28;0;0;0;7,9;8,7;3,8;0;0,7;0,4;10;0,8;0;0;17,8;0;0;1,5;;0,2;0;5,7;11,1;16,8;0;0;0,1;0;0,1;0;0,3;0;0;0;0;;0;0;0;0;0;0;17,3;0;0,1;2,2;0;1,7;0;0;9,8;0;;1,1;0;0,5;0;0;0;2,4;0,6;
2023-10-26 00:00:00.0;0;1,5;1;2,5;25,4;2;3,6;8,7;0,76;0,6;0;0;9,7;5,5;3;5;2,7;2,9;9,8;2;5,49;0,5;2,6;6,2;4,7;1,9;;0,6;12;3,8;3,2;5,2;2,3;9,8;14,3;0,3;2,7;17,5;1,8;3,2;2,9;0;0,8;;2;2,5;17,3;3;10,3;0;6,1;0;9,6;1;1,1;8,6;8,6;1,1;2,1;4,5;;6,3;2,5;0,2;4,6;0;2,5;5,2;4,2;
2023-10-27 00:00:00.0;0,2;0,1;1,3;1,4;1,9;1,8;1,3;1,5;0,54;0,1;0,5;0,3;3,9;3,4;0,8;1,1;0,3;1,2;1,4;1,1;0,27;0,4;0,3;0,3;0,5;0,6;;0,6;0,3;0,9;1,9;1,5;0,1;0,2;1,4;0,2;0,6;0,2;1;2,8;1,3;0,3;1,2;;0,6;1;5,9;0,1;0,8;0,1;0,9;0,1;5,3;0,1;1,6;1,8;0,6;0,1;3,5;0,6;;10;0,6;0,7;0,1;0,1;0,4;4,1;0,6;
2023-10-28 00:00:00.0;11,4;28,3;1,8;1;6,1;2,9;0,9;4,4;19,53;8,8;12,2;16,4;15,2;13,9;21,5;9,3;7,2;0,4;18,6;2,3;19,21;11,3;19;14,9;19;22,3;;2,2;19,5;19,6;0,4;16,5;18,1;22,9;4,3;10;19,8;17,9;0,4;12,9;0,9;10,5;1,6;;10,2;1,5;16,9;11,7;12,9;12;20,8;13,3;4,4;26,7;14,4;6,8;10;21,3;5,1;21,2;;17,1;7,5;2,7;15;10,9;18,8;14;18,8;
2023-10-29 00:00:00.0;1,4;1,4;58,9;6,2;0,9;18,7;17;1,2;2,31;1,1;8,3;2,7;1,5;1,2;4,5;1;7,1;1,6;2,4;22,3;3,21;3,4;1,6;3;5,5;3;;14,8;7;2,5;2,1;2,6;1,5;3,2;7;1,1;11,3;5,9;0,2;0,9;0,2;0,7;86,5;;5,9;33,4;0,6;1,4;6,7;1,6;6,8;1,7;1,4;1,6;6,8;17,7;5,9;1,4;7,1;7;;1,9;1;11,6;1,2;1,3;7,5;0,8;5;
2023-10-30 00:00:00.0;2,8;5,6;0;0;0,7;0,1;0;0;0;0;3,1;6,1;1,4;1,1;0,2;0;3,4;0,2;1,1;0,2;1,15;18,6;0;7,7;3;0,3;;14,1;0,9;0,4;0;0,3;0;14,9;0,9;2,5;1;6,4;0;0;0,3;0,6;0;;3,4;0;0;0;0,5;5,4;0;5,4;0;0;3,2;0,1;0,2;1,2;0;0,9;;0;0;9,2;12,7;6,1;1,1;0;0,3;
2023-10-31 00:00:00.0;6,8;0,2;0,8;6,9;1,6;24,3;6,5;2;13,27;0;0,3;6,7;0;0;22,7;0;16,3;14,7;0,2;13,2;5,84;0,7;11,5;2,5;0;21,4;;0,7;32;11,6;9,4;0;0,8;22,9;0,1;6,1;21,4;4,5;13,5;0;19,1;22,5;0;;0;0,9;0;0,2;26,5;17,7;5,1;10,4;0;9,6;2,4;0;0,3;6;0,1;10,4;;0;0;5,4;3;12,1;18,8;0;36,1;
2023-11-01 00:00:00.0;19,5;20,7;79,2;9,9;5,1;21,9;11,6;7,5;21,12;26,5;6;3,2;29,5;31,1;45,3;34,9;14,5;0;26,3;17,1;25,5;5,6;24,5;17,9;3,7;29,5;;7,8;67,8;31,3;5,7;22;43,1;8,6;2,9;12,7;48,1;9,7;0,5;32,6;0,2;3,4;108,6;;2,9;32,7;35,5;35;48,3;5,8;30,9;11,9;19,7;31,4;2;7;38,9;17,6;1,6;75,3;;15,7;22,3;9;13;15,6;63,3;29,1;30,3;
2023-11-02 00:00:00.0;7,1;8,1;12,5;4,3;16,9;16,3;5,2;18,8;11,6;10,5;2,9;3,1;9,3;8,3;31;11,7;11,6;4;11,5;13,7;12,21;19,1;12,8;17,7;11;22,6;;20,6;25,1;33,9;7,5;15,7;5,5;9,4;18,1;9,3;21,4;18,6;0,6;6,5;4,5;2,2;7,6;;34,6;12,3;19,3;5,8;36;0,3;30;0,3;3,8;4,3;4,2;18;8,4;9,3;3,6;21,2;;7,3;12,7;14,1;5,4;6,5;19,3;5,6;22,4;
2023-11-03 00:00:00.0;5,9;2,3;5,2;12,8;27,8;9,5;9,2;8,4;1,3;2,3;3,8;3,5;8,3;5,8;2,9;2,9;10,6;4,8;4,3;4,1;1,23;1,1;1,9;1,3;3,4;1,8;;3,6;5,4;2,8;2;4,5;3,1;1,8;1,1;3,3;9;10,7;4,8;3,6;6,1;3;9,9;;3,5;21;6,2;1,7;2,7;1,9;3,5;2,9;11,6;2,6;4,9;5,4;3;1,8;5,1;4,5;;11,7;4,2;5,7;2,1;2,3;4,2;4,9;2;
2023-11-04 00:00:00.0;2,6;2,1;3,4;9,3;11,2;6,8;8,9;7,2;4,1;1,9;5,3;4,2;2,8;2,4;4,5;1;10;7,5;3,3;7,6;2,54;4,7;2,5;3;4,3;3,5;;9,3;3,8;4,9;5,8;2,6;3,1;2,7;6,4;1,7;2,6;3,2;6,6;1,4;8,8;5,7;4,4;;9,9;9;3;2,6;2,8;3,7;3,8;2,8;4,8;3,1;7,2;2,7;3;2,3;3,8;3,6;;0,6;1,8;10,7;1,7;1,8;2,6;0,8;3,7;
2023-11-05 00:00:00.0;0;0;0;0;2,9;1,3;0;0,2;0;0;0;0;0;0;0;0;0,2;0,3;0;1;0;0;0;0;0;0;;0;0;0;1;0;0;0;0,2;0;0;0;0,4;0;0,5;0;0,1;;0;0;0;0;0;0;0;0;0;0;0;3,6;0;0;0;0;;0;0;0,3;0;0;0;0;0;
2023-11-06 00:00:00.0;0;0;5,8;3,6;1,5;12,8;6,8;4,5;0,6;0;0;0;0;0;7,3;0;8,1;8,4;0,1;10,4;1,29;0;0;0;0,9;3,6;;11,7;17,5;0,1;12,6;0,1;0;0;4,9;0;22,5;0,4;9,3;0;5,7;0;0,1;;0,2;0,4;0;0;2,9;0;0;0;0,1;0;0,7;2,9;0,2;0;5;25,4;;0,9;0;3,3;3,1;0;24,2;0;11,9;
2023-11-07 00:00:00.0;0,2;0,2;0,4;0;0,2;2,5;0;0,9;0,3;0,3;1,2;0;0;0;0,3;0,2;0,2;0;0;0,1;0,12;0;0,2;0,1;11,4;0,4;;0,5;0;0,5;1,1;0;0,3;0,1;1;0,2;0,1;0;0;0;0;0;0,7;;5,4;0,1;0,1;0,4;0,1;0;0,1;0;0,8;0,3;4;2,3;0,5;0,2;0,6;0;;0;0,4;0,3;0,1;0,5;0;0;0,4;
2023-11-08 00:00:00.0;0;0;1;0,1;0;0;0;0;0,1;0;0;0;0,2;0,2;0,1;0;2,9;0,1;0;0;0;0;0;0;0;0;;0;0;0,3;0;0,2;0,2;0;0;0;0;0;0;0;0,2;0;0,1;;0;0;0,1;0;0,2;0;0;0;1,2;0;0,1;0,1;0,2;0;0,3;0;;0;0;0,7;0,2;0;0;0;0,2;
2023-11-09 00:00:00.0;0,3;0,1;0,1;0;0;0;0;0;0,3;0,2;0;0;0,8;0,5;0,7;0,3;0;0;1;0;0,33;0;0,4;0;0;0,6;;0;0;0,8;0;0,6;0,3;0;0;0,1;0;0;0;0,7;0;0;0;;0;0;0,3;0,2;0,2;0;0,7;0;2,2;0,2;0;0,2;0,6;0,3;1,8;0;;0,3;0,1;0;0;0;0;0,7;0,4;
2023-11-10 00:00:00.0;0;0,1;0,8;0,3;0;0,1;0,1;0,1;0;0;0,7;0;0,5;0;0;0;0,8;0,3;0,5;0,1;0;0;0,7;0,3;0,2;0;;2,1;0,6;0,2;0;0;0;0,1;0;0;0,1;0;0,2;0;1,1;0;0,7;;1,7;0,3;0;0;3,1;0,5;2,7;0,4;1,3;0;0,6;0,8;1,1;0;1,9;0;;0,3;0,2;0,3;0,1;0;0,1;0;0,3;
2023-11-11 00:00:00.0;0;0;0;0;0;0;0;0;0;0;0;0;0;0;0;0;0;0;0;0;0;0;0;0;0;0;;0;0;0;0;0;0;0;0;0;0;0;0;0;0;0;0,1;;0;0;0;0;0;0;0;0;0,3;0;0;0,1;0,4;0;1,2;0;;0,1;0;0;0;0;0;0;0;
2023-11-12 00:00:00.0;0,2;0;6;1,4;1,1;0,8;1,3;0,6;0,5;0;0,7;0,9;0;0;1,1;0;1,9;0,9;0,2;2,2;0,9;0,6;0,6;0,6;0,5;0,9;;2;0,8;0,8;0,3;0,2;0,2;0,7;1,2;0;2,3;0,4;0,6;0,1;0,4;0,8;7,5;;0,6;3,5;0,2;0,3;0,5;0,8;1;0,6;1,5;0;0,2;0,4;0,9;0;2,8;1,1;;4;0,1;1,6;0,3;0;1,8;0,4;1,4;
2023-11-13 00:00:00.0;0;0;0;0;0;0;0;0;0;0;0;0;0;0;0;0;0;0;0;0;0;0;0;0;0;0;;0;0;0;0;0;0;0;0;0;0;0;0;0;0;0;0;;0;0;0;0;0;0;0;0;0,8;0;0;0;0,1;0;0;0;;0;0;0;0;0;0;0;0;
2023-11-14 00:00:00.0;0;0;0;0;0;0,2;0;0;0;0;0;0;0;0;0;0;0;0;0;0;0;0;0;0;0;0;;0;0;0;0;0;0;0;0,2;0;0;0;0;0;0;0;0;;0;0;0;0;0;0;0;0;1,1;0;0;0,2;0,1;0;0,4;0;;0,3;0;0;0;0;0;0;0;
2023-11-15 00:00:00.0;0;0;0;0;0;0;0;0;0;0;0;0;0;0;0;0;0;0;0;0;0;0;0;0,6;0;0;;0;0;0;0;0;0;0;0;0;0;0;0;0;0;0;0;;0,2;0;0;0;0;0;0;0;0,1;0;3,8;0;0,1;0;0,1;0;;0;0;0;0;0;0;0;0;
2023-11-16 00:00:00.0;0;0;0;0;0;0;0;0;0,1;0;0;0;0;0;0;0;0;0;0;0;0;0;0;0;0;0;;1,1;0;0;0;0;0;0;0;0;0;0;0;0;0;0;0;;0;0;0;0;0;0;0;0;0,1;0;0;0;0;0;0;0;;0;0;0;0;0;0;0;0;
2023-11-17 00:00:00.0;0;0;0,3;0;0;0;0;0;0;0;0;0;0;0;0;0;0;0;0;0;0;0;0;0;0;0;;0;0;0;0;0;0;0;0;0;0;0;0;0;0;0;0,2;;0;0;0;0;0;0;0;0;0;0;0;0;0;0;0;0;;0;0;0;0;0;0;0;0;
2023-11-18 00:00:00.0;0;0;0;0;0;0;0;0;0;0;0;0;0;0;0;0;0;0;0;0;0;0;0;0;0;0;;0;0;0;0;0;0;0;0;0;0;0;0;0;0;0;0;;0;0;0;0;0,1;0;0;0;0;0;0;0,3;0,3;0;0,9;0;;0;0;0;0;0;0;0;0;
2023-11-19 00:00:00.0;0,7;11,8;18,8;9,3;5,4;5,3;6,3;11,1;7,2;16,4;3,2;7,3;40,5;25,9;26,4;9,9;15,2;4,3;37,8;28,4;2,3;2,2;15,2;1,2;6,9;16,9;;7;12,6;24,7;27,2;43,3;20,3;0,7;4,1;2,8;12,7;3,6;4,8;14,7;10;1;14,6;;4,2;7,2;20,6;18;26,7;0,9;26,9;0,6;28,7;15,1;9,3;14,5;22;5,6;0,7;10;;23,3;5,6;8,5;11,9;21,2;14,5;18,7;18;
2023-11-20 00:00:00.0;0,7;2,6;2,5;5,7;0,3;0,3;4,4;0,4;3,7;0,9;0,2;0,6;9,4;4;15,5;0,9;1,4;11,5;11,1;0,9;3,4;0,5;7,9;0,7;0,4;10,3;;0,5;1,6;18,9;0,4;6,6;2,2;1,7;0,2;0,7;1,6;1,2;14,6;1,1;18,1;1,2;4;;0,3;3;1,1;1,5;44,6;0,4;11,6;0,4;7,8;2,8;0,2;1;39,8;2,4;9,6;2;;1,7;0,8;0,8;1,3;1;1,6;2;17;
2023-11-21 00:00:00.0;0;0;0,1;0;0,1;0;0;0;0,1;0;0,2;0;0;0;0,1;0;0;0;0;0;0;0;0;0;0,2;0;;0;0;0;0;0;0;0;0;0;0;0;0;0;0;0;0;;0;0;0;0;0;0;0;0;0,1;0;0;0;0,5;0,1;0,1;0;;0;0;0;0;0;0;0;0,1;
2023-11-22 00:00:00.0;0;0;0;0;0,1;0;0,2;0;0;0;4,2;0,3;0;0;0;0;0;0;0;1,1;0,7;0;0;0,6;5;0;;18,2;0,1;0;0;0;0;1,3;13,3;0,8;0;0,4;0,2;0;0;0;0,4;;8;0,6;0;0;0;0;0;0,1;0;0;5;0;0;0;0;0;;0;0;6,1;0,1;0;0;0;0;
2023-11-23 00:00:00.0;14,9;0,1;0;0,4;1,3;2,4;0,9;3,1;0;3;5,4;3,6;0;0;0;8,2;0,8;0,7;0;12,1;0;8,4;0;8,9;6,4;0;;7,6;0;0;0,1;0;6,8;4,7;6,1;5,9;0;6;0,5;0;0,5;2,1;0;;7,1;0;0,5;4,7;0,1;6,5;0;9,5;0,1;2;1,7;0;0;0,1;0;0;;0;5,9;7;0,8;1,7;0;0;0;
2023-11-24 00:00:00.0;0;0;0;0,1;0,1;0;0;0;0;0;0;0;0;0;0;0;0;0;0;0;0;0;0;0;0;0;;0;0;0;0;0;0;0,4;0;0;0;0;0;0;0,1;0,1;0;;0;0;0;0;0;0;0;0;0,2;0;0,1;4,3;0;0;0,5;0;;0;0;0;0;0;0;0;0,1;
2023-11-25 00:00:00.0;0,9;1,4;1;0,3;0;0;0,2;0,1;1;0,9;0,7;0,1;4,1;3;1,4;1;0,4;0,2;2,5;0,4;1;0,3;1,4;0,4;0,6;1,4;;0,5;1;2,3;0;1,7;1;0,6;0,2;1,1;1,2;0,9;0,1;2,3;0,2;0,2;1,3;;0,5;0,9;2;1,1;2,6;0,2;2,5;0,2;4,4;1;0,3;5,9;1,8;0,8;6,3;1,5;;3,4;1;0,5;2,6;1,9;1,1;2,4;1,7;
2023-11-26 00:00:00.0;0;0;0,1;0,2;0;0;0,2;0;0;0;0;0,1;1;0,9;0,4;0;0;0;0,2;0;0;0;0,1;0,2;0;0,2;;0;0;0,2;0;0,3;0;0;0;0;0;0,5;0;0,6;0;0;0;;0;0;0,3;0;1,7;0,2;0,1;0,2;0,8;0;0,1;0,1;0,5;0;1,4;0,2;;0;0;0;0;0;0,2;0,3;0,4;
2023-11-27 00:00:00.0;0;0;0,9;1,1;0;0,3;0,3;0;0,2;0;0;0;0,9;0,6;1,2;0;0;0,8;0,2;0;0;0;1,7;0;0;0,7;;0;0;1,1;1;0,2;0,1;0;0;0;0;0;0,9;0,5;3,1;0;0,8;;0;0,1;0,7;0,1;0,7;0;2,8;0;3,2;0,1;0;2,1;0,6;0;2,4;0,1;;1,6;0,2;0;0;0;0;0,4;2;
2023-11-28 00:00:00.0;0,7;0,3;2;0,4;0;0;0;0;1,4;0;0;0,6;0,3;0,1;3,5;0;0;0,2;0,3;0;2,1;0,5;0,9;1,2;0;2,5;;0;0,1;2,2;0;0,1;0,1;1,4;0;0,7;0,1;0,3;0;0,1;1,6;0,3;1,4;;0;0;0,1;0;1;0,7;0,6;1;1,3;0,4;0;1,5;0,7;0,7;5,1;0,3;;3,3;0;0;0,4;0,2;0,2;0,6;4,3;
2023-11-29 00:00:00.0;0;0;0;0,3;0;0;0,1;0;0;0;0;0;0;0;0,3;0;0;0;0;0;0;0;0,3;0;0;0,5;;0;0;0,7;0;0;0;0;0;0;0;0;0;0;0;0;0;;0;0;0,2;0;0,1;0;0;0;0,3;0;0;0,4;0,5;0;0,6;0;;0;0;0;0;0;0;0;0;
2023-11-30 00:00:00.0;0;0;0;0;0,1;0;0;0;0;0;0;0;0;0;0;0;0;0;0;0;0;0;0;0;0;0;;0;0;0;0;0;0;0;0;0;0;0;0;0;0;0,1;0;;0;0;0;0;0;0;0;0;0;0;0,1;0;0;0;0;0;;0;0;0;0;0;0;0;0,1;
2023-12-01 00:00:00.0;0;0;0;0;0,1;0;0;0;0;0;0;0;0;0;0;0;0;0;0;0;0;0;0;0;0;0;;0;0;0;0;0;0;0;0;0;0;0;0;0;0;0,2;0;;0;0;0;0;0;0;0;0;0;0;0,1;0;0;0;0;0;;0;0;0;0;0;0;0;0;
2023-12-02 00:00:00.0;0;0;0;0;0;0;0;0;0;0;0;0;0;0;0;0;0;0;0;0;0;0;0;0;0;0;;0;0;0;0;0;0;0;0;0;0;0;0;0;0;0,1;0;;0;0;0;0;0;0;0;0;0,1;0;0;0;0;0;0;0;;0;0;0;0;0;0;0;0;
2023-12-03 00:00:00.0;0;0;0;0;0;0;0;0,1;0;0;0;0;0;0;0;0;0;0;0;0;0;0;0;0;0;0;;0;0;0;0;0;0;0;0;0;0;0;0;0;0;0;0;;0;0;0;0;0;0;0;0;0,2;0;0;0;0;0;0;0;;0;0;0;0;0;0;0;0;
2023-12-04 00:00:00.0;0;0;0;0;0;0;0;0;0;0;0;0;0;0;0;0;0;0;0;0;0;0;0;0;0;0;;0;0;0;0;0;0;0;0;0;0;0;0;0;0;0;0;;0;0;0;0;0;0,2;0;0,2;0;0;0;0;0;0;0;0;;0;0;0;0;0;0;0;0;
2023-12-05 00:00:00.0;0;0;0;0;0;0;0;0;0;0;0;0;0;0;0;0;0;0;0;0;0;0;0;0;0;0;;0;0;0;0;0;0;0;0;0;0;0;0;0;0;0;0;;0;0;0;0;0;0;0;0;0,1;0;0;0;0;0;0;0;;0;0;0;0;0;0;0;0;
2023-12-06 00:00:00.0;0;0;0;0;0;0;0;0;0;0;0;0;0;0;0;0;0;0;0;0;0;0;0;0;0;0;;0;0;0;0;0;0;0,1;0;0;0;0;0;0;0;0;0;;0;0;0;0;0;0;0;0;0;0;0;0;0;0;0;0;;0,2;0;0;0;0;0;0;0;
2023-12-07 00:00:00.0;0;0;0;0;0,1;0;0;0;0;0;4,2;0;0;0;0;0;0;0;0;0;0;0,4;0;0;7,5;0;;0;0;0;0;0;0;0;0;0;0;4,5;0;0,2;0;0;0;;4,7;0;0;0;0;0;0;0;0,2;0;3,3;0;0;0;0;0;;0;0;0;0;0;0;0,2;0;
2023-12-08 00:00:00.0;0;0;0;0;0,1;0;0;0;0;0;0;0;0;0;0;0;0;0;0;0;0;0;0;0;0;0;;0;0;0;0;0;0;0;0;0;0;0;0;0;0;0;0;;0;0;0;0;0;0;0;0;0,2;0;0;0;0,1;0;0;0;;0;0;0;0;0;0;0;0;
2023-12-09 00:00:00.0;0;0,5;1,9;0;0;0;0;0;0;0;0,3;0;2,3;1,1;1,3;0,1;0;0;2,3;0,2;0;0;2,5;0;0,4;0,5;;0;0;1,5;0,1;1,5;0,4;0;0;0;0,1;0;0;1,1;1;0;0,3;;0;0;1,3;0,4;0,4;0;5,2;0;3,6;0,1;0;0,1;0,3;0;2,2;0,1;;0,7;0,1;0;0,1;0;0,1;0,4;0,4;
2023-12-10 00:00:00.0;0,1;0,3;2;1,7;1,1;2,1;1,2;0,3;1,3;0,1;0;0,2;3,4;1,3;4,5;0,1;0;1,9;2,9;0,1;0,2;0,2;6,6;0;0,1;3,2;;1,1;0,8;5,4;2,8;2,1;0,7;0;0,1;0;0,4;0;2,3;0,4;4,4;0,1;2,9;;0;1,2;0,9;0,4;4,3;0;7,6;0;4,6;1,7;0,2;1,6;1,9;0,4;9,8;1,2;;0,9;0,2;0;0,1;0,2;0,7;0,9;3,3;
2023-12-11 00:00:00.0;0;0;0;0;0;0;0;0;0;0;0;0;0;0;0;0;0;0;0;0;0;0;0;0;0;0;;0;0;0;0;0;0;0;0;0;0;0;0;0;0;0;0;;0;0;0;0;0;0;0;0;0,1;0;0;0;0,2;0;0,1;0;;0;0;0;0;0;0;0;0;
2023-12-12 00:00:00.0;0;0;0;0;0;0;0;0;0;0;0;0;0;0;0;0;0;0;0;0;0;0;0;0;0;0;;0;0;0;0;0;0;0;0;0;0;0;0;0;0;0;0;;0;0;0;0;0;0;0;0;0;0;0;0;0,2;0;0;0;;0;0;0;0;0;0;0;0;
2023-12-13 00:00:00.0;0;0;0;0;0;0;0;0;0;0;0;0;0;0;0;0;0;0;0;0;0;0;0;0;0;0;;0;0;0;0;0;0;0;0;0;0;0;0;0;0;0;0;;0;0;0;0;0;0;0;0;0;0;0;0;0;0;0;0;;0;0;0;0;0;0;0;0;
2023-12-14 00:00:00.0;0;0;0,1;19,1;0;0;4,8;0;0;0;0;0;0;0;0,2;0;2,2;5,7;0,8;0;0;0;0;0;0;0;;0;15,3;0,3;0;0;0;0;0;0;5,1;0;1,1;0;5,9;0;0,1;;0;9,8;0;0;23,2;0;0,4;0;0;0;0;0;2,9;0;0;7,4;;0;0;0;0;0;5,1;0;2;
2023-12-15 00:00:00.0;0,2;3,4;2,2;0,2;0,1;0;0,1;0,6;12,2;1,3;0,2;0;0,3;0,6;4,1;1,1;1,9;0;2,8;0;5,1;0,2;5,2;0,5;0;19,2;;0;3;25,5;0;2,2;0,9;1,2;0;0,3;3,2;1,5;0;4,4;0,1;0,6;1,7;;0,1;0,4;2,8;0,9;4,1;0,2;4,9;0,2;0,5;1,7;1,3;0,1;0,1;4,6;0,1;3;;3;0,9;0,2;1,6;1;3,2;1,8;3,9;
2023-12-16 00:00:00.0;1,5;3,1;23,4;12,3;5,2;11,3;10,7;3,8;5,8;1,6;16,9;0,9;6,2;7,8;1;2,5;9,4;23;5,3;3,5;2,3;12,6;4;5,9;8,3;2,7;;2,9;1,3;3,1;21,9;5,6;3,1;3;7,7;1,1;6,5;2,2;29,6;2,2;39,2;5,7;17;;8,3;10,7;2,6;1,7;4;9,8;5;13,3;4,6;5,2;13,6;5,2;3;4,3;0,9;6,3;;2,7;2,8;10,7;1,9;3,6;6,1;5,3;0,9;
2023-12-17 00:00:00.0;7,9;3,7;6,9;70,7;6,6;7,9;35,2;3,8;10,8;4,8;6,6;14,5;10,8;9,2;15,4;9,2;10,2;44,5;10,4;22,5;6,4;5,3;23,2;5,8;4,1;33,8;;5,4;12,2;38,3;21,8;12,7;13,3;4,2;3,8;5,6;6,9;7;33,7;9,7;34,1;16,6;9,8;;5,2;25,7;20,6;6,3;7,7;9,6;14,9;7,2;11,9;20,3;5,2;8,9;7,7;6,9;19,7;9,6;;7,9;6,6;6,7;2,9;3,1;7,3;10,8;10;
2023-12-18 00:00:00.0;20,6;9,2;10,2;7;6,6;29,5;10,7;11,1;36,9;12,9;11,5;0,9;13,1;11,8;42,2;14,6;21,7;5,2;8,5;25,8;6,7;16,6;27,4;12,2;7,9;33,3;;15,6;15,9;25,7;4,2;14,2;23,7;6,9;16;16,2;13,4;10,3;3,1;15;3,4;13,2;7,5;;9,3;11,4;9,9;22,8;18,1;15,5;14,5;14,6;14,5;23,3;14,9;0,3;6,7;23;0,2;14,7;;9,4;6,5;14,8;4,5;4,8;12,6;15;49,7;
2023-12-19 00:00:00.0;0;0,2;23;5,5;0,3;1,7;3,9;0,7;0,4;0;0,2;0;0;0;2,6;0;18,8;2,4;0;2,8;0,5;0;0,1;0;0;0,5;;0,7;13,9;1;1,8;0;0;0;0,4;0;21,5;1,3;1,4;0;3,5;0;18,2;;0,2;10,2;0;0;17,1;0,1;0,2;0;0,1;0;0;0,1;33,3;0,2;0;25,3;;0;0;7,7;0;0;19,6;0;2,4;
2023-12-20 00:00:00.0;0,1;0;0;0;0;0;0;0;0;0;0;0;0;0;0;0;0;0;0,1;0;0;0;0;0;0;0,3;;0;0;0,3;0;0;0;0;0;0;0;0;0;0;0;0;0;;0;0;0;0;0,1;0;0;0;0,2;0;0;7,6;27,2;0;0,9;0;;0;0;0;0;0;0;0;0,1;
2023-12-21 00:00:00.0;0;0;10,9;3,4;0;0;1,4;0;0,1;0;0;0;2,6;5,6;6,7;0;0;2,6;9,6;0;0;0;5,2;0;0;9,8;;0;23,3;19,6;0;1,3;0,7;0;0;0;22;0;4,8;2,9;23;0,1;23,9;;0,2;11,5;0;0,8;4,7;0;21,3;0;0,2;0,1;0;2,4;4,4;0;0;26,7;;0;0;0;0;0;28;1,1;1,5;
2023-12-22 00:00:00.0;0;0;0;0;0;0;0;0;0;0;0;0;0;0;0;0;0;0;0;0;0;0;0;0;0;0;;0;0;0;0;0;0;0;0;0;0;0;0;0;0;0;0;;0;0;0;0;0;0;0;0;0,1;0;0;0;0;0;0,1;0;;0;0;0;0;0;0;0;0;
2023-12-23 00:00:00.0;14;10,7;0;0;0;0;0;0;13,4;3,5;8,1;0,3;0;0;12,6;0,9;0;0;0;0;10,1;0,3;1,1;3;4;19,3;;0;0;0,7;0;0;1,7;5,1;0;10,4;0;0,9;0;0;0;2,3;0;;0,8;0;0;0,9;0;0,8;0;2,5;0,1;2,3;2,5;0;0;6,8;0;0;;0;6,6;0;11,5;17,5;0;0;0,6;
2023-12-24 00:00:00.0;0;0;0;0;0;0;0;0;0;0;0,1;0;0;0;0;0;0;0;0;0;0;0;0;0;0;0;;0;0;0;0;0;0;0;0;0;0;0;0;0;0;0,1;0;;0;0;0;0;0;0;0;0;1,8;0;0,1;0,6;0;0;5,1;0;;0,2;0;0;0;0;0;0;0;
2023-12-25 00:00:00.0;0;0,7;0,5;0;0;0;0;0;0,6;0;0;0;0,1;0;1;0;0,4;0;0;0;0,5;0;0;0,1;0;0,6;;0,3;0,8;0,5;0;0;0;0,2;0;0;0,9;0,1;0;0,1;0;0;0,4;;0;0,1;0,2;0;1,8;0;0,1;0,2;0,6;0;0;2;5,8;0,4;3,6;0,7;;0,1;0;0,2;0,4;0,1;0,7;0,2;2;
2023-12-26 00:00:00.0;0,9;0;0;0;0;5,5;0,6;0,8;0;0;2,6;2,5;1,2;0,3;0;0;0,2;0;0,6;0,4;0;5,1;0;2,3;1,3;0;;0,1;0;0;0,2;0,2;0;0,1;4,9;0,5;0;0;0;0,1;0;3,6;0;;0,6;0,5;0,2;0;0;2,3;0,1;2,6;1,9;0;0,6;0,5;0,1;0;0,8;0;;1,4;0;0;0;0;0;0,2;0;
2023-12-27 00:00:00.0;0,5;1,1;0,8;0,1;0,2;0,1;0,1;0,1;1,3;0,9;0,1;0;11,2;5,7;1,7;1;0,5;0;4,1;0,1;1;0,3;3,2;0,3;0,2;1,9;;0,1;0,5;2,7;0;3,5;2,1;0,4;0;0,3;0,7;0,5;0;2,9;0;0;0,9;;0,1;0,4;2,2;1,8;1,9;0,2;4,1;0,2;11;2;0,2;11,9;2;1,2;14,3;0,8;;6,5;0,8;0,4;0,6;0,5;0,6;6,2;1,4;
2023-12-28 00:00:00.0;6,6;7,9;8,6;5;4;3,9;5,5;3,8;8;6,3;4,1;3,4;15,7;11,6;10,3;7,1;6,7;3,1;9,7;6,9;8,4;5,6;9;6,5;3,4;9,5;;5,9;7,3;10,8;1,8;8,7;7,7;6,8;4,6;5,6;7,3;7,4;2,1;7,3;3,2;3,7;8,6;;4,8;7,2;8,5;7,5;10,7;2,8;10,1;4,7;10,4;8,3;0;3,4;10,8;8;1,4;8,2;;7,5;7,6;7;6,4;6,3;7,2;10,1;10,1;
2023-12-29 00:00:00.0;1;0;0;0;1,4;0,2;0;1;0;0;3,9;2,1;0,8;0;0;0;0,1;0;0;0,3;0;1,9;0;0;0,9;0;;0,4;0;0;0;0;0;0,1;1,4;0,8;0,3;0;0;0;0;1,6;0;;3,1;0;0;0;0;0,5;0;1,2;0;0;1,6;0,7;0;0;0;0;;0;0;0,4;0;0;0,2;0,2;0;
2023-12-30 00:00:00.0;0;0;7;10,3;0,7;2,1;15,8;0,9;0,1;0;0;0;1,1;1;2,4;0,2;1,1;16,3;0,3;3,8;0;0,1;0;0;0;0,2;;2,8;0,4;0,3;5;0,3;0,1;0;0,7;0;1,3;0;6,3;0,7;10,8;0;20,1;;0;22,1;0,4;0,2;0,6;0,1;0;0;0,1;0;0;0;1;0;0;1,9;;0;0;1,4;0;0;1,4;1,2;1,3;
2023-12-31 00:00:00.0;3,5;3,5;10,9;33,8;5,6;10,2;27,3;10,1;12,8;6,1;2,1;0,5;4,8;3,9;12,8;13,6;21,2;17,3;9;14,1;11,3;3,9;7,1;6,7;2,5;12,4;;15,2;18,1;9,8;8,2;10,3;9,6;7;5,2;4,2;16,9;16,3;9,5;9;11,3;0,7;20,9;;8;12,7;13,7;9,5;5,1;0;17,5;1,4;0,3;7,1;0,7;0,1;6,3;8,2;1,1;12,1;;0,7;8,7;10,7;3,8;3,9;12,6;2,7;17;
2024-01-01 00:00:00.0;;;0;0,1;0;0;0;0;0;0;0;0;0;0;0;0;0;0;0;0;0;0;0;0;0;0;0;;0;0;0;0;0;0;0;0;0;0;0;0;0;0;0;;0;0;0,1;0,1;0;0,1;0;0;0;0;0;0;0;0;;0;0;0;0;0;0;0;0;0;0;0,1
2024-01-02 00:00:00.0;;;0;0;0;0;0;0;0;0;0;0;0;0;0;0;0;0;0;0;0;0;0;0;0;0;0;;0;0;0;0;0;0;0;0;0;0;0;0;0;0;0;;0;0;0;0;0;0;0,1;0;0;0;0;0;0;0;;0;0;0;0;0;0;0;0;0;0;0
2024-01-03 00:00:00.0;;;0;0;0;0;0;0;0;0,1;0;0;0;0;0;0;0;0;0;0;0;0;0;0;0;0;0;;0;0;0;0;0;0;0;0;0;0;0;0;0;0;0;;0;0;0;0;0;0;0;0;0;0;0;0;0;0;;0;0;0;0;0;0;0;0;0;0;0
2024-01-04 00:00:00.0;;;0;0;0;0;0;0;0;0;0;0;0;0;0;0;0;0;0;0;0;0;0;0;0;0;0;;0;0;0;0;0;0;0;0;0;0;0;0;0;0;0;;0;0;0;0;0;0;0;0;0;0;0;0;0;0;;0;0;0;0;0;0;0;0;0;0;0
2024-01-05 00:00:00.0;;;0;0;0;0;0;0;0;0;0;0;0;0;0;0;0;0;0;0;0;0;0;0;0;0;0;;0;0;0;0;0;0;0;0;0;0;0;0;0;0;0,1;;0;0;0;0;0;0;0;0;0;0;0;0;0;0;;0;0;0;0;0;0;0;0;0;0;0
2024-01-06 00:00:00.0;;;0;0;0;0;0;0;0;0;0;0;0;0;0;0;0;0;0;0;0;0;0;0;0;0;0;;0;0;0;0;0;0;0;0;0;0;0;0;0;0;0;;0;0;0;0;0;0;0;0;0;0,1;0;0;0;0;;0;0;0;0;0;0;0;0;0;0;0
2024-01-07 00:00:00.0;;;0;0;0;0;0;0;0;0;0;0;0;0;0;0;0;0;0;0;0;0;0;0;0;0;0;;0;0;0;0;0;0;0;0;0;0;0;0;0;0;0;;0;0;0;0;0;0;0;0;0;0;0;0;0;0;;0;0;0;0;0;0;0;0;0;0;0
2024-01-08 00:00:00.0;;;0;0;0;0;0;0;0;0;0;0;0;0;0;0;0;0;0;0;0;0;0;0;0;0;0;;0;0;0;0;0;0;0;0;0;0;0;0;0;0;0;;0;0;0;0;0;0;0;0;0;0;0;0;0;0;;0;0;0;0;0;0;0;0;0;0;0
2024-01-09 00:00:00.0;;;0;0;0;0;0;0;0;0;0;0;0;0;0;0;0;0;0;0;0;0;0;0;0;0;0;;0;0;0;0;0;0;0;0;0;0;0;0;0;0;0,1;;0;0;0;0;0;0;0;0;0;0,2;0;0;0;0;;0;0;0;0;0;0;0;0;0;0;0
2024-01-10 00:00:00.0;;;0;0;0;0,8;0;0;0,2;0;0;3,9;0,8;0;0;0;0;0;0;0;0;0;1,9;0;0;4,9;0;;0;0;0;0,1;0;0,1;0;0;0;0;0;0;0;0;0;;0;2,1;0;0;0;0;0;0;0;0;0;0,8;0;0;;0;0;0;0;0;0;0;0;0;0;0
2024-01-11 00:00:00.0;;;1,1;0;0;0;0;0;0,1;0,1;4,5;1,1;0,2;0,1;0,3;0,2;2,4;0;0,1;0,2;0;0,1;0,2;0,7;0,8;0,1;0,2;;0,3;0;0,1;0;4,8;0;4,8;0;0,3;0;0,2;0,1;0,6;0;0,1;;0;0,9;0;3,3;5;0;0;3,2;0,5;0;0,8;0,7;0;0;;0,4;0;0;0,5;2,4;0,2;0,8;1,2;0;0,3;0,6
2024-01-12 00:00:00.0;;;1,6;3,8;0;0,9;3,2;0,5;1,9;0,2;1;2,2;3,3;3;1,3;0,2;1;2,8;0,5;2,7;2,4;0;11,6;0,2;3,8;5,5;0,2;;8,3;4,2;0,3;0,9;3,1;0,9;3,1;0,3;0,5;8,5;12,7;1,1;1,7;2;1,8;;0,6;7,8;0,1;0,4;0,4;0,1;0;0,1;6,5;0;0,5;0,5;0;0,2;;0,3;0;7,2;0;0,6;6,9;0,4;0,3;7,6;0,9;1
2024-01-13 00:00:00.0;;;9,7;0;2,1;0,8;3,6;1,3;2,5;0,8;7,3;1,6;3,2;0;0;0,2;5,5;0;2,5;0;0,9;2,2;1,3;0,4;5;3,9;0,9;;0;0;1,4;0,2;0;0,2;0;2,9;13,7;0;1,1;0,4;0;0,3;3;;0;3,5;0;0,5;1,9;0,1;0;0,1;2,9;0;1,1;1,7;0;0,1;;1,5;0;0;0;7;0,1;4,6;6,3;0,1;0;0,2
2024-01-14 00:00:00.0;;;0;0;0;0;0;0;0;0;0;0;0;0;0;0;0;0;0;0;0;0;0;0;0;0;0;;0;0;0;0;0;0;0;0;0;0;0;0;0;0;0;;0;0;0;0;0;0;0;0;0;0,1;0;0;0;0;;0;0;0;0;0;0;0;0;0;0;0
2024-01-15 00:00:00.0;;;0;0;0;0;0;0;0;0;0;0;0;0;0;0;0;0;0;0;0;0;0;0;0;0;0;;0;0;0;0;0;0;0;0;0;0;0;0;0;0;0;;0;0;0;0;0;0;0;0;0;0;0;0;0;0;;0;0;0;0;0;0;0;0;0;0;0
2024-01-16 00:00:00.0;;;0;0;0;0;0;0;0;0;0;0;0;0;0;0;0;0;0;0;0;0;0;0;0;0;0;;0;0;0;0;0;0;0;0;0;0;0;0;0;0;0;;0;0;0;0;0;0;0;0;0;0;0;0;0;0;;0;0;0;0;0;0;0;0;0;0;0
2024-01-17 00:00:00.0;;;0;0;0;0;0;0;0;0;0;0;0;0;0;0;0;0;0;0;0;0;0;0;0;0;0;;0;0;0;0;0;0;0;0;0;0;0;0;0;0;0;;0;0;0;0;0;0;0;0;0;0;0;0;0;0;;0;0;0;0;0;0;0;0;0;0;0
2024-01-18 00:00:00.0;;;0;0;0;0;0;0;0;0;0;0;0;0;0;0;0;0;0;0;0;0;0;0;0;0;0;;0;0;0;0;0;0;0;0;0;0;0;0;0;0;0;;0;0;0;0;0;0;3,1;0;0;0;0;0;0;0,1;;0;0;0;0;0;0;0;0;0;0;0
2024-01-19 00:00:00.0;;;0;0;0;0;0;0;0;0;0;0;0;0;0;0;0;0;0;0;0;0;0;0;0;0;0;;0;0;0;0;0;0;0;0;0;0;0;0;0;0;0;;0;0;0;0;0;0;0;0;0;0;0;0;0;0;;0;0;0;0;0;0;0;0;0;0;0
2024-01-20 00:00:00.0;;;0;0;0;0;0;0;0;0,2;0;0;0;0,8;0,6;0,8;0;0;0;0,4;0;0;0;0,8;0;0;0,3;;0;0;0,5;0;0,4;0;0,4;0;0;0;0;0;0,4;0;0;;0;0;0;0,7;0;0,1;0;0,9;0;3,2;0;0;0,1;0;;0,1;0,1;0;0,7;0;0;0;0;0;0,8;0,3
2024-01-21 00:00:00.0;;;0;0,5;0,1;0;0;0;0;0,1;0;0;0;0,2;0;1;0;0;0;0;0;0;0,1;0,1;0;0;0,5;;0;0;0,5;0;0;0;0;0;0;0;0;0;0;0;0;;0,6;0;0;0;0;0,6;0;0,2;0;1,9;0;0;0,2;0,7;;0;0;0;0,3;0;0;0;0;0,1;0,1;1,1
2024-01-22 00:00:00.0;;;0;0;0;0;0;0;0;0;0;0;0;0;0;0;0;0;0;0;0;0;0;0;0;0;0;;0;0;0;0;0;0;0;0;0;0;0;0;0;0;0;;0;0;0;0;0;0;0;0;0;0;0;0;0;0,1;;0;0;0;0;0;0;0;0;0;0;0
2024-01-23 00:00:00.0;;;0;0;0;0;0;0;0;0;0;0;0;0;0;0;0;0;0;0;0;0;0;0;0;0;0;;0;0;0;0;0;0;0;0;0;0;0;0;0;0;0;;0;0;0;0;0;0;0;0;0;0;0;0;0;0;;0;0;0;0;0;0;0;0;0;0;0
2024-01-24 00:00:00.0;;;0;0;0;0;0;0;0;0;0;0;0;0;0;0;0;0;0;0;0;0;0;0;0;0;0;;0;0;0;0;0;0;0;0;0;0;0;0;0;0;0;;0;0;0;0;0;0;0;0;0;0;0;0;0;0;;0;0;0;0;0;0;0;0;0;0;0
2024-01-25 00:00:00.0;;;0;0;0;0;0;0;0;0;0;0;0;0;0;0;0;0;0;0;0;0,1;0;0;0;0;0;;0;0;0;0;0;0;0;0;0;0;0;0;0;0;0;;0;0;0;0;0;0;0;0;0;0;0;0,1;0;0;;0;0;0;0;0;0;0;0;0;0;0
2024-01-26 00:00:00.0;;;0;0;0;0;0;0;0;0;0;0;0;0;0;0;0;0;0;0,2;0;0;0;0;0;0;0;;0;0;0;0;0;0;0;0;0;0;0;0;0;0;0;;0;0;0;0;0;0;0;0,2;0;0,1;0;0;0;0;;0;0;0;0;0;0;0;0;0;0;0
2024-01-27 00:00:00.0;;;0;0;0;0;0;0;0;0;0;0;0;0;0;0;0;0;0;0;0;0;0;0;0;0;0;;0;0;0;0;0;0;0;0;0;0;0;0;0;0;0;;0;0;0;0;0;0;0;0;0;0;0;0;0;0;;0;0;0;0;0;0;0;0;0;0;0
2024-01-28 00:00:00.0;;;0;0;0;0;0;0;0;0;0;0;0;0;0;0;0;0;0;0;0;0;0;0;0;0;0;;0;0;0;0;0;0;0;0;0;0;0;0;0;0;0,1;;0;0;0;0;0;0;0;0;0;0;0;0;0;0;;0;0;0;0;0;0;0;0;0;0;0
2024-01-29 00:00:00.0;;;0;0;0;0;0;0;0;0;0;0;0;0;0;0;0;0;0;0;0;0;0;0,2;0;0;0;;0;0;0;0;0;0;0;0;0;0;0;0;0;0;0;;0;0;0;0;0;0;0;0;0;0,2;0;0;0;0;;0;0;0;0;0;0;0;0;0;0;0
2024-01-30 00:00:00.0;;;0;0;0;0;0;0;0;0;0;0;0;0;0;0;0;0;0;0;0;0;0;0;0;0;0,2;;0;0;0,2;0;0;0;0;0;0;0;0;0;0;0;0;;0;0;0;0;0;0;0;0;0;0,1;0;0;0;0;;0;0;0;0;0;0;0;0;0;0;0
2024-01-31 00:00:00.0;;;0;0;0;4,1;0,9;0;13,8;0;0;0;0;0;0;0;0;7,7;0;0;11,6;0;0;0;0;0;0;;1,1;10,5;0;0;0;0;0;3,8;0;19,1;0;0;0;0;0;;0;0;0;0;0;1,3;0;0;0;0,1;0;0;0;0;;0;0;24,9;0;0;3,3;0;0;28,2;0;0
2024-02-01 00:00:00.0;;;0,6;10,1;1,6;2,2;43,9;6,3;18,7;2,1;5,3;0;0;1,2;3,1;9,3;8,1;22,3;2,2;6,4;17;4,6;0,4;2,8;1,1;0,6;8,1;;3;12,5;12,2;11,3;12,1;11,3;12,1;13,8;0,2;9,6;10,2;2,6;4,5;2,6;0;;21,9;1,6;20,1;6,9;4,8;5,5;0;10,1;0;0,7;2,5;0;0,1;3,4;;1,4;0;2,2;0,2;4,2;27,2;0,4;0,6;8,6;0,6;11,9
2024-02-02 00:00:00.0;;;2,8;1,5;1,2;0,5;1,1;1,5;1,1;5,3;2,5;1,4;0,7;0,1;0,1;9,8;2,3;0,7;1,1;0,1;4,6;3,6;0,8;0,8;1,7;2,6;9,4;;3,2;0,9;2,3;1;0,3;1;0,3;4,2;2,2;0,7;0,6;0,9;0,5;1,6;0,3;;2,5;1,5;1,6;0,6;1,9;26,4;1,7;0,5;1,3;0,3;1,8;0,9;0,1;1,1;;3,7;0,1;0,5;0,2;3;1,5;3,1;2,3;0,5;0,2;13,6
2024-02-03 00:00:00.0;;;2;6,2;3,8;2,4;1,8;0,7;1,8;0,4;10,5;4,5;12,1;3,3;8,1;19,3;7,5;10,6;2,1;1,1;1,9;7,1;3,1;2;2,6;1,7;4,1;;4,1;15,8;5,2;1,2;0,9;1,2;0,9;3,4;0,3;7,2;1,2;2,4;24,2;2,9;18,7;;10,9;3,2;1,7;6,8;13,7;21,8;7,9;1,7;1,6;10,2;3,2;0,7;2,7;56,1;;0,3;0,1;6,5;3;4;3,3;1,8;3,5;10,8;7,7;15,3
2024-02-04 00:00:00.0;;;41,8;0,5;2,5;1,3;5,1;2,3;1,6;8,2;21,9;10,4;4;7,2;9,1;4,7;28,5;8,1;5,2;9,2;5,7;22,5;16,5;13,3;16,5;3,7;6,7;;8,1;8,4;6,5;0,7;9,1;0,7;9,1;4,2;8,8;0,8;9;1,1;9,8;7,9;7,8;;0,6;4,2;0,2;19,7;22,7;4,3;10,9;7,2;35,1;18,1;20;8,1;14,5;0,4;;24,7;0;2,7;16;26;14,6;27,8;24,4;1,1;9,2;3,9
2024-02-05 00:00:00.0;;;4,9;18,8;6,1;4,3;4,9;6,7;2,7;10,9;3,3;6;9,8;10,2;13,2;9,3;5,8;46;5,3;12,2;9,2;6,2;8,2;13,6;4,7;10,4;12;;19,5;50,9;11,9;3;7,7;3;7,7;3,9;5,3;40,9;16,8;4,1;9,9;4,7;9,3;;13,9;19,2;7,8;12,7;7,5;4,2;20,1;8,3;3,1;13,8;10,9;3,9;13,3;0,9;;8,6;0;39,1;8,4;5,6;21,5;1,8;2,3;38,6;6;11,1
2024-02-06 00:00:00.0;;;25,3;10,8;27,9;27,2;32,9;25,9;21,1;22,5;19,1;0,5;2,9;4,7;6,2;14,2;25,4;22,6;14,7;7,8;18,9;26;3,7;9,2;13,4;1,4;14,3;;12,1;11,9;9,3;27,2;9;27,2;9;10,3;19,5;15,2;14,1;12,8;11,6;12,8;1,7;;12,3;6;47,2;9;12,5;13,8;5,9;6,9;8,8;10,1;19,1;1,5;24,2;4,1;;28;0;10,9;4,4;29,3;19,6;19,9;23,6;12;8,1;14,1
2024-02-07 00:00:00.0;;;0,4;0,3;0,2;32;50,9;0;44,3;0,7;0,1;0;0;0,6;0,2;0,4;0,1;0,3;0;0,3;17,2;0,6;0;0,4;0,6;0;0,5;;4,7;0,3;0,7;6,4;0,4;6,4;0,4;8,8;0;0,4;0;0,1;0,2;0,2;0,1;;0,4;0,5;0;0;0,3;0,4;0;0,2;0;0,5;0,4;0;0,4;0,6;;0,4;0;0,3;0,2;0;4,8;0,1;0,2;0,2;1,2;0,4
2024-02-08 00:00:00.0;;;0;0;0;0,1;0;0;0;0;0,1;0;0;0;0;0;0,3;0,1;0;0;0;0;0;0,2;0;0;0;;0;0;0;0;0;0;0;0;0;0;0;0;0;0;0;;0;0;0;0,1;0,2;0,2;0;0,6;0,1;0,1;0;0;0;0;;0;0,1;0;0,2;0,1;0;0;0;0;0;0
2024-02-09 00:00:00.0;;;0;0;0,1;0;0,5;0;0,1;0;0,2;0,1;0;8,7;4,4;0,5;0,4;0,1;0,7;10,3;0;0,1;0;2,5;0;0;0,3;;0;0,1;1,3;0,4;5,8;0,4;5,8;0;0;0,3;0;1,5;3;1,7;0,1;;0;0,1;0;2,9;0,7;3;0;7,5;0;6,8;0,2;0,2;1,5;1,2;;0;0;0,2;2,2;0,2;0;0;0;0,2;1,9;1
2024-02-10 00:00:00.0;;;0;0,2;0,2;0;0;0,3;0;0;0;0;0;0,2;0,1;0;0;0;0,2;0;0;0;0;0;0;0;0;;0;0;0;0,1;0;0,1;0;0;0;0,1;0;0,2;0,1;0,7;0;;0;0;0;0,2;0;0;0;0;0;0,2;0;0;0,1;0,1;;0;0;0;0;0;0;0;0;0;0;0
2024-02-11 00:00:00.0;;;0;0;0;0;0;0;0;0;0;0;0;0;0;0;0;0;0;0;0;0;0;0;0;0;0;;0;0;0;0;0;0;0;0;0;0;0;0;0;0;0;;0;0;0;0;0;0;0;0;0;0;0;0;0;0;;0;0;0;0;0;0;0;0;0;0;0
2024-02-12 00:00:00.0;;;0;0;0;0;0;0;0;0;0;0,1;0;0;0;0;0;0,5;0;0;0;0;0;0;0;0;0;;11,6;0;0;0;0;0;0;0,3;0;0;0;0;0;0;0,1;;0;1,1;0;0;0;0;0;0;0;0,1;0;0;0;0;;0;0;0;0;0;1,9;0;0;0;0;0
2024-02-13 00:00:00.0;;;0;3,1;0;0,1;0,1;1,6;4,9;0;0;0;0;0;0;0;0;0,7;0,1;0;0,8;0;0;0;0;0;0;;0,3;0;0;0,9;0;0,9;0;0;0;1,8;0;2,3;0;0,9;0,1;;19,8;0;1,9;0;0;0;0;0;0;0,1;0;0;0;0;;0;0;0,1;0;0;0,2;0;0;0,4;0;0
2024-02-14 00:00:00.0;;;0;0;0;0;0;0;0;0;0;0;0;0;0;0;0;0;0;0;0;0;0;0;0;0;0;;0;0;0;0;0;0;0;0;0;0;0;0;0;0;0;;0;0;0;0;0;0;0;0;0;0;0;0;0,1;0,1;;0;0,1;0;0;0,2;0;0,2;0;0;0;0
2024-02-15 00:00:00.0;;;0;0;0;0;0;0;0;0;0;0;0;0;0;0;0;0;0;0;0;0;0;0;0;0;0;;0;0;0;0;0;0;0;0;0;0,2;0;0;0;0;0;;0;0;0;0;0;0;0;0;0;0,6;0;0;0,5;0,3;;0;0;0,2;0,1;0;0;0;0;0,2;0;0
2024-02-16 00:00:00.0;;;0;0,2;0;0;0;0;0;0,1;0;0,2;0;0,2;0;0,3;0;0;0;0,3;0;0;0;0,3;0;0;0,2;;0;0;0,6;0;0;0;0;0;0;0;0;0;0;0;0;;0;0;0;0;0;0,1;0;1,3;0;1,8;0;0;0,2;0,2;;0;0;0;0;0;0;0;0;0;0;0
2024-02-17 00:00:00.0;;;0;0,1;0;0;0;0;0;0,1;0;0;0;1;1;0,4;0;0;0;0,3;0;0;0;0,1;0,3;0;0;;0;0;0,6;0;0,1;0;0,1;0;0;0;0;0;0,3;0;0;;0,3;0;0,1;1;0;0,1;0;0,5;0;4;0;0;0,8;0,1;;0,1;0;0;1,5;0;0;0;0;0;0,9;0
2024-02-18 00:00:00.0;;;0;0;0;0;0;0;0;0;0;0;0;0;0;0;0;0;0;0;0;0;0;0;0;0;0;;0;0;0;0;0;0;0;0;0;0;0;0;0;0;0;;0;0;0;0;0;0;0;0;0;0,2;0;0;0;0;;0;0;0;0;0;0;0;0;0;0;0
2024-02-19 00:00:00.0;;;0;0;0;0;0;0;0;0;0;0;0;0;0;0;0;0;0,2;0;0,2;0;0;0;0;0;0;;0,1;0;0;0;0;0;0;0;0;0;0;0;0;0;0;;0;0;0;0;0;0;0;0;0;0;0;0,1;0;0;;0;0;0;0;0;0;0;0;0;0;0
2024-02-20 00:00:00.0;;;0;0;0;0;0;0;0;0;0;0;0;0;0;0;0;0;0;0;0;0;0;0;0;0;0;;0;0;0;0;0;0;0;0;0;0;0;0;0;0;0,1;;0;0;0;0;0;0;0;0;0;0;0;0,1;0;0;;0,2;0;0;0;0;0;0;0;0;0;0
2024-02-21 00:00:00.0;;;0;0,2;0;0;0;0;0;0;0;0;0;0;0;0;0;0;0;0;0;0;0;0;0;0;0;;0;0,2;0;0;0;0;0;0;0;0;0;0;0;0;0,1;;0,2;0;0,2;0;0;0;0;0;0;0;0;0;0;0;;0;0;0;0;0;0;0;0;0;0;0
2024-02-22 00:00:00.0;;;0;0;0;0;0;0;0;0;0,2;0;0;0;0;0;0,2;0;0;0;0;0;0;0;0;0;0;;0;0;0;0;0;0;0;0;0;0;0;0;0;0;0;;0;0;0;0;0;0;0;0;0;0;0;0;0;0;;0;0;0;0;0;0;0;0;0;0;0
2024-02-23 00:00:00.0;;;0;0;0;0;0;0;0;0;0;0;0;0,2;0,2;0;0;0;0;0;0;0;0;0;0;0;0;;0;0;0;0;0,2;0;0,2;0;0;0;0;0;0;0;0;;0;0;0;0;0;0;0;0;0;0;0;0;0;0;;0;0;0;0;0;0;0;0;0;0;0
2024-02-24 00:00:00.0;;;11,2;0;2,4;0;0,6;3,1;0;8,6;7,2;0;0;0;0;15,2;11,3;0,1;5,8;0,2;1,9;6,1;0;1,5;0,1;0;6,4;;0,2;0;2,3;0,7;0,1;0,7;0,1;0,2;0,5;0;0;2,6;0,2;0,5;0;;0;0;0;3;2,9;0,3;0;0,4;0;0;2,9;0,1;0;0,1;;6,8;0;0;0;9,9;1,5;9,2;7,1;0;0;8,6
2024-02-25 00:00:00.0;;;5,2;0;0;0;0;0;0;8;0,3;0;0;0,3;0,9;7,4;0;0;0;1;0;4,8;0;6,7;0;0;11,5;;4,3;0;14,2;0;2,2;0;2,2;0;1,4;0,1;0,1;0;0;0;0;;0;1;0;0,1;0,4;0;0;3,9;0;0;4,8;0,2;0;0;;4,7;0;0,1;0;0,5;0,1;1,9;1,4;0,1;0,1;6,5
2024-02-26 00:00:00.0;;;0;0;0;0;0;0;0;0,7;0;0;0;0;0;18,3;0;0;0;0;0;0;0;0;0;0;6,6;;0;0;10,5;0;0;0;0;0;0,2;0;0;0;0;0;0;;0;0;0;0;0;6,5;0;0,8;0;0;0;0;0;3,3;;0;0;0;0;0;0;0;0;0;0;2,6
2024-02-27 00:00:00.0;;;0;4,1;0;0;0,2;0;0;0;0;0;0;8,2;7,6;0,1;0;0,5;0,1;7,7;0,2;0,2;0;0;0;0,1;0;;0;3,9;0,1;3,9;2;3,9;2;0,4;0;0,9;0,4;0,2;0;0,3;0;;9,4;0,2;6,2;0,1;0;3,8;0;1;0;3,4;0;0;0;26,1;;0;0;1;0;0;0;0;0;2,6;0;0,6
2024-02-28 00:00:00.0;;;4,4;14,7;6,6;0;0;9,5;0;34,6;0,3;0;0;1,3;1,7;12,8;0,1;11,8;3,2;5,1;0;2,2;0,1;10,3;0,2;0,2;29,2;;1,8;9,5;37,5;0,3;3,9;0,3;3,9;0;0;18,7;1,7;2,1;6,4;4;0;;23,1;0,1;33;0,1;14,8;20,7;0;8,6;0;0,2;14,4;0;0;15,5;;32,4;0,1;9,4;0,7;0;18,4;0;0;14,5;1,7;4,3
2024-02-29 00:00:00.0;;;0;0,1;0,1;0;0;0;0;0,1;0,1;0;0;0;0;0;0;0,2;0;0;0;0,5;0;0;0;0;0;;0;0,4;0;0;0;0;0;0;0;0,5;0,3;0;0;0;0;;0;0;0;0;0;0;0;0;0;0,3;0;0;0;0,1;;0;0;0,8;0;0;0;0,1;0,1;0,3;0;0,1
2024-03-01 00:00:00.0;;;0;0;0;0;0;0;0;0;0;0;0;0;0;0;0;0,4;0;0;0;0;0;0;0;0;0;;0;0,8;0;0;0;0;0;0;0;0,5;0;0;0;0;0;;0;0;0;0;0;0;0;0;0;0,1;0;0;0;0;;0;0;1,1;0;0;0;0;0;0,7;0;0
2024-03-02 00:00:00.0;;;0;0,5;3,6;2,1;20,3;3,1;4,9;0;0;10,8;0;0;0;0;0;2,7;2,5;0;5;0;0,1;0;0;11,3;0;;1,8;0,6;0;4,9;0;4,9;0;7,3;0;3,5;0;2,1;0;1,1;0;;0,1;3,6;4,8;0;0;0,8;0;0;0;0,1;0;3,7;0;0;;0;0;0,1;0;0;1,6;0;0;1,6;0;0
2024-03-03 00:00:00.0;;;4,7;20,8;6;2,4;3,6;13,7;8,5;16,2;4,8;0,1;0;6,1;1,4;8,3;1,1;0;8,1;2;0,5;3,8;0;11,3;0;0;6,9;;0;7,8;8,5;2,5;1,8;2,5;1,8;8,1;0;3,5;0;2,4;0;3,8;0;;23,3;0;10,7;0;1,4;19,3;0;5,2;0;8,4;9,5;1,9;4,9;48,7;;18,9;0,1;3,8;0,5;3,6;0;0;0;3,4;0,1;10,3
2024-03-04 00:00:00.0;;;18,9;5,2;11,4;0,2;0,2;7,3;0;26,3;9,6;0;0,3;0,9;0,8;25;5,3;5,8;3,8;9,4;9,8;10,3;0,3;22,3;1,1;0;34,6;;1,5;33,9;43,8;2,5;8,2;2,5;8,2;0;3;15,6;0,3;1,8;1,2;3,4;1,4;;1,8;0;7,7;0,4;17;20,5;0,9;11,7;0,8;2;24,2;0,1;0;6,4;;20,8;0;20;0;5;4,1;7,3;6,8;16,8;0,6;22,5
2024-03-05 00:00:00.0;;;0;0,1;0;0;0;0;0;0;0;0;0;0;0,1;0;0;0;0;0;0;0,1;0;0;0;0,2;0;;0;0;0;0;0;0;0;0;0;0;0,2;0;0;0;0;;0;0;0;0;0;0;0;0;0;0,1;0;0;0;0,3;;0;0;0;0;0;0;0;0;0;0;0
2024-03-06 00:00:00.0;;;0;0;0,6;0,9;13,4;1,8;1,2;0;0;0,2;0;0;0;0;0;1,1;7,5;0;9,1;0;0;0;0;0,5;0;;4,6;0;0;25;0;25;0;0;0;0;0;3,9;0;1,6;0;;0;5,5;0;0;0;0;0;0;0;0,1;0;0;0;0;;0;0;0;0;0;12;0;0;0;0;0
2024-03-07 00:00:00.0;;;0;0;0;0,1;0;0;0;0;0;0;0;0;0;0;0;0;0;0;0;0;0;0;0;0;0;;0;0;0;0;0;0;0;0;0;0;0;0;0;0;0;;0;0;0;0;0;0;0;0;0;0,1;0,4;0;0;0;;0;0;0;0;0;0;0;0;0;0;0
2024-03-08 00:00:00.0;;;0;0;0;0,2;0;0;0;0,1;0;0;0;0,5;0,1;0,4;0;0;0;0,4;0;0;0;0,3;0;0;0,4;;0;0;0,3;0;0,1;0;0,1;0;0;0;0;0;0;0;0;;0;0;0;0;0;0;0;0,9;0;1,4;0;0;0,6;0,3;;0;0,1;0;0;0,1;0;0;0;0;0;0
2024-03-09 00:00:00.0;;;0,5;0,3;0,1;0;0,2;0;0,1;0,6;0,7;0;0;1,5;1;1,6;0,6;0,5;0,2;1,5;0;0,2;0;0,8;0,2;0,1;1,2;;0,1;0,2;1,8;0;0,7;0;0,7;0,1;0;0,2;0,2;0;1,1;0,2;0;;0,4;0,1;0,2;2,5;0,4;1,4;0;2;0;6,2;0;0;3;1,5;;0,3;0;0,4;1,2;1,3;0,2;0,7;0,6;0,2;0,7;1,2
2024-03-10 00:00:00.0;;;0;0,1;0;0;0;0;0;0;0;0;0;0;0;0;0;0;0;0;0;0;0;0;0;0;0;;0;0;0;0;0;0;0;0;0;0;0;0;0;0;0;;0;0;0;0;0;0;0;0;0;0;0;0;0;0;;0;0;0;0;0;0;0;0;0;0;0
2024-03-11 00:00:00.0;;;0,1;1,3;1,8;0,2;0,6;1,2;0,1;0,8;0,2;0,1;0,3;6,6;4,9;1,6;1;0,6;1,3;5;0,4;0,2;0,3;3,2;0,1;0,2;1,6;;0,5;0;3,4;0,8;3,3;0,8;3,3;0,2;0,2;0,1;0;1;3,3;2,4;0;;1,2;0,2;1,3;5,6;0,7;0,8;0;4,2;0,2;10,5;1,3;0,1;0,7;0,9;;0,2;0;0;3,2;1,1;0,5;0;0,1;0;3,6;0,9
2024-03-12 00:00:00.0;;;0;0;0;0;0;0;0;0;0;0;0;0;0;0;0;0;0;0;0;0;0;0;0;0;0;;0;0;0;0;0;0;0;0;0;0;0;0;0;0;0;;0;0;0;0;0;0,2;0;0;0;0;0;0;0;0;;0;0;0;0;0;0;0;0;0;0,2;0
2024-03-13 00:00:00.0;;;0;0;0;0;0;0;0;0;0;0;0;0;0;0;0;0;0;0;0;0;0;0;0;0;0;;0;0;0;0;0;0;0;0;0;0;0;0;0;0;0;;0;0;0;0;0;0;0;0;0;0,5;0;0;0,2;0,2;;0;0,1;0;0;0;0;0;0;0;0;0
2024-03-14 00:00:00.0;;;0;0,2;0;0;0;0;0;0,2;0;0,3;0,3;0,4;0,1;1,4;0;0,9;0;0,7;0;0,8;0,5;1;0,7;0,5;0,4;;0;1,1;0,8;0;0,1;0;0,1;0;0,1;1,4;0,7;0;0,2;0,1;0,2;;0,1;0,1;0;0;0,3;1,8;0,4;1,5;0,5;1,5;0,3;0;1;1,9;;0,1;0;1,2;0,9;0;0,1;0;0;1,2;0,2;1,2
2024-03-15 00:00:00.0;;;0;0;0;0;0;0;0;0;0;0;0;0;0;0;0;0;0;0;0;0;0;0;0;0;0;;0;0;0;0;0;0;0;0;0;0;0;0;0;0;0;;0;0;0;0;0;0;0;0;0;0,2;0;0;0;0;;0;0;0;0;0;0;0;0;0;0;0,1
2024-03-16 00:00:00.0;;;0;0;0;0;0;0;0;0;0;0;0;0;0;0;0;0;0;0;0;0;0;0;0;0;0;;0;0;0;0;0;0;0;0;0;0;0;0;0;0;0;;0;0;0;0;0;0;0;0;0;0,1;0;0;0;0;;0;0;0;0;0;0;0;0;0;0;0
2024-03-17 00:00:00.0;;;0;0;0;0;0;0;0;0;0;0;0;0;0;0;0;0;0;0;0;0;0;0;0;0;0;;0;0;0;0;0;0;0;0;0;0;0;0;0;0;0;;0;0;0;0;0;0;0;0;0;0;0;0;0;0;;0;0,1;0;0;0;0;0;0;0;0;0
2024-03-18 00:00:00.0;;;0;0;0;0;0;0;0;0,1;0;0;0;0;0;0,3;0,2;0;0;0;0;0;0;0;0;0;0,2;;0;0;0;0;0;0;0;0;0;0;0;0;0;0;0;;0;0;0;0,2;0;0,2;0;0;0;0;0;0;2,8;1,2;;0;2,5;0;0,2;0;0;0;0;0;0;0,1
2024-03-19 00:00:00.0;;;0;0,1;0,1;0;0;0;0;0;0;0,1;0;0;0;0,2;0;0;0;0,2;0;0;0;0,6;0;0;0;;0;0;0,1;1,1;0;1,1;0;0;0;0;0;1,2;0;2,5;0;;0;0;0,1;0;0;0,1;0;0,8;0;0,1;0,1;0;0,5;0,5;;0;3,3;0;0,3;0;0;0;0;0;0;0
2024-03-20 00:00:00.0;;;16,6;19,5;1,5;4,9;17,8;2,3;5,1;24,9;19,5;15,1;9,9;10,6;8,9;27,6;14,8;21,6;6,2;9,9;22,7;15,4;14,9;27,7;21,5;18;28,5;;19,6;42,3;24,4;5,6;20;5,6;20;15,4;18,3;45,4;15;0,8;15;1,1;19,3;;20,9;29,4;2,5;13,7;13,2;20;12,9;15,7;16,2;3,3;23,7;1,3;0,5;0,4;;10,4;0;40,9;1,1;18,2;14,9;17,3;21,6;38,7;5,8;26,8
2024-03-21 00:00:00.0;;;18,1;19;9,3;42,4;22,9;11,1;30,4;32,5;16;18,1;4;11,1;8,5;28,5;19,1;2,3;13,5;21,4;7,3;18,2;11,5;14,3;5,4;1,5;27,2;;2,8;5,5;15,6;2,6;16,8;2,6;16,8;10;3,6;3,5;1,7;3,6;14,7;4,3;1,1;;11;2,4;8,7;19,4;21,7;16,9;2,5;16,9;7,8;3;27,8;9,7;2;2,2;;27,1;0;8,1;7,1;9,6;5;7,3;6,3;6,4;11,8;44,7
2024-03-22 00:00:00.0;;;0;0;0;0,2;0;0,2;0;0;0;0;0;0;0;0,1;0;0;0;0;0;0;0;0;0;0;0;;0;0;0;0;0;0;0;0;0;0;0;0;0;0;0;;0,1;0;0;0,6;0;0;0;0;0;0;0;0,2;0;0;;0;0;0,1;0;0;0;0;0;0;0;0,2
2024-03-23 00:00:00.0;;;0;0;0;0;0;0;0;0;0;0;0;0;0;0;0;0;0;0;0;0;0;0;0;0;0;;0;0;0;0;0;0;0;0;0;0;0;0;0;0;0;;0;0;0;0;0;0;0;0;0;0;0;0;0;0;;0;0;0;0;0;0;0;0;0;0;0
2024-03-24 00:00:00.0;;;0,6;18,3;4,7;0;0;4,1;0;8,5;0,1;0,3;0;0,1;0;11;0;1,3;4,7;0,6;0;16,9;0;2,3;0,1;1;10,2;;0;33,2;7,5;0;0,8;0;0,8;0;0,7;22,2;0;2;0;4,9;0;;24,1;0;7,2;0;0,2;20,2;0;1,1;0;0;3,7;0;0;12,7;;8,3;0;19,5;0;0;0,1;0,8;0,5;11,9;0;16,2
2024-03-25 00:00:00.0;;;0,1;1,2;7,6;0;0;6,2;0;15,9;0,1;0;0;1,7;1;28,1;0,1;0,7;5,1;2,9;2,9;7;0;13,2;0,3;0;26,6;;0,8;0,8;24,3;1,5;2,1;1,5;2,1;0;0;3;0;5,5;1,4;4,2;0;;2,6;0;5,9;0,1;1,5;2,9;0;7,3;0;0,8;12,7;0;0,1;6,1;;7,8;1;1,8;0,1;0,1;1,7;0;0,1;1,6;1;13,2
2024-03-26 00:00:00.0;;;3,2;0,3;2,7;0,8;1,6;2,1;1,1;14,7;1,7;0;0;8,8;6,4;13,5;2;0;2,4;11,7;0,9;2,8;0;8,4;0,1;0;9;;0;0;10,1;0,4;7,8;0,4;7,8;0,3;0;0,2;0;0,4;3,1;0,1;0,1;;0;0;0,4;1,2;3,5;1,1;0;14;0;1,5;12;0,3;0,1;4,2;;15,8;0,1;0;0,8;0,7;0;0,2;0,1;0;4,8;4,7
2024-03-27 00:00:00.0;;;0,2;0;0;0;0;0;0;0;0;0;0;0;0;0,1;0;0;0;0;0;0;0;0;0;0;0;;0;0;0;0;0;0;0;0;0;0;0;0;0;0;0;;0;0;0;0;0;0,1;0;0;0;0;0;0;0;0;;0;0;0;0;0;0;0;0;0;0;0,1
2024-03-28 00:00:00.0;;;25,8;2,7;0;0;0;0;0;7,3;13,3;0;0;0;1;1,8;6,1;29,9;0;0;0;1,3;2,6;0,4;4,4;0;1,5;;1,5;5,1;1,3;0;1,1;0;1,1;0;2;2,5;11,9;0;2,7;0;0;;1,1;0,2;6,8;2,4;8,2;0,8;2,6;0,3;2,4;0,3;2,6;0;0;0,4;;13;0,6;3,3;0,6;3,8;4,9;5,1;4;1,7;0,5;1,7
2024-03-29 00:00:00.0;;;0;0;0;2,5;2,1;0;2,3;0;0;0,6;0,2;0;0;0;0;0,1;0;0;0,2;0;0,4;0,1;0;0;0;;0,2;0;0;0,1;0;0,1;0;1,5;0;0;0;0;0;0;0;;0;0,7;0;0;0;0;0,4;0;0,1;0,1;0;0;0,1;0,3;;0;0;0;0;0;0;0;0;0;0,1;0
2024-03-30 00:00:00.0;;;0;0;0;0,1;0;0;0,1;0;0;0;0;0;0;0;0;0;0;0;0,1;0;0;0;0;0;0;;0;0;0;0;0;0;0;0;0;0;0;0;0;0;0;;0;0;0,1;0;0;0;0;0;0;0;0;0;0;0,2;;0;0,2;0;0;0;0;0;0;0;0;0
2024-03-31 00:00:00.0;;;0;0;0;1,4;1,9;0;3;0;0;0;0;0;0;0;0;0;0;0;0,1;0;0;0;0;0;0;;0;0;0;0;0;0;0;0,4;0;0;0;0;0;0;0;;0;0;0;0;0;0;0;0;0;0,1;0;0;0,2;0;;0;0;0;0;0;0;0;0;0;0;0
2024-04-01 00:00:00.0;;;38,2;2,9;12,6;11,4;13,9;9,6;2,3;18,8;32,3;2,6;8,9;16,5;16,3;14,7;44;2,5;21,2;17,6;14;43,1;11,2;22,9;16,1;8;18,9;;19,5;8,5;24,4;27,6;17,3;27,6;17,3;5;68,7;15,9;27,8;6,8;23,4;7,2;13,1;;1,6;17;33;31;55,9;13,2;25,9;17,7;22,9;3,7;34,2;4,7;6,2;4,5;;32,5;1,4;10,1;21,7;38,2;3,3;31,2;29,1;9,6;15,7;17,6
2024-04-02 00:00:00.0;;;1;0,1;0;0;0,4;0;0,1;0,9;0,2;0;0,5;0;0;0,5;0,2;3,5;0;0;21,8;0,3;3,9;1;0,1;0,8;0,5;;7,4;0;0,5;0;0;0;0;3,6;0,2;0,1;1,8;0;0;0,1;0,4;;0,1;3;0;0,1;0,4;0,5;1;0,2;1,4;0,1;1;3,3;0,4;1,5;;1,6;1,3;0;0;0;8,3;0,1;0;0,1;0;0,3
2024-04-03 00:00:00.0;;;0,4;0,6;1,4;4,8;2,6;0,9;7,4;0,3;0,1;2,1;4,1;0,6;0,5;0,9;0,1;0,2;1,5;0,2;0,3;0,2;7,5;0,1;2,9;1,2;0,6;;1,1;0;0,9;0,2;0,2;0,2;0,2;1,3;0,5;0,1;0,1;0,2;0,5;0,3;4,5;;0,7;3,9;1,2;0,5;0,3;1;3,5;0,3;3,7;0,9;0,5;6,1;0,8;3,7;;0,2;0,4;0,1;0,2;0,2;2,5;0,1;0;0;0,7;0,5
2024-04-04 00:00:00.0;;;4,2;5,3;2,3;0,2;1,1;1,8;0,7;3,7;2,5;1,9;1,5;4,2;2,9;5,2;2,2;2,1;1;2,9;2,8;4,1;1,6;5,1;3;0,7;4,6;;1,9;2,7;5,9;0,5;1,7;0,5;1,7;1;1;3,2;2;0,6;3,3;1;1,9;;7,4;0,6;4,7;3,4;3,7;4,1;2,4;6;2,8;5,2;4,8;0,5;4,7;6,2;;3,2;8,8;3,3;2,4;2,8;1,9;1,7;1,5;2,5;1,9;5,8
2024-04-05 00:00:00.0;;;0,1;0;0;0;0;0;0;0,7;0;0;0;0,7;1,1;2,1;0,2;0;0;2,9;0;0,4;0;0,4;0;0;0,7;;0;0;1;0;1,5;0;1,5;0;0;0;0;0;0,7;0;0;;0;0;0;1,1;0,5;0,4;0;2,7;0;1,2;0,4;0;1,5;2,4;;0,2;4,3;0;1,4;0,1;0;0,1;0;0;0,8;2,7
2024-04-06 00:00:00.0;;;0,2;1,1;1,4;0,3;0,8;1;0,6;0,7;0,1;0;0;2;1,6;1,3;0,2;0,1;1,4;1,5;0,4;0,6;0,1;0,7;0,1;0;1,1;;0;0,3;1;0,4;1;0,4;1;0,2;0,2;0,4;0;0,9;1;1,6;0;;0,7;0;1,2;1;0,3;1,8;0;1,2;0;6,7;0,4;0;7,8;2,1;;0,5;16,5;0,6;4,7;0,3;0;0,2;0,2;0,5;1,4;1,2
2024-04-07 00:00:00.0;;;0;0;0,1;0;0;0,1;0;0;0;0;0;0;0;0;0;0;0;0;0;0;0;0;0;0;0;;0;0;0;0;0;0;0;0;0;0;0;0;0;0;0;;0;0;0,2;0;0;0;0;0;0;0,2;0;0;0,3;0;;0;4,7;0;0;0;0;0;0;0;0;0
2024-04-08 00:00:00.0;;;0,3;0,1;0;0;0;0;0;1,1;0,1;0;0,2;4,2;2,9;1,9;0,5;0;0,1;2,7;0;0,2;0;2,5;0;0,1;2,3;;0;0,1;3,6;0;1,6;0;1,6;0;0,3;0;0;0,2;2,4;0,3;0,1;;0;0,1;0;3,1;0,2;2,6;0,1;4;0;2,5;0,6;0;1,7;3,9;;0,3;2,9;0,2;1,7;0,7;0;0,1;0,2;0;2,1;2,3
2024-04-09 00:00:00.0;;;0;0;0;0;0;0;0;0;0;0;0;0;0;0;0;0;0;0;0;0;0;0;0;0;0;;0;0;0;0;0;0;0;0;0;0;0;0;0;0;0;;0;0;0;0;0;0;0;0;0;0;0;0;0;0,6;;0;0;0;0;0;0;0;0;0;0;0
2024-04-10 00:00:00.0;;;0;0;0;0;0;0;0;0;0;0;0;0;0;0;0;0;0;0;0;0;0;0;0;0;0;;0;0;0;0;0;0;0;0;0;0;0;0;0;0;0;;0;0;0;0;0;0;0;0;0;0;0;0;0;0;;0;0;0;0;0;0;0;0;0;0;0
2024-04-11 00:00:00.0;;;0;0;0;0;0;0;0;0;0;0;0;0;0;0;0;0;0;0;0;0;0;0;0;0;0;;0;0;0;0;0;0;0;0;0;0;0;0;0;0;0;;0;0;0;0;0;0;0;0;0;0,1;0;0;0;0;;0;0;0;0;0;0;0;0;0;0;0
2024-04-12 00:00:00.0;;;0;0;0;0;0;0;0;0;0;0;0;0;0;0;0;0;0;0;0;0;0;0;0;0;0;;0;0;0;0;0;0;0;0;0;0;0;0;0;0;0;;0;0;0;0;0;0;0;0;0;0,1;0;0;0;0;;0;0;0;0;0;0;0;0;0;0;0
2024-04-13 00:00:00.0;;;0;0;0;0;0,4;0;0,2;0;0;5,9;3,9;0;0;0;0;0;0;0;0,3;0;0,3;0;0;0,1;0;;6,5;0;0;0;0;0;0;0,6;0;0;0;0;0;0;1,7;;0;0,7;0;0;0;0;0;0;0;0;0;0;0;0;;0;0;0;0;0;1,8;0;0;0;0;0
2024-04-14 00:00:00.0;;;0;0;7;0,2;14;10,2;1,9;0;0;0;0;0;0;0;0;0,4;6,9;0;0,6;0;0;0;0;0;0;;0;0;0;3,3;0;3,3;0;0,2;0;0;0;5,5;0;1,2;0;;0;0;0;0;0;0;0;0;0;0;0;0;0;0;;0;0;0;0;0;0;0;0;0;0;0
2024-04-15 00:00:00.0;;;3,3;0;10,6;0;0;12,1;0;9;2,9;0;0;0;0;0;1,5;0,9;5,6;0;0,4;3,6;0;6,4;0;0;0;;1,8;0;0;0;0;0;0;0;0,1;1,6;0;1,4;0;0,8;0;;0,5;0;17,6;0;1,9;0;0;0;0;0,1;11;0;0;0;;7,6;0;0,2;0;1;2,9;1;0,6;1;0;0
2024-04-16 00:00:00.0;;;0;0;0;0;0;0;0;0;0;0;0;0;0;0;0;0;0;0;0;0;0;0;0;0;0;;0;0;0;0;0;0;0;0;0;0;0;0;0;0;0;;0;0;0;0;0;0;0;0;0;0;0;0;0;0;;0;0;0;0;0;0;0;0;0;0;0
2024-04-17 00:00:00.0;;;0;0;3,5;0;18,7;0;4,2;0;0;0;0;0;0;0;0;0;6,8;0;0,2;0;0;0;0;0;0;;0;0,1;0;11,3;0;11,3;0;0;0;0;0;3,8;0;3,4;0;;0;0;0;0;0;0;0;0;0;0;0;0;0;0,1;;0;0;0;0;0;0;0;0;0;0;0
2024-04-18 00:00:00.0;;;0,6;6,1;16,9;3;12,9;9;11,1;0,7;0,7;0,8;0,2;0;0;3,8;0,7;12,2;32,6;0,2;4,4;0,8;0;0,4;0,1;3,4;0,4;;4,5;63;1,4;26,1;0,4;26,1;0,4;3,9;2,4;24,5;5,5;27,2;0,3;36,4;8,8;;8,6;8,7;7,9;0,8;0,4;26,6;0;0,5;0;0,1;0,7;56,8;5,4;2,5;;0,6;1,4;50,7;0,1;1,7;6,4;0,5;1,6;26,1;0;6,8
2024-04-19 00:00:00.0;;;14,4;22,3;10,6;22;23,2;10,8;18,4;22,8;9,4;20,3;29,8;19,1;12,3;23,5;9,4;11,7;10,9;19,9;39,7;17,1;18,6;30,3;14;9,2;26,3;;17,6;11,2;32,9;20,4;11;20,4;11;17,3;24,2;18,4;14,5;13;8,9;13,5;18,2;;20;12,2;17;15,4;10,1;11,7;35,5;24;30,6;18,3;18,5;12,4;37,5;12,1;;17,3;11,7;10;0;13,5;17,4;11,2;15,8;14,6;7,8;13,4
2024-04-20 00:00:00.0;;;45,7;52,1;13,8;24,2;17,8;18,2;39;51,3;12,3;8,2;11,4;5,7;10,7;47,5;11,6;8,7;6,2;11,7;10,1;29,9;2,7;24,1;4,7;1,3;51,9;;5,9;26,7;45,8;2,3;16,8;2,3;16,8;19,9;10,4;16,3;11,5;3,9;26,8;3,3;13,9;;37,3;20,4;41,9;16,6;19,6;16;13,3;16;1,9;1;21,8;11,2;8,1;10,8;;25,5;1,5;25,1;0;8,4;13,4;13,9;3;19,6;3,7;32,4
2024-04-21 00:00:00.0;;;3,6;10,8;15;4,6;12,3;9,5;8,7;3,5;8,1;8;2,7;7,3;5;4,8;9,7;8,1;11,1;4;7,6;7,1;7,3;3,5;15;8,7;3,1;;6,4;12,7;1,9;12,6;3,2;12,6;3,2;9,6;13,5;13;7,2;8,8;7,9;9,5;1,2;;13,8;4,9;20,1;5,1;3,6;16;4,7;1,8;5;9,6;7,4;8,8;38,8;6,4;;4,6;10,9;12,3;0;3,5;7,4;4,2;3,5;11,1;8,9;5
2024-04-22 00:00:00.0;;;5,5;5,1;10,9;4,9;8,2;14,1;5,1;6,7;4,8;5,8;3;7,3;7,1;7,9;4,4;7,2;23,4;7,4;6;8,2;5,7;7,5;5,1;7;8,7;;8,6;5,6;8,7;6,8;5,9;6,8;5,9;5,2;3,8;6,5;18;11,5;5,3;9,2;2,1;;5,1;21,5;4,3;5,2;5,1;8,2;3,6;7,3;3,9;10,2;6,9;6,6;13,3;9,1;;6,3;14,3;5,8;0;4,6;6,4;4,3;4,5;4,6;6,3;9,1
2024-04-23 00:00:00.0;;;9,4;0;0,3;1;1,8;0,1;1,2;4,2;5,8;17,5;0,1;3,1;3;2,8;4;0,9;0,7;3,2;1,4;3,6;1,4;3,1;4,5;4,6;3,4;;0,4;0,4;4,3;0;4,2;0;4,2;2;3,4;3,3;9,8;0,2;4,6;0,2;0;;0;0,9;0;4,3;5,5;0;0;2,6;0,2;6,7;5,2;0,6;3,8;0,3;;5,6;1,5;0,8;10,3;5,1;1,4;5,5;8;1,4;4,8;1,3
2024-04-24 00:00:00.0;;;0;0,6;1;0,3;0,3;0,8;0,2;0;0,1;0;0;0,3;0,1;0,1;0;0;0,8;0;0,4;0;0;0,1;0;0;0,1;;0,1;0;0;0,6;0,1;0,6;0,1;0,1;0,1;0;0;0,6;0;0,9;0;;0,8;0,1;0,7;0,1;0,1;0;0;0;0;1;0;0,1;0,1;0,3;;0;2;0,1;0,2;0;0,1;0,1;0;0;0,2;0,2
2024-04-25 00:00:00.0;;;1;1,5;0,5;0;0;0,4;0,1;1,8;0,7;0,2;4,1;2,4;2,4;2,4;0,9;0,5;0,4;1,9;0,2;1;3,1;2,3;0,5;0,1;2,3;;0;2,2;2,8;0,2;1,9;0,2;1,9;0;0,4;1,1;5,7;0,3;3,4;0,4;0,6;;0,9;0,1;0,4;2,4;1;3,3;1,1;2;0,6;2;1,8;0,1;0,1;3,3;;1,5;2,9;1,7;1;0,9;0,2;0,6;0,4;1,2;2,5;2
2024-04-26 00:00:00.0;;;5,5;0;0,5;5,2;13,2;0,7;13,2;0,4;1,4;3,6;16,5;0,9;1,4;0,1;4,2;0,1;0;0,5;27;7;9,8;0,4;16,3;4,4;1,1;;0,1;4,9;0,2;6,6;0,3;6,6;0,3;4,5;6,4;0,1;6,6;0;0,2;0;23,1;;0;7,6;0;0;2,2;0,6;19,4;0,7;19,8;14;2,1;3;0,2;0,5;;1,1;0,1;0,5;0;7,7;0;4,2;4,7;0,2;1,1;0
2024-04-27 00:00:00.0;;;11,4;0;1,6;5,1;0,8;4,8;5,7;23,4;0,4;14;4,4;8,4;6,3;0;0,6;8,5;15,1;6,5;10,9;15,2;11,9;2,3;23,6;6,6;9,1;;7,8;22,3;0,2;5,4;1,3;5,4;1,3;4,1;5,5;3;4,2;26,2;0,7;32,8;3,7;;0;3,5;0;0;1;1,7;10,4;5,3;13,4;2,6;12,9;16,5;26,5;2,1;;23,6;0,7;9,4;1,3;0,9;8,8;5,9;8,1;4,6;1,4;0,6
2024-04-28 00:00:00.0;;;14,9;26;10,6;4,1;2,4;9,8;4,7;18;9,9;4;0;10,6;17,6;26,7;5,5;20,4;7,5;17,8;3,7;12,4;5,9;14,3;9,7;4,7;16,2;;8,2;28,9;20,9;14,2;20,8;14,2;20,8;1,3;1,4;33,7;18,2;5,4;1,8;8,7;0;;36,4;8,9;14,4;0,2;17,4;45,5;0,4;13,1;1,6;8,9;25,4;2,2;7,1;13,1;;22,2;11,1;29;2;5,4;21,8;10;7,2;31,1;3,5;43,6
2024-04-29 00:00:00.0;;;0,9;1,3;1,7;1,3;1,2;1,5;1,4;10,1;0,3;15;0,3;0,4;0;2,5;0,8;1,9;2,3;2,2;0,7;1,9;12,8;14,3;0;25,4;6,9;;2,2;0,6;14,8;1,3;11,6;1,3;11,6;4,6;0,3;1,5;0,1;4;1;4,5;0,1;;1,5;10,5;1,9;1;0,5;8,2;0,1;10,1;0,1;0,2;14,3;0,1;11,1;0,9;;7,6;10,3;0,9;0,1;1,4;2,3;0;0,9;1,1;0;0,6
2024-04-30 00:00:00.0;;;0;0,7;0;22,2;12;0,2;23,8;0;0;0;1,9;0;0;0;0;13;0,1;0;3,3;0;0;0;0;0;0;;27;2,6;0;0,5;0;0,5;0;11,9;7,5;15,2;0;0,3;0;0;0,7;;0;0,4;0,3;0;0;0;3,9;0;1;0;0;0;2,3;0;;0;9,2;13,8;2,6;0;39,8;0;0;15,3;0;0
2024-05-01 00:00:00.0;;;0;0,3;0;0;0;0;0;0;0;0;0,1;0;0;0;0;0;0;0;0;0;0;0;0;0;0;;0;0;0;0;0;0;0;0;0;0;0;0;0;0;0;;0,2;0;0;0;0;0;0;0;0;0,7;0;0;0,6;0;;0;0,9;0;0,3;0;0;0;0;0;0;0
2024-05-02 00:00:00.0;;;5,4;0,5;9,6;3;12,6;26,6;6,6;2,2;12,4;6,2;3;0,1;1,3;7,9;12,9;7,5;3,6;1,1;10,1;0,8;0,8;1,1;0,2;0,9;3,7;;7;3,2;7,1;22,8;3,5;22,8;3,5;3,7;1,2;1,9;0,1;11,3;17,3;6;2,3;;0;3,3;17,9;33,8;5,7;3,2;4,9;11,8;5,2;0,3;2,1;1,1;0,7;0;;2,6;0;4,3;0,9;10,6;6,3;7,3;5,3;4,5;0,9;2,3
2024-05-03 00:00:00.0;;;0;0;0;6,5;6;0;13,5;0;0;4;0,3;0,2;0;0;0;0;0,1;0;0,2;0;10,5;0;10,5;7,4;0;;4,7;0;0;0,3;0;0,3;0;23;0,1;0;0;0,6;0;0,1;0,1;;0;9,5;0;0;0;0,6;2,8;0;9,5;0,4;0;11,3;0;0,1;;0;0,7;0;0,1;0;0;0;0;0,1;0;0,1
2024-05-04 00:00:00.0;;;14,8;3;3,4;5,1;5,2;4;5,4;15,3;9,9;3,5;4,5;5,9;4,7;20,3;7,4;8,5;2,8;8;2,2;13,4;8;13,4;12,5;3,6;15,6;;4,1;10;14,9;9,5;6;9,5;6;4;13;4,4;10,2;5,1;6,6;4,8;5,3;;2,7;3,7;3,7;8,2;8,5;16,7;6,5;11,3;9;4,2;14;2,6;4,3;26,4;;13,3;6,4;7,2;2;10;5,1;10,2;10,8;5,6;5,7;23,7
2024-05-05 00:00:00.0;;;11,4;14,2;11,4;8,5;8,5;10,7;6,9;10,9;10,2;18,7;11,6;16;12,5;12,3;11,2;13,7;10,3;15,6;9,5;12;15,4;12,2;12,6;17,9;11,2;;13,7;13,6;13,9;9,8;9,4;9,8;9,4;10,2;9,5;20,9;17,2;9;11,2;11,3;11,4;;10,1;13,5;12;13,6;9,3;15,4;12,8;16,1;14,1;25,3;10,4;15,2;17,4;15,7;;10,1;19,2;17,8;13,3;10,4;11,4;9,6;10,4;17,9;8,9;12,9
2024-05-06 00:00:00.0;;;0;0,7;0,4;0,1;0,3;0,1;0;0,2;0;0;0,1;0,4;0;0,6;0;0;1;0,7;0,2;0,2;0;0,8;0,1;0,2;0,4;;0,1;0,3;1,3;0,8;0,4;0,8;0,4;0;0;0,2;0,1;0,5;0,2;1,1;0;;0,6;0,1;0,3;0,5;0;0,9;0;1,6;0;3,8;0,1;0,3;0,8;0,9;;0,1;4,3;0,3;0,4;0,1;0,1;0,1;0,1;0,3;0,2;0,8
2024-05-07 00:00:00.0;;;0,2;0,3;0;0,6;0;0;0;0,5;0,3;12,4;0,3;0,9;0,6;0,2;0,1;0,7;0;0,2;0;0,7;0,4;0,5;0,3;11;0,2;;0,2;0,8;0,7;1,6;0,2;1,6;0,2;2,4;0,2;0,6;0,2;0,3;0,3;3,4;1,7;;1,8;10,7;0,3;0;0,2;0,5;0,6;0,3;0,4;2,4;0,4;15,5;0;0,8;;0,3;0,3;0,8;1,1;0,2;0,1;0,1;0,1;0,6;0,6;0,7
2024-05-08 00:00:00.0;;;1,7;0,8;0,6;4,7;0,1;0,7;0,3;2,1;2,3;0,2;0,1;0,7;0,4;3,5;0,6;0,8;0,2;1,4;0,7;10,4;0,2;2,3;0,9;0,3;2,8;;2,1;0,3;3,3;0,5;0,9;0,5;0,9;0,2;1,7;0,5;1;0,6;4;0,4;0;;1;0,3;1;4,8;1;0,9;0;1,3;0,1;0,8;4,1;0,2;2,3;2,8;;1,5;4,4;0,4;0,2;1,2;0,6;2,9;2,1;0,5;0,2;1,3
2024-05-09 00:00:00.0;;;10,3;11,3;15,2;14,3;11,8;13,3;9,5;8;7;47,2;10,7;12,1;9,9;8,3;7,8;13,7;10,2;14,3;10;8,5;12,1;9,7;9,2;37,3;8,8;;10,9;10,1;11,6;11,6;8,1;11,6;8,1;9,8;6,7;9,2;29,9;8,4;10,9;11;6,7;;14;20,6;13;14;8,2;8,4;9,1;13,5;9,5;17,7;8,8;17,4;7,4;10,5;;8,3;15;12,1;16,5;8,9;13,6;7,2;7,3;14,2;7;6,8
2024-05-10 00:00:00.0;;;1,6;1,9;0,6;2,8;1,2;0,9;1,9;4,8;1,8;10,2;5;2,7;2,4;1,7;2,7;3,7;0,6;5,1;1,3;3,3;5,9;3,8;5;5,8;3,2;;3,7;4,5;3,9;1,1;5,4;1,1;5,4;2,4;3,2;2,7;3,4;0,5;3,4;0,9;3,3;;1,5;3,4;1;4,8;1,6;2;4,6;2,9;3,8;12,5;4,1;4,9;14,6;2,3;;2,7;6,7;3;7,6;3,2;4,4;2;1,9;2,3;4,5;1,6
2024-05-11 00:00:00.0;;;0;0;0,7;2,6;1,1;0,6;6,9;0;0;2,9;0,2;0;0;0;0;0,1;1,4;0;7,1;0;1,3;0;0,1;1,6;0;;0,3;0;0;1;0;1;0;11,6;0,1;0,4;0,6;0,8;0;1,8;0;;0;19,2;0;0;0;0;0;0;0;0,1;0;4,7;0;0;;0,1;0,5;0;0,1;0;5,3;0;0;0,2;0;0
2024-05-12 00:00:00.0;;;16,2;21,3;19;5,1;13,7;18,5;12,5;26,5;8,4;9;10,4;38,2;44,3;37,5;11,4;29,4;15,4;37,9;14,3;26,2;20,8;40,7;15;8,4;36,2;;12,6;14;41,8;16,9;35,3;16,9;35,3;10,1;11,4;0,4;30;11,5;30,7;16,7;6,1;;18,4;11,4;15,6;21,2;16,9;15,6;12,9;55,4;14,4;19,9;31,7;7,2;20;21,1;;21,7;5,6;14,5;29,5;11,1;17,1;10,4;10,9;19,9;36;21
2024-05-13 00:00:00.0;;;0,4;0,9;0,7;0,2;0,3;0,3;0,2;0,4;0,1;0,3;0,1;0,5;0,4;0,9;0,2;0,4;0,7;0,6;0,2;0,5;0,1;0,6;0,2;0,3;0,6;;0,3;0,3;0,9;0,3;0,4;0,3;0,4;0,2;0,1;0,8;0,3;0,3;0,4;0,6;0,2;;0,8;0,3;0,5;0,7;0,3;0,6;0,1;0,7;0,1;1,1;0,5;0,3;1,2;1,1;;0,4;7,3;0,5;0,5;0,4;0,3;0,3;0,3;0,4;0,5;0,7
2024-05-14 00:00:00.0;;;10,3;6,7;6,5;1,9;3,1;6;2,8;9,7;7,6;5,1;5;23,1;23,5;10,9;10,5;5,9;3,8;22,9;5,8;9,9;7,2;14;7,4;5,2;10,5;;4,6;9,1;13,2;1,6;15,9;1,6;15,9;4,8;8,4;0,5;7,1;2,2;15,7;2,5;4,9;;6,3;5;7,2;17,8;10;14,1;5,7;19,7;6,5;31,9;13;3;24,4;14,2;;9,4;27;9,7;13,7;11,3;5;6,9;8,7;8,9;21;10,9
2024-05-15 00:00:00.0;;;0,5;1,9;2,9;0,9;2,7;2,1;3,7;0,5;0,5;1,8;0,8;3,9;3,4;1,2;1,1;1,1;3,2;5,2;5,3;0,4;0,6;1,8;0,9;1,5;0,7;;1,6;0,5;1,1;2,6;3;2,6;3;2,9;0,1;0,3;1;2,7;2,1;3,5;0,5;;1,9;1,6;1,9;2;1,1;1,5;0,5;4,6;0,5;3,4;1,1;1,4;1,4;2,2;;0,3;5,9;1,4;11,4;1;1,8;0,3;0,3;1,2;1,1;1
2024-05-16 00:00:00.0;;;1,6;0,3;0,3;5,2;1,4;0,1;1,4;2,8;0,7;4,6;0,9;2,9;1,3;4,3;0,5;0;0,2;3,3;0,3;2,4;4,4;4,9;1,2;3,9;4;;0,1;1,2;7,6;2,5;1,5;2,5;1,5;0,8;0,4;0,2;4,9;0,3;1,5;1,2;0,6;;0;0,1;0;1,5;0,9;3,5;1,2;5,7;1,4;3,4;2,7;3,4;2,3;3,5;;2,1;6,7;0,6;3;1,4;0;1,2;1;0,9;1;3,5
2024-05-17 00:00:00.0;;;0;0;0;0;0;0;0;0;0;0;0;0;0;0;0;0;0;0;0;0;0;0;0;0;0;;0;0;0;0;0;0;0;0;0;0,1;0;0;0;0;0;;0;0;0;0;0;0,1;0;0;0;0;0;0;0;0,3;;0;0;0;0;0;0;0;0;0;0;0
2024-05-18 00:00:00.0;;;0,5;1,9;1,6;0,1;0,4;1,4;0,5;1;0,2;0;0,1;2,8;2;1,8;0,6;0,4;1,9;2;0,2;0,6;0,6;1,7;0,7;0,5;1,3;;0,1;1,2;2,9;0,7;1,1;0,7;1,1;0,2;0,6;0,1;0,6;0,8;0,4;1,2;0;;2,5;0,4;1,5;2,6;0,6;2,1;0,1;2,8;0,4;6,6;0,5;0,1;2,4;2,8;;0,7;15,3;1,5;2,2;1,3;0,2;0,5;1;1,2;1,1;2,5
2024-05-19 00:00:00.0;;;0,9;0,5;0,5;0;0,1;0,3;0,1;0,4;1;0,3;0,5;0,4;0,3;0,3;1,7;0,5;0,2;0,3;0,1;1;0,9;0,1;0,8;0,5;0,1;;0,2;0,6;0,1;0,1;0;0,1;0;0,1;0,7;0;0,7;0,2;0,3;0,3;0,5;;0,5;0,3;0,7;2,3;0,1;0,9;0,7;0,3;0,8;1,8;0,2;0,2;0;0,5;;0,3;0;0,8;0,5;1,6;0,4;1;1,1;0,6;0,3;0,6
2024-05-20 00:00:00.0;;;0,1;2,8;0,1;2,2;0,5;0;0,4;0,4;0;2,7;0;3,9;2,5;1,7;0;0,4;0;3,6;0,2;0;1,3;4,8;0,9;2,5;1,9;;1;1,6;4,7;0,3;3,2;0,3;3,2;0,8;0,7;0,1;0,1;0,3;0,9;1,4;0;;4,2;1,7;0,9;0,5;0,6;4,7;0;7,1;0,8;9,5;1,8;2,1;0,2;4,3;;0,2;5,3;2,3;2,3;0,2;0,4;0;0,2;1,2;1,9;2,4
2024-05-21 00:00:00.0;;;0,1;0,7;1,4;1,2;1,1;0,6;1,3;0,6;0;1,4;0,3;3;1,7;2;0,1;0,3;1,3;2,1;0,1;0,4;0,2;1,5;0,3;1;1,9;;0,3;1,2;3,2;0,5;1,3;0,5;1,3;0,9;0,1;0,1;0,1;0,4;0,8;0,6;0,1;;0,7;0,9;0,9;1,1;0,1;2,1;0,2;3,3;0,2;5,3;0,3;0,9;2,1;2,7;;0,2;4,1;1,5;1,7;0,2;0,2;0,1;0,1;0,7;1,1;2,2
2024-05-22 00:00:00.0;;;0,2;0,1;0,2;0,2;0,3;0,1;0,1;0,2;0;0,2;0;0,1;0,2;0,4;0;0,1;0,4;0,3;0,1;0;0,1;0,5;0,1;0,2;0,4;;0;0,1;0,7;0,3;0,1;0,3;0,1;0,2;0;0;0;0,4;0;0,4;0,1;;0,1;0,2;1;0,2;0;0,4;0,1;0,7;0;1;0,1;0,5;0,2;0,3;;0,6;0,4;0,3;0;0;0,1;0,2;0;0,1;0,2;0,4
2024-05-23 00:00:00.0;;;0;0;1,1;0,4;0,7;0,9;0,5;0;0;2,6;1,4;0;0;0,1;0;0,6;0;0;0,7;0,2;4,1;0;0,3;1;0;;1;0,7;0;0;0;0;0;0,6;0,4;0;3,5;0;0;0;0,2;;0,4;2,8;1,7;0;0,1;0,6;0,7;0,2;1,3;1;0;8,1;1,1;0,4;;0;4,7;1,1;0,3;0;0;0;0;0,7;0;0,4
2024-05-24 00:00:00.0;;;0;0,2;0,2;0,2;0,1;0,1;0;0,1;0;0;0;0,2;0,1;0,2;0,1;0;0,2;0,3;0;0;0;1,7;0;0;0,3;;0;0;1,1;0,2;0,2;0,2;0,2;0,1;0;0;0;0,4;0;0,5;0;;0,1;0;0,2;0,4;0,4;0;0;2,2;0;0,3;0,4;0,1;0,3;0,1;;0,1;0,8;0;0,3;0;0,3;0;0;0;0,2;0,1
2024-05-25 00:00:00.0;;;3,8;2,4;1,3;0,8;0,6;0,8;0,2;3,5;2,7;0,1;0,8;13,4;9,7;5,7;4,8;0,6;0,7;9,1;0;2,7;0,8;5,2;1,6;0,7;4,4;;0,5;2,6;6,6;0,2;6,5;0,2;6,5;0;1,7;0;1,3;0,4;7,2;0,7;0,7;;2,5;0,6;1,5;11,4;4,3;4,8;0,7;7,5;0,8;23,7;4,7;0;33,5;6,2;;3,1;48,2;3,2;14,9;5;0,5;2,4;3,2;2,1;9,1;5,7
2024-05-26 00:00:00.0;;;0;4;0;0,4;0,1;0;0,9;0;0;0;0;0,8;0,1;0;0;0,1;0;0,3;0,5;0;0;0;0;0,1;0;;0,6;0;0,5;0;0,1;0;0,1;0,2;0;0;0;0;0,2;0,8;0;;1,6;0;0,1;0,5;0,1;0,4;0;0,3;0;1,4;0;0;0;0,6;;0;0,8;0,1;4,1;0;0,8;0;0;0,2;0,1;0,1
2024-05-27 00:00:00.0;;;0,5;0,4;0,3;0,2;0,4;0,3;0,2;0,6;1;0;1,6;0;0,1;0,6;0,3;0;0,1;0,1;0,4;0,2;1,5;0,3;0,7;0,2;0,9;;0;0;2,1;0,4;0;0,4;0;0;0,6;0;0,3;0,1;0;0,2;1,3;;0,4;0,1;0,5;0,1;0,4;0,4;2,2;0,9;1,6;0,5;0,1;0,4;0,1;1,2;;0,1;0,5;0;0;0,8;0;0,4;0,8;0;0;0,3
2024-05-28 00:00:00.0;;;14,8;7,2;6;8;7,2;5,9;6,8;12;11,8;6,5;7,4;17;13,8;12,2;18,7;8,2;5,8;16,6;7,1;11,9;7,9;13,8;9,5;7,6;13,2;;13,1;8,3;15,7;5,7;10,9;5,7;10,9;15,1;7,7;0;9,5;5;19,3;5,4;7,4;;8,4;8,2;7,8;24,8;15,7;10,3;7,4;16,4;8,2;20,7;12;10,2;10,9;11,7;;13,4;12,6;10,8;16,8;17,7;6,7;11,1;12,9;9,5;15,3;11,2
2024-05-29 00:00:00.0;;;2,1;6,6;4,5;5,9;5,9;3,5;3,9;1,1;1,7;3,3;1,6;2;0,6;1,5;1,1;0,7;3,6;3;2;1,5;2;3,1;1,4;4,2;2,2;;3,5;0,8;6,2;3,6;0,9;3,6;0,9;4;0,5;0;2;3,1;0,4;4,5;0,8;;5,9;2,1;3;1,3;0,4;3,1;1,9;6,6;1,5;10;0,5;1,6;4;4,1;;0,8;5,5;1,6;4,5;1,2;3,8;1,9;1,5;0,9;0,4;1,5
2024-05-30 00:00:00.0;;;0,1;1,2;4,3;8,3;2;2,5;3,3;0,2;0,1;0,9;0,3;0,8;0,3;1,3;0;0,8;4,1;1,6;0,7;0,3;0,8;0,7;0,8;0,8;0,8;;0,8;0,3;2,4;4,9;0,5;4,9;0,5;5,9;0,1;0;1;5,4;0,4;4,9;0,2;;0,6;0,6;0,8;1,6;0;1;0,1;1,9;0,2;6;0,1;2,4;4,7;3,1;;0;4,8;0,9;4,3;0,1;0,8;0,3;0,2;1,1;0,2;1
2024-05-31 00:00:00.0;;;0;0,3;0,1;0,1;0;0;0;0,3;0;0;0,1;1,2;1;1;0,1;0,4;0;1,5;0;0;0;0,8;0;0,1;1,1;;0,7;0,7;2,4;0;0,3;0;0,3;0,5;0;0;0;0;0,2;0,1;0,1;;0;0,1;0;0,6;0;2,7;0;2,2;0;4,3;0,1;0,1;7;2,3;;0,1;9,3;1,2;1;0;0,6;0;0;0,9;0,5;1,4
2024-06-01 00:00:00.0;;;0;0;0;0;0;0;0;0;0;0;0;0;0;0;0;0;0;0;0;0;0;0;0;0;0;;0;0;0;0;0;0;0;0;0;0;0;0;0;0;0;;0;0;0;0;0;0;0;0;0;1,2;0;0;0;0,6;;0;0,4;0;0,1;0;0;0;0;0;0;0
2024-06-02 00:00:00.0;;;0;0,3;0;0;0;0;0;0;0;0;0;0;0;0;0;0;0;0;0;0;0;0;0;0;0,2;;0;0;0,1;0;0;0;0;0;0;0;0;0;0;0;0;;0,3;0;0,1;0,1;0;0,4;0;0,1;0;1,4;0;0;0;1,3;;0;0;0;0,6;0;0;0;0;0;0;0,1
2024-06-03 00:00:00.0;;;5,5;2;1,2;3,2;2,2;1,2;2,9;4,8;3,3;0,7;1,9;5,7;4,8;4,4;3,5;2,2;0,8;7,7;2;4,5;3,1;5,5;4,1;0,8;5,1;;2,2;2,2;7,9;1,3;4,5;1,3;4,5;1,9;3,6;0;1,9;0,8;3,4;0,8;2,4;;2,4;0,8;2;3,5;4,4;3,6;2,5;7,4;3,4;6,4;5,6;0,7;2,4;6,6;;5;4,3;3,2;3,3;3,9;2,2;3,6;3,7;2,9;3,5;3,2
2024-06-04 00:00:00.0;;;20,3;21,7;16,2;11,8;14,1;16,7;13,3;23,1;17,2;14,9;12,2;35,7;30,1;34,9;20,1;17,8;15,1;34,8;15,3;18,3;15,2;34,1;15,9;19,1;33,4;;16,2;21,1;46,4;13,2;24,5;13,2;24,5;14,9;15,8;0;17,4;13,1;23,7;13,6;12;;21,9;14,7;19,5;23,1;19,3;41,6;12,7;41,1;15,7;35,8;25;11,5;15,4;37,7;;19,6;27,5;25;8;20,3;17;14,9;17,6;22,5;23,4;41,6
2024-06-05 00:00:00.0;;;4,5;1,5;1,1;0,3;0,4;0,4;0;8,2;3,1;0,4;2,6;12,3;9,8;9,6;3,9;1;0,5;15,3;0;5,8;2,1;14,4;4;0,7;10,5;;0,4;1,6;15,1;0;10,5;0;10,5;0,2;3,4;0;1,5;0,5;5,8;1,1;2,2;;1,1;0,9;0,7;6,6;4,4;5,6;3,9;16;4,6;24,2;7,8;0,3;7,2;2,8;;6,7;9,6;1,9;3,9;4,3;1,1;3,1;3,1;1,1;7,9;5,1
2024-06-06 00:00:00.0;;;1,2;1,4;0;0,1;0,3;0;0,1;2,1;0,8;3,2;1,1;1,1;0,7;4,1;0,4;0,3;0;3,3;0;0,9;1;6,9;2;4,5;5,2;;0,1;3,1;7,3;0,8;1,9;0,8;1,9;0,5;0,3;0;1,3;0,1;0,4;0,8;0,4;;1,3;0,9;0,5;0,1;0,9;5,3;0,2;8,3;0,5;1,5;2,4;0,5;4,4;5;;1,1;3;3,5;2,3;1,4;0,4;0,8;1;1,2;1,2;3,7
2024-06-07 00:00:00.0;;;0;1,6;0;0;0;0;0;0,4;0;0;0;0,5;0,3;1,7;0;0;0;0,9;0;0,2;0,2;1,4;0;0,6;1,1;;0;0;2,5;0;0,4;0;0,4;0;0;0;0;0;0;0;0;;0,7;0,3;0,2;0;0;1,2;0;2,2;0;1;0;0,1;0;2,9;;0;2,6;0,1;2,8;0;0;0;0;0,1;0;0,9
2024-06-08 00:00:00.0;;;0,3;1,1;0,5;0,4;0,1;0;0,4;0,9;0,2;0,1;0;2,9;2,4;3;0,4;0;0,5;2,2;0,1;0,6;0;2,4;0,2;0,3;1,8;;0;0,6;3,2;0;1,2;0;1,2;0,1;0,2;0;0;0;1,1;0,1;0;;0,3;0;0,3;1,5;0,3;2,1;0;2,7;0;7,8;0,8;0;8,5;2,9;;0,6;11;1,1;2,3;0,6;0,1;0,2;0,1;0,5;1,4;2,5
2024-06-09 00:00:00.0;;;0;0,7;0,3;2,8;4,3;0,2;3,1;0,1;0;1,5;0,5;0;0;0,1;0;2,3;0,7;0;0,2;0,1;2,8;0;1,2;2,2;0,2;;4,6;1,7;0,6;0,9;0;0,9;0;2,6;0;0;2,9;0,7;0;0,3;7,9;;0,7;12,3;0,5;0;0;1;0,7;0,3;1;0,6;0;6;0;1,3;;0;4,5;4;2,1;0;2;0;0;2,5;0;0,5
2024-06-10 00:00:00.0;;;0,9;3,2;7,3;3,6;4;7,1;2,8;1;0,7;3,3;2,4;1,1;0,9;1,2;0,7;2,7;5,9;0,7;3;1,5;1,4;0,6;0,8;2,8;1,2;;3,6;3;1,3;8,3;0,5;8,3;0,5;2,3;0,4;0;2,2;8,7;1,8;9,1;0,4;;4,5;4,3;6,4;1,8;0,5;2,2;0,7;0,8;0,6;2,3;0,8;19,9;0,2;2,6;;1,4;4,6;4,6;2,4;1,1;2,5;0,6;0,6;4,1;0,5;1,3
2024-06-11 00:00:00.0;;;0,7;1;0,9;0,3;0,9;0,3;0,3;0,6;1,6;0,4;0,4;6,3;3,5;0,9;1,8;0,4;0,4;5,3;0,2;0,5;0,6;2,2;1,7;0,3;0,7;;0,5;0,2;2,2;0,9;3,2;0,9;3,2;0,1;0,9;0;0,2;0,1;1,7;0,4;0,9;;1,3;1,4;0,7;4,9;1,2;0,6;0,5;6,2;0,8;11,7;1,2;0,3;3,2;1,6;;0,7;14,8;0,8;3;2,4;0,3;1,2;1,4;0,5;1,9;0,6
2024-06-12 00:00:00.0;;;0;0;0,1;0;0;0;0;0,1;0;0,4;0,2;0,2;0;0,9;0;0;0,3;0,3;0;0;1,2;0;0,2;0;0,4;;0;0;0,4;0,1;0,1;0,1;0,1;0;0,1;0;0,6;0,1;0;0,3;0,1;;0;0;0;0;0;0,4;0,8;0;0,8;0,6;0;0,1;2,6;1,2;;0;0;0;1,6;0;0;0,2;0,2;0,1;0,2;0,4
2024-06-13 00:00:00.0;;;0;0;0,9;5,4;1,2;0,3;0,3;0,1;0;0;2;1,5;0,3;1,2;0;0;1,8;0,1;0;0,2;1,2;0;0,1;2;0,1;;0;0;0,1;0,7;0,2;0,7;0,2;0;0,1;0;0;1,6;0;2,8;2,8;;0;1,4;0;0;0;0;1,6;0,1;0,6;0,1;0;4,4;6;3,4;;0;0,2;0;0,5;0;0;0;0;0;0,1;0,7
2024-06-14 00:00:00.0;;;3,6;1,7;2,9;7,2;16,5;2,4;10,3;2,4;5,3;4;1,3;7,6;7,4;2,8;4,2;5,5;5,3;6,7;5,4;2,1;1,4;8,1;3,1;8,7;4,2;;1,8;1,5;7,5;11,3;5,6;11,3;5,6;9,3;3,1;0;8,4;7,3;6,7;5,7;0,7;;1,7;9,6;3,8;6,6;4,2;5,3;2,9;7,3;4,4;6,1;6,4;3,3;1,8;6,7;;3,2;3,1;1,4;3,5;7,2;5,1;2,4;3,8;2,4;6,8;2,1
2024-06-15 00:00:00.0;;;16,7;19;26,3;13,4;26,1;21,7;15,2;16,2;11,4;18,1;12,3;18,3;17;18,4;12,1;32,5;21,7;19,2;13,1;15,3;16,1;17,3;18,4;20;17,1;;11,4;22,7;23,8;23,5;12,8;23,5;12,8;11,5;17,1;0;19,8;20,5;9;30,1;13;;20,2;18;22,4;14,8;9,1;24,3;11,1;19;16,7;25,4;16,7;11,6;6,5;18,6;;15,9;20,1;26,3;10;17,3;17,1;12,8;18,1;25,9;12,1;19,7
2024-06-16 00:00:00.0;;;0;2,2;0,6;0,2;0;0,3;0,4;0,2;0;0;0,2;3,6;2;2,8;0;0,1;0,6;2,9;1,3;0,1;0,2;2,7;0,6;0,1;1,6;;0,5;0,2;2,9;0,2;1,1;0,2;1,1;0,1;0,8;0;0;0,2;0,4;0,3;0,2;;4,9;0,7;2,6;0,4;0;2,5;0,8;4,1;1,4;9,8;0,3;0,3;0,9;2,4;;0;3,4;1;5,3;0,6;0,5;0,2;0,7;0,4;1,3;2,2
2024-06-17 00:00:00.0;;;0;1,8;0,8;0;0;0,3;0,1;0,1;0;1,4;0;0,7;0,3;1,2;0;1;1,1;0,5;0,2;0,1;0,3;0,3;0,4;0,6;0,3;;1,5;0,8;0,8;1;0,2;1;0,2;0,3;0,1;0,2;0,3;1,5;0;2;0,1;;1,4;0,2;0,6;0;0;0,8;0;1,3;0,1;0,6;0;0;0;2;;0;1;1;0,1;0;0,7;0;0;0,7;0,2;0,6
2024-06-18 00:00:00.0;;;0;0;0,8;3;12,3;0,8;12,1;0;0;19;18,5;0;0;0,6;0;0,6;1,1;1,4;9,7;0;9,6;0;0,6;4;0;;12,9;0,1;0;0,6;0,4;0,6;0,4;3,9;0,4;0;0;1,5;0;3,5;14,8;;0;9,4;0,1;0;0;0;5,6;0,2;4,3;0,8;0;32,1;3,1;0,6;;0;0;0;1,6;0;2,3;0;0;0;0;0,2
2024-06-19 00:00:00.0;;;8,9;9,1;2,7;41,1;11,8;1,9;25,6;6,5;2,3;22,1;32,7;0,9;0,4;4,6;2;5,3;2,8;3,9;12,5;10;23;3,3;36,1;32,2;4,4;;26,8;6,2;5,6;8,6;1,6;8,6;1,6;18,6;24,9;1,8;15,9;3,1;0;6,4;21,2;;10,7;14,4;2;0,8;1,1;4,9;19;3,2;26,4;3;2,9;25,8;2,7;5,1;;5,1;8,6;2,1;2,6;4,5;14;21,2;30,7;1,7;0;5,7
2024-06-20 00:00:00.0;;;5,6;2,6;2,4;1,4;1,4;2,2;1,2;2,7;3;1,9;2,2;4,2;3,6;4,4;3,7;0,9;1,9;6,5;1;3,5;2,3;4,9;3,3;2;4,2;;1,3;2,4;4,8;1;4,2;1;4,2;1,2;3,1;2,1;2,2;1,8;4,4;2;2,8;;3,1;2,7;2,9;6,3;3,4;3,5;1,6;6,2;2,6;5,9;3,3;3;3,3;5,1;;3,6;7,4;3,2;4,6;4,6;1,2;4,1;4,5;3;3,1;3,1
2024-06-21 00:00:00.0;;;0;1,7;0,6;0;0,2;0,1;0,1;0,1;0;0,5;0;0,2;0,1;0,9;0;0,1;0;0;0,1;0,3;0;0;0;0;0,4;;0,2;0;0,4;0;0;0;0;0;0;0,1;0;0;0;0;0;;2,2;0;0,6;0;0;0,3;0;0,3;0;0,2;0;0;0;0,9;;0;0,8;0;0;0;0,2;0;0;0;0;1,1
2024-06-22 00:00:00.0;;;0;0;0;0,1;0;0;0;0;0;1,6;2,3;0,9;0,7;0;0;0,1;0,2;0,1;0;0,2;0,1;0;0,1;0;0;;0;0;0;0,2;0;0,2;0;0;0;0;0;0,1;0;0,1;1,6;;0;0;0;0;0;0,1;0,7;0,3;0,2;3,1;0;0,1;2,5;1,1;;0;0,1;0;0,4;0;0;0;0;0;0,5;0,3
2024-06-23 00:00:00.0;;;3,4;4,1;2,3;0,2;4,1;3;0,3;0,6;3,3;7,5;0,6;1,3;0,6;0,8;0,2;3,1;3,7;0,5;0,5;1,9;1;1,7;1,5;5,1;1;;6,2;1;2;4,9;0,1;4,9;0,1;0,9;2,1;1;7,5;1,9;0,3;4,1;0,7;;3,5;4,7;2,8;0,6;1,2;0,9;1,3;1,5;1,7;6,4;1,8;7,6;0;1,8;;1,4;1,4;1,2;0,2;1,7;8,1;2,3;1,7;1,5;0,2;0,5
2024-06-24 00:00:00.0;;;0,7;0,9;2,6;1,6;2,5;2,1;2,1;0,3;0,4;3,2;1,7;3;2;1,9;0,5;0,7;2,8;1,7;0,9;0,7;1,7;0,6;0,4;2,1;1,3;;0,8;0,1;2,2;2,8;0,8;2,8;0,8;1,4;0,7;0,1;1,1;3,6;0,8;4,9;1;;1,1;1,9;1,7;1,1;0,4;1,6;0,5;1,9;1,1;2,1;0,3;2,1;0,7;4,8;;0,6;1,1;0,3;0,4;0,9;0,4;0,7;0,8;0,3;0,5;2,1
2024-06-25 00:00:00.0;;;0;0,2;0,6;2;0,6;0,1;1,7;0;0;0;0;2,2;1,5;1,4;0;0,2;0,8;2,1;0,9;0;0;0,7;0;0,1;1,3;;0;0,3;2,6;0,4;0,5;0,4;0,5;0,2;0,1;0,4;0;0,4;0,8;1,5;0;;0,4;0,1;0,3;0,6;0,2;1,5;0;1,8;0;0,9;0,1;0;0,6;1;;0;2,5;0,6;1,5;0;0,8;0;0;0,3;0,4;0,9
2024-06-26 00:00:00.0;;;0,9;3,9;4,7;1,5;3,1;3,8;2;0,4;0,4;0,6;0,4;1,5;1;1,1;0,4;2;5,6;2,3;2,6;1,2;0,5;1,5;1,1;0,9;0,9;;1,8;1,9;2,1;4,1;0,8;4,1;0,8;1,5;0,4;1,6;2,5;5,3;0,9;6;0,4;;5,2;1,5;4,6;0,9;0,7;1,2;0,4;2,8;0,3;6,6;0,6;0,6;0,4;3,1;;1;2,6;2,2;2,1;1,3;2,4;1,2;1,2;2,1;1,1;0,9
2024-06-27 00:00:00.0;;;0,6;0;0;1,5;1,9;0;1,4;0;0;0;0;1,1;1;0;0;0;0,2;0,2;0;1,4;0;0;0;0;0;;0;0,1;0;0,5;0;0,5;0;0,1;1,6;0;0;0,1;0;0;0;;0;0;0;0;0;0;0,2;0;0;1,5;0;0;4,3;0;;0;7,1;0;1,6;0,1;0;1,2;1,9;0,1;0,6;0,6
2024-06-28 00:00:00.0;;;8,4;11,7;2;0,9;1,1;2,5;1,2;8,5;5,8;0,4;1,5;2,6;5,8;13,5;4,9;5,2;1,6;8,1;5;5;4,7;7,2;4,2;3,9;12;;1,9;6,4;9,7;1,6;5,3;1,6;5,3;1,4;4,6;5,4;4,4;1,5;3,3;1,9;0,8;;4,6;1,7;1,8;5,5;3,3;23,7;1,5;9,1;4;1,4;6,1;0,4;6,7;5,2;;8,1;5,4;7,3;0,6;7,5;2,6;3,4;5;5,8;3,2;16,5
2024-06-29 00:00:00.0;;;9;6;8,2;2,1;2,2;6,7;4,9;11,4;6;14,2;18,8;1,7;1,3;1,9;5;8,4;7,8;2,4;10,7;16,6;10,5;2,9;9,7;12,5;2,5;;13,2;2,1;3;1,6;1,6;1,6;1,6;12,1;9,6;4,9;8;2,3;1,5;2,3;19;;6,8;13,8;13,7;18,9;3;3,4;12,8;2,2;12,7;5,6;3,3;23,2;1,8;0,6;;10,5;1;2,9;1,6;7,7;8,9;10,6;13,8;3,5;1,1;2,5
2024-06-30 00:00:00.0;;;2,7;0;0,7;18,4;8,5;1,7;13,5;3;0;5,8;1,3;3,2;1,8;0,5;0;14;0,2;1,8;25,4;28,2;7,9;0;10;1,6;0,2;;19,6;0,5;0,1;0,2;0,5;0,2;0,5;23,2;8;11,2;1,8;0;0,5;0;0,2;;0;3,3;0;0,1;0;0;3,6;0;4,8;5,3;0,1;3,2;0;0,2;;5;0,6;1,7;0;0;17,3;4,3;2,4;6,4;0,4;1,4
2024-07-01 00:00:00.0;;;0;0,1;0,2;0,1;0;0,1;0;0;0;0;0;0,5;0,3;0,1;0;0;0,3;0,1;0;0;0;0;0;0;0;;0;0;0;0,2;0,1;0,2;0,1;1,3;0;0;0;0,2;0;0,3;0;;0,2;0;0;0,3;0;0;0;0;0;4,1;0;0;0;0,5;;0;13,3;0;0;0;0;0;0;0;0,1;0,1
2024-07-02 00:00:00.0;;;0;0,2;1,8;0;0,8;0,7;0,3;0,1;0;0,1;0;2,6;1,7;0,7;0,2;0;1,2;1,4;0;0,2;0;0,4;0,3;0;0,3;;0,1;0;0,9;0,9;0,9;0,9;0,9;0;0;0;0,1;0,8;0,9;1,5;0;;0,4;0,1;0,4;0,8;0,1;0,7;0;1,2;0;4,5;0,1;0;3,1;3,6;;0;9,1;0;1,3;0,2;0;0;0,2;0;1,7;0,7
2024-07-03 00:00:00.0;;;1,3;4,9;1,9;0,7;1,8;2,2;1;2,2;0,8;1,4;0,8;3,8;3,6;3,6;0,8;3,6;4,4;4,4;2,1;2,4;1,9;2,7;1,8;2,3;3,2;;3,1;5,2;4,4;5,1;2,5;5,1;2,5;2,9;0,8;5,2;3,3;6;2,4;7,8;0,4;;5,7;1,8;2,6;1,7;1,2;4,8;0,5;6,1;1,4;4,5;1,7;0,7;1,8;4;;1,7;3,8;6;2,2;0,8;4,9;0,9;0,7;6,7;3,1;2,7
2024-07-04 00:00:00.0;;;0,1;0,2;1,3;8,6;0,1;1;0,2;0,2;0;4;5,2;0,2;0,2;0,7;0;0;0,7;0,6;0,3;0;5,5;0,2;1,2;0,3;0,3;;0;0;0,4;0,4;0,2;0,4;0,2;0,8;0;0,1;2,7;0,5;0;0,6;1;;0,2;0;0;0;0;0,8;1,2;0,5;0,2;1,6;0,1;10,7;0,1;1,6;;0,3;2,2;0,3;0,8;0;0;0;0;0,1;0,1;0,4
2024-07-05 00:00:00.0;;;12,7;13,5;19,4;19,1;33,8;18,5;22,4;11,9;10,3;15,8;10,9;22,7;18,2;11,3;12,2;13,2;22,9;22,8;20,4;11,8;19,1;14,3;16,7;17;11,4;;18,4;18;15,8;25,3;15,4;25,3;15,4;20,2;12,6;11,4;24,6;19,5;11;24,8;12,3;;13,3;23,7;13,8;15,7;9;15,5;10,3;18,5;10;25,7;11,4;27,9;16,3;13;;10;17,1;17,2;14,3;13,6;17,7;9,6;12,4;12,4;13;10,7
2024-07-06 00:00:00.0;;;0;1,6;0;0,1;0;0;0;0;0;0;0;0;0;0,3;0;0;0;0,3;0;0,1;0;1,1;0;0;0;;0;0;0,6;0;0,1;0;0,1;0;0;0,2;0;0;0,1;0;0;;0,5;0;0,2;0;0;1,4;0;0,6;0;1,6;0,1;0;1,1;1,1;;0;6;0,2;6,4;0;0;0;0;0;0,2;0,5
2024-07-07 00:00:00.0;;;0,1;2,5;1,4;0,1;0;0,5;0;0;0;0;0;0,4;0,1;0,3;0;0;1;0,4;0;0;0;0,3;0;0;0;;0,1;0;0,2;0;0,1;0;0,1;0,1;0;0;0;0,3;0;0,6;0;;4,7;0;0,4;0,1;0;0,6;0;0,4;0;2,1;0;0;0,2;0,7;;0;4,4;0,1;0;0;0;0,1;0;0;0,4;0,2
2024-07-08 00:00:00.0;;;7,2;10,1;9,8;6,2;8;8,4;7,7;4,5;4,8;8,5;7,4;6,7;4,8;5;4,7;6,1;6,2;6;6,8;6;8,1;5,1;7,3;9,1;5;;9;7,7;7,2;4,3;3,5;4,3;3,5;6;5,2;7,8;8,7;5,1;7,3;6,6;7,6;;12,1;9,9;11,9;9,4;4,7;9,1;6,5;6,6;7,9;7,3;6,7;9;6,8;6,1;;5,6;15,5;9,1;3,4;6,1;5,8;4,2;5,6;8,3;4,7;6,4
2024-07-09 00:00:00.0;;;0;0,7;0;0;0;0;0;0;0,1;0;0;0;0;0,3;0;0;0;0;0;0;0;0,5;0;0;0;;0;0;0,1;0,2;0;0,2;0;0;0;0;0;0;0;1,2;0;;0,4;0;0,2;0,1;0,3;0,1;0;1,2;0;0,3;0,1;0;0;0,3;;0;0,3;0,1;0,2;0;0;0;0;0;0;0,1
2024-07-10 00:00:00.0;;;0;0,3;0,5;0;0;0,1;0;0;0;0;0;0;0;0;0;0;0;0;0;0;0;0;0;0;0;;0;0;0;0;0;0;0;0;0;0;0;0;0;0;0;;0;0;0,2;0;0;0;0;0;0;0,1;0;0;0;0,2;;0;0,2;0;0;0;0;0;0;0;0;0
2024-07-11 00:00:00.0;;;0;0;0;0;0;0;0;0;0;0;0;0;0;0;0;0;0;0;0;0,1;0;0;0;0;0;;0;0;0;0;0;0;0;0;0;0;0;0;0;0;0;;0;0;0;0;0;0,4;0;0;0;0;0;0;0;0,1;;0;0;0;0;0;0;0;0;0;0;0,2
2024-07-12 00:00:00.0;;;2,2;3,8;8,2;3,7;4,6;7,6;3,5;2,1;1,8;3,7;7,1;7,6;5,4;4,5;2,7;1,9;5,1;8,2;2,4;5,5;7,7;4,2;5,4;3,3;2,6;;3,1;4;4,7;3,5;4,5;3,5;4,5;2,7;2,9;4,2;3,9;4,6;2,4;5,7;8,4;;6,3;3,5;7,3;5,7;1,8;5,7;6,2;6,2;6;9,9;2,2;2,6;8,3;6,8;;1,1;5,1;5,4;4;4;2,1;2;2,6;5;4,5;5,9
2024-07-13 00:00:00.0;;;1,2;5,9;0,5;0;0;0;0;4,8;0,2;0;0,1;3,5;3,4;6,4;0,4;0;0,1;4,1;0;2,5;0,1;6,4;0,6;0,2;4,8;;0;2;8,5;0;1,9;0;1,9;0;0,1;0,4;0,1;0;2,2;0;0;;6,6;0;0,3;3,7;0,6;6,3;0;7,5;0,2;12,9;3,1;0,1;1,9;2,9;;2,2;7,8;1,8;8,9;1;0,3;0,7;0,2;0,7;3,2;4,4
2024-07-14 00:00:00.0;;;0;0,3;0;0;0;0;0;0;0;0;0;0,4;0,2;0;0;0;0;0,3;0;0;0;0;0;0;0;;0;0;0,4;0;0,2;0;0,2;0;0;0;0;0;0,3;0;0;;0,3;0;0;0,3;0;0,3;0;0,3;0;1,4;0;0;0,1;0,3;;0;0,4;0;0;0;0;0;0;0;0,3;0,1
2024-07-15 00:00:00.0;;;2,9;6;11,7;6,6;10,7;9,4;7,1;1,7;1,8;2,3;1,1;2,8;2,8;2,2;1,8;2,1;6,9;2,4;7,1;2,5;0,5;2,2;1;1,2;2,2;;4,6;1,9;3,5;5,8;1,6;5,8;1,6;3,5;0,1;2,6;1,1;5,5;2,2;8,3;0;;6,2;8,7;8,8;3;1,8;3,5;0;2,8;0,1;12,8;2;13,6;5,1;3,8;;1,8;11,8;2,6;5,5;1,2;3,8;1,1;1,1;2,9;3,5;2,6
2024-07-16 00:00:00.0;;;0;0,4;0,1;0;0;0,1;0;0;0;0;0;0,2;0;0;0;0;0;0,1;0;0;0;0;0;0;0;;0;0;0,1;0;0;0;0;0;0;0;0;0;0,1;0,1;0;;0,2;0;0,3;0,5;0;0,1;0;0,1;0;5,2;0;0;0,3;0,8;;0;2,6;0;0,5;0;0;0;0;0;0,1;0
2024-07-17 00:00:00.0;;;0,2;0,8;0;0;0;0;0;1,1;0;0;0;0,2;0,1;1,6;0;0;0;0,7;0;0,2;0;0,9;0;0;1,6;;0;0;2,4;0;0;0;0;0;0;0;0;0;0;0;0;;0,7;0;0,1;0;0;1,3;0;1;0;2,8;0,3;0;0,2;0,7;;0,3;1,5;0;0;0;0;0;0;0;0,3;2,4
2024-07-18 00:00:00.0;;;0,1;0,4;0,3;0;0;0,4;0;1,2;0;0;0;0,2;0,6;0,8;0;0,3;0;0,6;0;0,3;0,1;0,9;0,2;0,1;0,8;;0;0,3;1,8;0;0;0;0;0;0;0,1;0,1;0;0,2;0;0;;0,5;0,4;0,2;0,5;0;1,6;0;0,8;0;1,7;0,3;0,1;0,5;0,9;;0,4;2;0,3;0,4;0;0;0,1;0;0,3;0,5;1,8
2024-07-19 00:00:00.0;;;0;0,1;0,1;0;0;0;0;0;0;0;0;0;0;0,2;0;0;0;0,1;0;0;0;0,4;0;0;0,2;;0;0;0,9;0;0,1;0;0,1;0;0;0;0;0;0;0;0;;0,1;0;0;0,1;0;0,1;0;1,1;0;1;0;0;0,4;0,3;;0;1,3;0;0,4;0;0;0;0;0;0,1;1
2024-07-20 00:00:00.0;;;6;2,7;1,5;0,1;1;1,8;0,2;5,7;4,1;0;1,1;15,7;13,2;8,9;6;0,1;0,2;13,7;0,5;3,6;1,4;9,8;2;0,3;7,9;;0,3;0,9;10,7;0;9,4;0;9,4;0;4,1;0,5;1,5;0,1;8,6;0,7;1,2;;3,8;0;2,8;8,4;5,4;6,5;1,3;12,9;1,8;18,2;7,3;0;4,7;6,3;;5,4;4,4;1,7;8,1;6,7;0,2;3,4;5;0,6;9,2;5,6
2024-07-21 00:00:00.0;;;5,2;5,4;0,2;0,9;0,1;0,1;0,4;5,3;3,7;1,6;2;16;10,8;6,6;5,6;1,1;0,2;14,3;0,5;4,1;2;11,5;2,3;1,8;7,1;;1;1,5;11,1;0;9;0;9;0,5;2,7;2,2;1,2;0,2;9,1;0,8;1,8;;5,1;1,1;1,8;12;4,9;3,5;1,9;17,4;2,2;20,5;7,5;1,4;4,7;5;;5;8;2;8,5;5,2;1;3;4,5;2;8,5;4,8
2024-07-22 00:00:00.0;;;0;1,3;1,3;0;0,5;1,2;0,6;0;0;0;0;0,5;0,2;1;0;0;0,6;0,6;0,1;0;0;0,6;0;0;0,4;;0;0,1;1,4;0,2;0,3;0,2;0,3;0,2;0;0;0;0,1;0,1;0,7;0,1;;1,7;0;1,6;0,2;0;0,9;0;1,2;0;3,7;0,1;0;0,7;1,1;;0;2,1;0;0,5;0;0;0;0;0;0,1;1,3
2024-07-23 00:00:00.0;;;0,1;1,1;0;0;0;0;0;1,3;0;0;0;2,2;0,7;4,9;0;0;0;2,2;0;0,1;0,2;3,2;0;0;3,2;;0;0;6,3;0;0;0;0;0;0;0;0;0;0,1;0;0;;1,1;0;0;0,1;0;2,9;0;5,7;0;4,8;1;0;1,3;2,9;;0,1;2,1;0,1;0,1;0;0;0;0;0;0,2;5,1
2024-07-24 00:00:00.0;;;0,1;0;0;0;0;0;0;0,7;0;0;0;1,6;0,8;1,1;0,1;0;0;1;0;0,2;0;1,2;0;0;0,6;;0;0;1,6;0;0;0;0;0;0,1;0;0;0;0,5;0;0;;0;0;0;0,7;0,2;0,5;0;2,4;0;3,4;0,4;0,1;1,6;0,8;;0,2;1,2;0;2,4;0,3;0;0,1;0,1;0;1,8;0,3
2024-07-25 00:00:00.0;;;0,8;5,4;0,4;1;0;0,1;0,2;1,9;0,1;0;0,1;1,1;0,7;8,5;0;0;0,1;3,5;0;1,1;0;7,7;0,1;0;5,5;;0;1,2;7,7;0,8;0;0,8;0;0;0;1,9;0;0;0,2;1,2;0;;3,8;0;1;0,4;0,4;1,9;0;7,4;0;2,6;2,4;0;0,8;1,4;;1,4;0,4;4,5;1,4;0;0;0,4;0,3;3,1;0,5;4,7
2024-07-26 00:00:00.0;;;0;0;0;0,1;0;0;0;0;0;0;0;0,6;0,1;0;0;0;0;1,4;0;0;0;0,7;0;0,2;0;;0;0;1,6;0,2;0;0,2;0;0;0;0;0;0;0;0;0;;0;0,3;0;0;0;0;0;2,6;0;2,4;0,2;0;0,3;0,3;;0;0,7;0,2;0,4;0;0;0;0;0;0;0
2024-07-27 00:00:00.0;;;0,1;0,2;0;0;0;0;0;0,1;0;0;0;1,7;0,9;0,6;0,1;0;0;2,2;0;0;0;0,9;0;0;0;;0;0,2;0,7;0;0;0;0;0;0;0;0;0;0,6;0;0;;0,5;0;0;1,2;0,1;0,6;0;1,2;0;2,9;0,4;0;0,2;0,8;;0,1;3,2;0,4;1,7;0,1;0;0;0;0;1,3;0,8
2024-07-28 00:00:00.0;;;6;10,2;7,3;7,5;5,8;7;7,1;9,3;5,7;6,9;2,4;12,4;9,9;13,7;6,2;8,3;6,5;18,1;6,6;6,3;3,6;14;3;7,2;13,3;;8,3;9,1;17,8;6,3;0;6,3;0;7,6;3,5;9,7;5,3;6,2;6,2;7,2;1,2;;10,9;7,4;9,4;6,3;6,9;12;2,2;17,4;3,7;13,6;9;3,9;5,9;17;;7,9;9;9,6;6,5;6,8;9,6;3,6;4,5;9,1;6,9;11,4
2024-07-29 00:00:00.0;;;0;0,1;0;0;0;0;0;0;0;0;0;1;0,5;0,3;0;0;0;1;0;0;0;0,5;0;0;0,3;;0;0;1,4;0;0;0;0;0;0;0;0;0;0,1;0;0;;0,1;0;0,1;0,6;0;0,3;0;1;0;4,6;0;0;0,1;0,9;;0;1,2;0;0,9;0;0;0;0;0;0,2;0,4
2024-07-30 00:00:00.0;;;0,3;1,1;0,2;0;0;0;0;1;0,1;0;0;0,9;0,4;2,8;0,1;0;0;0,7;0;0,3;0,2;2,1;0,1;0,2;3,2;;0;0,3;5,6;0;0;0;0;0;0,1;0,1;0,4;0;0,1;0;0,1;;1;0,1;0,2;0,4;0;5,1;0;2,6;0,1;3,2;0,3;0;0,5;7,8;;0,8;1,2;0,4;0;0,1;0;0,4;0,3;0,2;0,1;4
2024-07-31 00:00:00.0;;;1,2;3,3;0,7;0;0,1;0,2;0;3;0;0;0;5,2;3,1;6,7;0;0,2;0,1;5;0;1,1;0,1;7,3;0,3;0;7;;0;1,8;11,1;0;0;0;0;0;0;1,5;0,2;0;0,8;0,2;0;;2,2;0;0,9;2;0,9;9,8;0;10,4;0;4,6;3,4;0;1;5,8;;1,5;1,9;2,4;1;0,4;0;0,3;0;2;0,8;10,4
2024-08-01 00:00:00.0;;;0;0;0;0;0;0;0;0;0;0;0;0,2;0;0,1;0;0;0;0;0;0;0;0;0;0;0;;0;0;0;0;0;0;0;0;0;0;0;0;0;0;0;;0;0;0;0,3;0;0;0;0;0;0,2;0;0;0;0,5;;0;0;0;0;0;0;0;0;0;0;0
2024-08-02 00:00:00.0;;;0;0;0;0;0;0;0;0;0;0;0;0;0;0;0;0;0;0;0;0;0;0;0;0;0;;0;0;0;0;0;0;0;0;0;0;0;0;0;0;0;;0;0;0;0;0;0;0;0;0;0;0;0;0;0;;0;0;0;0;0;0;0;0;0;0;0,1
2024-08-03 00:00:00.0;;;0;0;0,3;0;0,1;0,2;0,1;0;0;0;0;0,3;0,1;0;0;0;0;0;0;0;0;0;0;0;0;;0;0;0;0,3;0;0,3;0;0;0;0;0;0,2;0;0,2;0;;0;0;0,2;0;0;0;0;0;0;0,1;0;0;0,4;0,1;;0;0,2;0;0;0;0;0;0;0;0;0
2024-08-04 00:00:00.0;;;0;0,7;1,3;0,2;0,3;1,1;0,3;0,2;0;0,1;0;0,9;0,5;0,2;0;0,2;0,8;0,8;0,6;0,1;0,1;0,1;0;0,1;0,1;;0,1;0,4;0,3;0,3;0;0,3;0;0,2;0;0,7;0,2;0,6;0,5;0,9;0;;0,9;0,2;1,1;0,6;0;0,8;0;0,5;0;1;0;0;1;1,6;;0;3,4;0,8;0;0;0,2;0;0;0,8;0,4;0,2
2024-08-05 00:00:00.0;;;6,4;4,7;5,5;4,6;4,5;4,7;3,8;7,2;3,5;2,7;4,1;10,2;7,4;9,3;3,3;2,1;4,4;7,6;3,6;7,4;6,1;7,6;9,8;3;7,6;;4,1;3,2;10,5;3,3;0;3,3;0;3,1;5,1;3,9;4,2;4;6,2;3,8;3,5;;6,1;2,5;4,9;6,1;3,9;6,2;5,4;8;8,5;17,5;5,3;0,2;9,2;8,9;;5,8;8,5;4,3;9,3;4,9;3,1;4;5,4;4;6,5;7,1
2024-08-06 00:00:00.0;;;0;0;0;0;0;0;0;0;0;0;0;0,1;0;0;0;0;0;0;0;0;0;0;0;0;0;;0;0;0;0;0;0;0;0;0;0;0;0;0,1;0;0;;0;0;0;0;0;0;0;0;0;1,3;0;0;0,3;0,1;;0;0;0;0,1;0;0;0;0;0;0;0
2024-08-07 00:00:00.0;;;0;0;0;0;0;0;0;0;0;0;0;0;0;0;0;0;0;0;0;0;0;0;0;0;0;;0;0;0;0;0;0;0;0;0;0;0;0;0;0;0;;0;0;0;0;0;0;0;0;0;0;0;0;0;0;;0;0;0;0;0;0;0;0;0;0;0
2024-08-08 00:00:00.0;;;0;0;0;0;0;0;0;0;0;0;0;0;0;0;0;0;0;0;0;0;0;0;0;0;0;;0;0;0;0;0;0;0;0;0;0;0;0;0;0;0;;0;0;0;0;0;0;0;0;0;0;0;0;0;0;;0;0;0;0;0;0;0;0;0;0;0
2024-08-09 00:00:00.0;;;8,1;5,7;7,2;2,1;3,1;7,3;3;6,2;5,6;1,8;1,9;9,2;6,8;8,1;7;2,8;4,6;11;2,5;6,2;3,6;7,8;5,6;2,3;6,4;;3,1;5,8;8,2;2,2;5,8;2,2;5,8;2,2;4,1;5,7;4,5;3;7,3;3,1;1,9;;5,6;3;4,9;9,7;7;7,6;2,7;9,3;4;11,7;7,2;1,2;18,3;6,4;;6,3;21,6;6;10,4;6,8;2,7;6,2;6,9;5,8;6,7;8
2024-08-10 00:00:00.0;;;1,8;0,7;1,5;0,8;1,5;1,4;0,7;2,7;0,8;0,3;0,6;5,7;3,3;3,6;1;0,4;0,5;4,1;0,4;1,6;1;2,6;0,9;0,7;3,2;;0;1,5;5,5;0,6;2,8;0,6;2,8;0,2;1,1;0,8;1;0,8;2,2;0,9;0,4;;0,6;0,2;1,5;3,5;0,9;2,2;0,4;4,6;0,7;8,8;1,4;0;1,7;3,7;;2;3,3;1;3,8;1,1;0,2;1,4;1,4;1,1;3,6;3,1
2024-08-11 00:00:00.0;;;1;1,6;2,3;1,5;1,8;2,1;1,4;1;0,6;2,2;1,9;0,4;0,4;0,9;0,6;1,8;1,9;0,3;1,3;1,4;1,7;0,8;1,4;1,5;1;;1,2;2,5;0,8;2,2;0,4;2,2;0,4;1,3;1,5;2;1,5;2,1;0,6;1,9;1,9;;2,6;2,2;2,1;0,9;0,8;1,3;1,5;0,6;1,9;1,8;1;0,2;2,6;1;;1,1;2,1;2,3;1,6;0,9;1,3;0,6;0,9;2;0,7;0,9
2024-08-12 00:00:00.0;;;0;0;0;0;0;0;0;0;0;0;0;0,3;0;0;0;0;0;0;0;0;0;0;0;0;0;;0;0;0;0;0;0;0;0;0;0;0;0;0;0;0;;0;0;0;0;0;0,4;0;0;0;1,1;0;0;0;0,9;;0;2,1;0,3;0;0;0;0;0;0;0;0,1
2024-08-13 00:00:00.0;;;0,9;0,3;0,3;0,3;0,6;0,3;0,7;0,7;0,4;0,5;1,1;4,1;1,8;1,3;0,8;0,1;0,4;2,4;0,7;1;0,5;1,4;0,8;0,9;1,3;;0,5;0,1;3,2;0,7;1,5;0,7;1,5;0,7;0,5;0,1;1;0,3;1,2;0,8;1,5;;0,6;0,4;0,5;4,2;0,4;0,9;0,7;3;0,8;13,1;0,4;0,1;1;2,2;;0,5;3,9;0,3;4,7;0,9;0,1;1,1;1,3;0,3;1,7;1,1
2024-08-14 00:00:00.0;;;0;0;0;0;0;0;0;0;0;0;0;0;0;0;0;0;0;0;0;0;0;0;0;0;0;;0;0;0;0;0;0;0;0;0;0;0;0;0;0;0;;0;0;0;0;0;0;0;0;0;0;0;0;0;0,3;;0;0;0;0;0;0;0;0;0;0;0
2024-08-15 00:00:00.0;;;0;0,4;0;0;0;0;0;0,1;0;0;0;1,1;0,6;0,2;0;0;0;1,1;0;0;0,1;0,2;0;0;0,1;;0;0,1;0,2;0;1;0;1;0;0;0,1;0;0;0,4;0,1;0;;0,3;0;0;0,7;0;0,6;0;0,7;0;3,6;0,1;0;0,9;0,6;;0;6,1;0,2;1,1;0;0;0;0;0,1;1,4;0,1
2024-08-16 00:00:00.0;;;0;1;0,6;0;0,2;0,1;0,1;0,5;0;0;0;1,3;0,6;1,1;0;0;0;0,6;0,1;0,1;0;1,3;0;0;1,3;;0;0;2,3;0,2;0,4;0,2;0,4;0;0;0;0;0;0,2;0,4;0;;1,1;0;0,1;0;0;0,5;0;2,4;0;0,6;0,2;0;0,4;1;;0,2;1;0;0,6;0,1;0;0;0;0;0;0,9
2024-08-17 00:00:00.0;;;0;0;0;0;0;0;0;0;0;0;0;0;0;0;0;0;0;0;0;0;0;0;0;0;0;;0;0;0;0;0;0;0;0;0;0;0;0;0;0;0;;0;0;0;0;0;0;0;0;0;0;0;0;0;0;;0;0;0;0;0;0;0;0;0;0;0
2024-08-18 00:00:00.0;;;0;0;0;0;0;0;0;0;0;0;0;0;0;0;0;0;0;0;0;0;0;0;0;0;0;;0;0;0;0;0;0;0;0;0;0;0;0;0;0;0;;0;0;0;0;0;0;0;0;0;0;0;0;0;0;;0;0;0;0;0;0;0;0;0;0;0
2024-08-19 00:00:00.0;;;0;0;0;0;0;0;0;0;0;0;0;0,1;0,1;0,1;0;0;0;0;0;0;0;0;0;0;0;;0;0;0,1;0;0;0;0;0;0;0;0;0;0,1;0,1;0;;0,3;0;0;0,1;0;0,1;0;0,1;0;0,1;0;0;0,2;0,8;;0;1,1;0;0;0;0;0;0;0;0;0,1
2024-08-20 00:00:00.0;;;0;0,3;0,3;0;0;0;0;0;0;0;0;0,6;0,3;0,2;0;0;0,1;0,1;0;0;0;0,2;0;0;0,1;;0;0;0,1;0;0;0;0;0;0;0,1;0;0;0,1;0,1;0;;0,1;0;0;0,1;0;0,2;0;0,6;0;2,6;0;0;0,2;0,7;;0;1;0;0,8;0;0;0;0;0;0,3;0,1
2024-08-21 00:00:00.0;;;0;0;0;0;0;0;0;0;0;0;0;0;0;0;0;0;0;0;0;0;0,2;0;0,2;0;0;;0;0,1;0;0;0;0;0;0;0;0;0,2;0;0;0;0;;0;0;0;0;0;0,2;0;0;0,2;0,1;0;0;0;0;;0;0;0,1;0;0;0;0;0;0,1;0;0
2024-08-22 00:00:00.0;;;0;0;0;0;0;0;0;0;0;0;0;0;0;0;0;0;0;0;0;0;0;0;0;0;0;;0;0;0;0;0;0;0;0;0;0;0;0;0;0;0;;0;0;0;0;0;0;0;0;0;0;0;0;0;0,1;;0;0;0;0;0;0;0;0;0;0;0
2024-08-23 00:00:00.0;;;3,6;1,1;0,2;0,1;0,3;0,1;0,3;2,8;3;1,6;2,1;5,9;4,9;2,3;4,5;1,1;0,4;4,9;0,4;2,1;2,3;4,1;1,7;1,3;2,8;;0,9;1,7;3,5;0,5;3,7;0,5;3,7;0;1,5;1,3;1,7;0,8;5,8;1,3;2,3;;1,1;0,6;0,4;6,9;3,7;2,8;2,7;4,5;2;8,5;2,5;0,6;10,2;3,1;;2,3;10,6;1,9;6,3;4;1,3;2,2;2,3;1,4;5,6;2,4
2024-08-24 00:00:00.0;;;0;0,6;0,2;0,2;0,2;0,1;0,1;0,1;0;0,4;0,3;0,3;0,1;0,1;0;0,2;0,1;0;0,3;0,2;0,5;0;0,1;0,5;0,1;;0,5;0,3;0,2;0,1;0;0,1;0;0,1;0,1;0,5;0,5;0;0;0,2;0,2;;0,5;0,5;0,1;0;0;0,5;0;0,1;0,1;0,6;0;0,4;0,4;0,3;;0;0,9;0,4;1,2;0;0,5;0;0,1;0,5;0;0,1
2024-08-25 00:00:00.0;;;2,3;0,1;1,1;1,8;2,3;0,5;1,4;1,4;1,2;1,9;6,7;4,3;1,9;1,3;1,2;0,2;1;2,6;0,7;3;3,5;1,1;5,4;1,2;0,5;;0,6;1,3;1,2;1,1;1,5;1,1;1,5;1,5;0,7;0,7;2,5;1;2;1,5;10,1;;0;0,9;0,2;2,5;0,9;3,1;1,8;2;2,9;7,8;0,5;4,9;7,8;3,5;;0,7;12,9;1,3;3;2;0,2;2,2;1,2;0,8;2,2;2
2024-08-26 00:00:00.0;;;0;1;0,3;0;0,2;0;0;0,1;0;0;0;1,6;0,9;1,1;0;0;0,2;1,2;0;0;0;0,9;0;0;1,4;;0;0,1;3,4;0;0,3;0;0,3;0;0;0,1;0;0;0,2;0,5;0,4;;1,1;0;0,4;0,8;0;4,1;0;2,6;0;3,6;0;0;0;3,7;;0;0,9;0,3;0;0;0;0;0;0,1;0,2;1,6
2024-08-27 00:00:00.0;;;0;0;0;0;0;0;0;0;0;0;0;0;0;0;0;0;0;0;0;0;0;0;0;0;0;;0;0;0;0,1;0;0,1;0;0;0;0;0;0;0;0;0;;0;0;0;0;0;0;0;0;0;0,1;0;0;0,2;0,3;;0;2,4;0;0;0;0;0;0;0;0;0
2024-08-28 00:00:00.0;;;0,1;0,9;1,5;0,3;1;1,5;0,6;0;0,2;0;0;0,3;0,3;0;0,2;0,2;0,3;0,1;0,8;0,2;0;0,2;0;0;0,1;;0;0,1;0,1;0,4;0,3;0,4;0,3;0;0;0;0;0,3;0,3;0,1;0;;2;0;1;0,4;0,2;0,4;0;0,3;0;1,2;0,2;0;1;0,5;;0,1;3,3;0;0,7;0,2;0;0,1;0,1;0,1;0,3;0,2
2024-08-29 00:00:00.0;;;0;0;0;0;0;0;0;0;0;0;0;0,8;0,5;0,2;0;0;0;0,3;0;0;0;0,1;0;0;0;;0;0;0,4;0;0,1;0;0,1;0;0;0;0;0;0,2;0;0;;0;0;0;0,5;0;0,3;0;0,7;0;3,6;0;0;0,3;0,8;;0;2,1;0;0,2;0;0;0;0;0;0,2;0,3
2024-08-30 00:00:00.0;;;0;0;0;0;0;0;0;0;0;0;0;0;0;0;0;0;0;0;0;0;0;0;0;0;0;;0;0;0;0;0;0;0;0;0;0;0;0;0;0;0;;0;0;0;0;0;0;0;0;0;0;0;0;0;0;;0;0;0;0;0;0;0;0;0;0;0
2024-08-31 00:00:00.0;;;0;0;0;0;0;0;0;0;0;0;0;0;0;0;0;0;0;0;0;0;0;0;0;0;0;;0;0;0,1;0;0;0;0;0;0;0;0;0;0;0;0;;0;0;0;0;0;0;0;0;0;0;0;0;0,3;0;;0;8,3;0;0;0;0;0;0;0;0,1;0
2024-09-01 00:00:00.0;;;0;0;0;0;0;0;0;0;0;0;0;0,1;0;0;0;0;0;0;0;0;0;0;0;0;0;;0;0;0;0;0,1;0;0,1;0;0;0;0;0;0;0;0;;0;0;0;0;0;0;0;0;0;0,6;0;0;0,3;0;;0;3,6;0;0;0;0;0;0;0;0;0
2024-09-02 00:00:00.0;;;0;0;0;0;0;0;0;0;0;0;0;0;0;0;0;0;0;0;0;0;0;0;0;0;0;;0;0;0;0;0;0;0;0;0;0;0;0;0;0;0;;0;0;0;0;0;0;0;0;0;0,1;0;0;0;0;;0;0;0;0;0;0;0;0;0;0;0
2024-09-03 00:00:00.0;;;0;0;0;0;0;0;0;0;0;0;0;0;0;0;0;0;0;0;0;0;0;0;0;0;0;;0;0;0;0;0;0;0;0;0;0;0;0;0;0;0;;0;0;0;0;0;0;0;0;0;0;0;0;0;0;;0;0;0;0;0;0;0;0;0;0;0
2024-09-04 00:00:00.0;;;0;0;0;0;0;0;0;0;0;0;0;0;0;0;0;0;0;0;0;0;0;0,1;0;0;0;;0;0;0;0;0;0;0;0;0;0;0;0;0,2;0;0;;0,1;0;0;0;0;0;0;0;0;1,2;0;0;2,2;0;;0;3,9;0;1,2;0;0;0;0;0;0;0
2024-09-05 00:00:00.0;;;0;0,1;0,1;0,1;0;0;0;0;0;0;0;1,5;0,7;0,1;0;0;0;0,6;0;0;0;0,3;0;0;0;;0;0;0,1;0;0,3;0;0,3;0;0;0;0;0;0,5;0;0;;0,2;0;0;0,5;0;0,3;0;0,5;0;6,8;0;0;6,9;1,6;;0;12,2;0;2,9;0;0;0;0;0;1,3;0,1
2024-09-06 00:00:00.0;;;0;0,4;0;0,1;0;0;0;0;0;0;0,1;0,5;0,1;0,8;0;0,4;0;0,4;0;0,2;0;0,3;0;0;0,5;;0,2;0;1,3;0;0;0;0;0,4;0;0;0;0;0,1;0;0,4;;0;0;0;0,3;0;0,9;0;0,9;0;2;0;0;0;1,1;;0;0;0;0;0;0,2;0;0;0,1;0,1;0,7
2024-09-07 00:00:00.0;;;0,1;0;0;0;0;0;0;0;0;0;0;1,2;0,6;0,2;0,2;0;0;0,8;0;0;0;0,6;0;0;0,2;;0;0;0,5;0;0,3;0;0,3;0;0;0;0;0;0,4;0;0;;0;0;0;0,9;0;0;0;1,7;0;2,6;0,3;0;0,3;0;;0;0,1;0;1;0,3;0;0;0;0,1;0,4;0
2024-09-08 00:00:00.0;;;0;0;0,1;0;0;0;0;0;0;0;0;0,1;0;0;0;0;0,1;0;0;0;0;0,1;0;0;0,1;;0;0;0,2;0,1;0,1;0,1;0,1;0;0;0;0;0,2;0;0,3;0;;0;0;0;0,2;0;0,2;0;0,1;0;0,2;0,1;0;0;0,3;;0;0,4;0;0;0;0;0;0;0;0,1;0
2024-09-09 00:00:00.0;;;0,3;0,8;0,3;0;0;0;0;0;0,1;0;0,1;0,3;0;0,1;0,1;0,4;0;0,2;0;0;0,1;0,1;0;0,2;0;;0,3;0,3;0,2;0;0,1;0;0,1;0;0,2;0,6;0,2;0;0;0,1;0,1;;0,7;0,1;0,3;0,1;0;0,8;0;1;0,1;1,2;0;0;0;2;;0;1,1;0,7;0;0,2;0,4;0;0,1;0,8;0;0,2
2024-09-10 00:00:00.0;;;0,8;2,1;2,8;1,8;2,3;2,2;1,7;0;0,5;0,6;0,2;5,8;3,3;3,3;0,6;1,3;3,3;5,7;2,6;0,7;0,3;4,3;0,4;0,5;2,8;;1,5;0,9;5,6;2,5;3,9;2,5;3,9;1,4;0,8;1,4;0,4;2,6;1,8;3,7;0,4;;3,5;1,5;2,4;1,5;1;2;0,3;8,3;0,3;6,2;1,9;1,2;0,2;2,5;;0,9;0,4;1,5;2,5;1;0,9;0,1;0,6;1,3;2,3;1,8
2024-09-11 00:00:00.0;;;0;0,2;0;0;0;0;0,1;0;0;0;0,2;0;0;0,1;0;0,5;0;0;0;0,1;0;0;0,1;0,1;0,2;;0,1;0;0,5;0,3;0;0,3;0;0;0;0;0,2;0,3;0;1,1;0;;0,5;0,2;0,1;0;0;0;0;0;0;0,2;0;0;0;0,4;;0;2,2;0;0;0;0,1;0;0;0;0;0
2024-09-12 00:00:00.0;;;6,8;0,4;0,5;0,3;0,3;0,1;0,4;5,4;6,2;1,4;0,8;13,7;11;7,1;6,2;0,2;0,3;9,3;0;2,7;1,3;11;1,6;0,1;7,3;;0;0,5;11,6;0,1;10,4;0,1;10,4;0,2;2,6;0,4;0,5;0,1;9,3;0,5;0,5;;0,3;0;0,3;9,4;8,1;2,5;2,3;12;2,7;10,5;8,9;0,3;7,5;5,7;;5,3;11;0,5;8,3;7,1;0;0,1;5,5;0,4;9,7;5,1
2024-09-13 00:00:00.0;;;0;0;0;0;0;0;0;0;0;0;0;0,1;0,1;0,2;0;0;0;0;0;0;0;0,1;0;0;0;;0;0;0,2;0;0,1;0;0,1;0;0;0;0;0;0;0;0;;0;0,1;0;0;0;0;0;0,1;0;0,2;0;0,1;0;0,3;;0;0,2;0;0,1;0;0;0;0;0;0;0,1
2024-09-14 00:00:00.0;;;0;0;0;0;0;0;0;0;0;0;0;0;0;0;0;0;0;0;0;0;0;0;0;0;0;;0;0;0;0;0;0;0;0;0;0;0;0;0;0;0;;0;0;0;0;0;0;0;0;0;0,1;0;0;0;0;;0;0;0;0;0;0;0;0;0;0;0
2024-09-15 00:00:00.0;;;0;0;0;0;0;0;0;0;0;0;0;0;0;0;0;0;0;0;0;0;0;0;0;0;0;;0;0;0;0;0;0;0;0;0;0;0;0;0;0;0;;0;0;0;0;0;0;0;0;0;0;0;0;0;0,1;;0;0;0;0;0;0;0;0;0;0;0
2024-09-16 00:00:00.0;;;0;0;0;0;0;0;0,1;0;0;0;0;2,1;0,9;0,7;0;0;0;0,2;0;0;0;0,3;0;0;0,3;;0;0;0,8;0;0,2;0;0,2;0,1;0;0;0;0;0,1;0;0;;0;0;0;0;0;0,6;0;1,1;0;6,2;0,1;0;6,8;1,7;;0;14,5;0;3;0;0;0;0;0;1,2;0,8
2024-09-17 00:00:00.0;;;0,5;1,5;0,3;0;0;0;0;1,7;0,1;0,1;0;3,9;2;4;0,1;0,3;0;2,4;0;0,7;0;3,3;0;0,1;3,3;;0,1;1;5,5;0;1,8;0;1,8;0;0;1;0,3;0;0,7;0;0;;1,8;0;0,3;0,6;0,7;3,2;0;4,3;0;3,4;1,6;0;1,3;5,1;;0,8;1;1,4;1,8;0,1;0;0,1;0,1;1,1;1;3,7
2024-09-18 00:00:00.0;;;0;0;0;0;0;0;0;0;0;0;0;0;0;0,3;0;0;0;0;0;0;0;0;0;0;0;;0;0;0;0;0;0;0;0;0;0;0;0;0;0;0;;0;0;0;0;0;0;0;0;0;0;0;0;0;0,6;;0;0;0;0;0;0;0;0;0;0;0
2024-09-19 00:00:00.0;;;0,2;0,7;0;0;0;0;0;0,5;0,1;0;0;2,9;1,8;0,5;0,5;0;0;2,3;0;0,2;0;1,4;0,1;0;0,5;;0;0;1,5;0;1,6;0;1,6;0;0;0,1;0;0;0,6;0;0;;0,3;0;0;1;0,5;0,5;0;2,5;0;3,7;0,6;0;1,2;0,3;;0,2;0,1;0;2,6;0,8;0;0,1;0;0;0,6;0,3
2024-09-20 00:00:00.0;;;0;0;1,9;0;0;1;0,1;0;0;0;0;0,4;0,1;0;0;0;0,8;0,1;0;0;0;0;0;0;0;;0;0;0;0,2;0;0,2;0;0,2;0;0;0;0,6;0,4;1,5;0;;0,3;0;1,5;0;0;0;0;0,1;0;0,9;0;0,1;0;0,2;;0;0;0;0;0;0;0;0;0;0,5;0
2024-09-21 00:00:00.0;;;0;0;0;0;0;0;0;0;0;0;0;0;0;0,4;0;0;0;0;0;0;0;0;0;0;0,1;;0;0;0,1;0;0;0;0;0;0;0;0;0;0;0;0;;0;0;0;0;0;0;0;0;0;0,2;0;0;0;0,1;;0;2,2;0;0;0;0;0;0;0;0;0
2024-09-22 00:00:00.0;;;6,6;6,4;2,9;1,6;2;2,4;1,9;7,1;5,6;2,8;3,7;11,9;10,8;9,7;6,9;4,5;1,6;8,7;2,9;5,8;4,7;8,5;4,9;2,9;6,8;;2,3;4,8;10,3;1,4;7,6;1,4;7,6;2,6;5,6;6,5;4,4;1,6;7,2;1,8;2,6;;9,1;4;3,4;10,2;5,9;10,9;4,3;8;5,2;11;7,4;2,8;11,5;10,1;;5,9;17;6,6;10,5;7,1;2,8;0,1;6,4;6,9;10,2;8,4
2024-09-23 00:00:00.0;;;1,4;1,4;2,2;0,9;1,4;1,7;0,9;1,3;1;1,3;1,6;2;1,4;2,1;1,1;1,7;2,2;2,4;1,6;1,5;1,2;2,1;1;1,6;1,8;;1,3;1,3;2,5;1,4;1,7;1,4;1,7;0,9;0,9;1,6;1,3;1,8;0,9;2,4;1,7;;2;1,6;1,9;1;1,1;2,2;1,3;2,8;1,4;3,6;1,6;1,2;2,4;2,1;;1,2;3,2;1,8;1,3;1,1;1,6;0;1;1,5;1,2;1,6
2024-09-24 00:00:00.0;;;0;0;0;0;0;0;0;0;0;0;0;0;0;0;0;0;0;0;0;0;0;0;0;0;0;;0;0;0;0;0;0;0;0;0;0;0;0;0;0;0;;0;0;0;0;0;0;0;0;0;0;0;0;0;0;;0;0;0;0;0;0;0;0;0;0;0
2024-09-25 00:00:00.0;;;0;0;0,1;0;0;0;0;0;0;0;0;0;0;0,8;0;0,1;0,4;0;0;1,2;0,1;0;0,1;0,2;0,3;;0,2;0,4;0,1;0,1;0;0,1;0;0;0;0;0,8;0,3;0;0,6;0;;0;0,4;0;0;0;1,3;0;0;0;0,1;0;4,5;0,1;3,2;;0;0,7;0,3;0;0,4;0,8;0,2;0;0,1;0;1,6
2024-09-26 00:00:00.0;;;5,2;1,3;10,1;19;8,8;14,1;8,5;9,4;1,6;7;14,4;0,8;1,6;4,7;2,7;5,2;25,3;0,2;4,6;9,5;6,8;0,6;9,5;17,9;2,1;;5,6;13,9;0,2;15,6;0,2;15,6;0,2;10,7;11;4,3;6,7;25,2;2,3;19,6;7,2;;1,5;14,5;1,7;6,1;2,7;12;8,8;0,6;8,7;2,7;1,1;1,4;5,9;0,8;;12,7;1,7;8,3;3,6;1,7;6,8;2,8;2,7;6,1;2,6;15
2024-09-27 00:00:00.0;;;1,4;13;7,8;0,7;0,2;8,7;0,5;0,4;2;5,8;17,4;0,7;1,9;1,2;7,7;0;5,2;1,4;0,1;0,3;0,7;18;2,9;0,3;5;;0;0,6;15,6;0,2;1,6;0,2;1,6;0,2;21,9;0,8;0,9;0,1;4,4;0,1;0,3;;8;0,1;12,4;3,7;4,1;0,4;6;6,2;17;0,7;5,4;1,1;8;13,2;;1,1;1,9;1,5;0,6;7,7;0;1,4;3,1;1,1;1,3;0,1
2024-09-28 00:00:00.0;;;20,8;14,8;42,4;6;6,5;49,3;5,3;10,7;30,3;9,4;8,1;16;12,5;13,4;25,3;24,9;36,1;13,1;39,2;21,5;8,5;8,8;8;9,9;9;;28,6;16,3;12,5;17,3;15;17,3;15;5,3;13,7;33,8;11,1;25,9;10,6;33,9;5,8;;31,1;24,7;64,7;52,9;8;23,4;9,3;14,4;23,2;16,7;7,3;7,6;10,1;3,3;;9,2;12,4;15;10,3;23,6;38,3;19,1;30,5;5,1;10,7;17,4
2024-09-29 00:00:00.0;;;12;12,3;10,6;7;10,2;10,3;9,1;11;10,7;8,7;9;11,1;9,9;15,8;10;10,8;8,8;10,7;9,7;11,1;10,8;9,8;12,2;9,3;12,8;;10,2;14,4;14,6;8,3;9,7;8,3;9,7;10,8;11,9;14,3;10,7;7,1;9,6;9,5;10,5;;18,6;11,2;11,5;12,7;8,2;15,3;9,6;12,1;13,3;12,7;9,5;7,3;10,5;9,1;;9,2;8,2;14,7;8,8;11,8;11,3;12,2;12,3;2,2;9,5;13,7
2024-09-30 00:00:00.0;;;7,2;21,1;6;2,1;2,3;7,4;2,3;15,5;21,1;33,8;5,7;14,2;11,9;5;9,7;9,6;1,2;20,6;4,3;9,4;15,1;0,1;6,7;14,1;9,8;;6;18,5;6,7;3,5;29;3,5;29;8,2;18,6;10,8;14,4;2,6;14,7;5,3;13;;23,5;6;24,2;9,6;2;7,2;10,8;1,4;14,6;2,1;3,1;7,9;14,6;6,1;;11,5;5,7;17,3;3,3;15,2;6,5;7,5;20,1;0,4;2;22,8
2024-10-01 00:00:00.0;;;0;0,2;0;0,9;0;0,1;0;0;0;1,2;6;0;0;0,1;0;0,1;0;0;0;0;11,4;0;4;1,8;0;;0;1,6;0;0,2;0;0,2;0;0;0;0;1,9;0;0;0,2;3;;0,3;0,2;0,2;0;0;0,1;5,6;0;8;0,1;0;4;0;0;;0,1;0,1;1,3;0;0;0;0;0;0,2;0;0,2
2024-10-02 00:00:00.0;;;0,7;0,7;0,8;18,1;18,3;1,2;32,5;0,5;2;1,8;10;0,1;0,1;1,5;1,4;1,8;0,4;0,2;17,4;1,9;0,8;0,9;0,4;3;0,4;;0,3;0,6;0,4;6,2;1;6,2;1;20,1;0,2;2,8;2,2;0,8;4,5;0,7;15,1;;1,1;5,8;0,7;2,7;2,7;3,3;0,5;0,8;0,2;0,4;1,3;5,6;2,6;8,2;;0,2;0,1;0,9;13,6;1,2;0,5;0,6;1,1;0,3;1,7;11,1
2024-10-03 00:00:00.0;;;0;0;0;1,6;0,1;0;0;0,2;0;0;0,1;0;0;0;0;0;0;0;12,1;0,5;0;0;0;0;0;;1,5;0;0;1,9;0;1,9;0;0,1;0;0;0;0;0;0;0,2;;0,1;0;0;0;0;0;0;0;0;0;0;0,1;0;0;;0;0;0;0;0;1,8;0;0;0,2;0;0,1
2024-10-04 00:00:00.0;;;15,8;0;0;0,8;18,5;0;5;18,8;1,4;6,5;2,6;0,1;0;0,7;2;6,2;0;0,3;18,1;19,4;5;0;6,4;8,6;5,2;;6,7;4,2;0;0;0;0;0;5;12,6;3;33;0;0,5;0;1,8;;0;4,3;0;1,7;4,2;0,4;4,2;0,5;8,3;0,6;3;4,6;25,4;0;;19,7;0;6,2;0,9;1,2;5,7;5;2,9;0,1;0,2;3,4
2024-10-05 00:00:00.0;;;35,2;26,9;26,7;0,9;0,4;22,4;0,2;17;22;0;0;17,3;11;14,3;19,6;12,5;10,8;14,9;10,1;15,5;2,4;21,5;0,8;0,7;17,2;;11,4;34;23,2;40,4;14,5;40,4;14,5;0,2;2,2;39,9;10,3;15,2;30,7;10,8;0,4;;25,3;0,4;26,1;55,3;26,6;25,5;0,1;22,4;0,7;5;22,2;0,5;6,8;2,6;;20,9;3,9;39,3;8,8;11,3;7,3;9,4;5,7;0,2;18;12,6
2024-10-06 00:00:00.0;;;3,4;0,8;4,2;3,1;2,3;3,9;2,2;1,1;1,1;3;6,7;7,2;8,4;3;1,3;4,2;5,3;3,7;5,9;3,3;4;2;2,8;1,5;1,6;;1,5;12,3;3,6;2,1;3,8;2,1;3,8;4,9;4,1;8,2;5,9;2,8;2,5;4,1;14,4;;2,8;2,1;1,9;2,8;1,3;12,8;3,9;2,1;5;12,1;2,4;2,5;6,9;2,8;;3,2;6,8;13,5;4,5;0,6;1,6;2,7;2,2;0,2;10,6;7,8
2024-10-07 00:00:00.0;;;0;0,4;0;0;0;0;0;0;0;0;0;7,8;20,6;0;0;0;0;14,9;0;0;0;0,4;0;0;0;;0;0;0,1;0;12,5;0;12,5;0;496,2;0;0;0;1,3;0;0;;0,2;0;0;0;0;2,9;0;10,3;0;1,2;0;0;3,7;0,9;;0;4,9;0;0;0;0;0;0;0,1;6,9;0
2024-10-08 00:00:00.0;;;0,8;0,1;0,4;4,6;9,5;0;4,1;3,7;0,8;0,1;0,1;1,6;1,2;9,6;1,9;1,3;0,9;2,1;2;4;0,8;2,7;0,4;0;5,1;;2,6;0,3;6,4;1,6;1,4;1,6;1,4;3;18,8;0,3;1,9;1,6;0,9;2,3;0,1;;0,1;0,7;0,3;1,4;1,2;0,3;0;3;0,1;2,8;2,1;0,8;3,1;0,6;;3,6;5,5;0,4;2,4;1,2;1,5;0;0,7;0,2;1;17,4
2024-10-09 00:00:00.0;;;20,7;12,6;7,5;5,2;5,4;7,8;4,1;17;25,2;10,3;7;28,2;23,6;19,5;18,4;14,9;6,2;22,2;7,9;17,1;9;20,6;10,3;18,3;18,2;;8,5;16,3;23,3;6,1;23,1;6,1;23,1;4,7;23,2;16,2;10,4;5,4;25,3;6,7;8,5;;13,9;22,4;10,4;23,6;18,2;17,6;0,3;22,5;11,1;23,2;21,5;10,4;19,4;21,7;;16,9;7,2;19;24,3;20,6;13;24,3;23,4;0,1;25,2;19,3
2024-10-10 00:00:00.0;;;0,4;1,4;0,7;0;0;0,4;0;0,2;0,4;0,1;0,3;2,6;1,1;0,7;0,8;0,1;0;3,6;0,1;0,3;0,2;2,5;0,2;0,1;0,6;;0;0,7;1,8;0;3,1;0;3,1;0,2;1;0,9;0,4;0,1;1,1;0,2;0,2;;2,1;0;0,3;2,5;0,7;1,3;0;3,8;0,4;6,9;0,9;0,1;1;1,4;;0,3;6,3;0,9;4,2;1,5;0;0,5;0,4;0,1;1,5;0,7
2024-10-11 00:00:00.0;;;0;0;0;0,1;0;0;0;0;0;0;0;0;0;0;0;0;0;0;0;0;0;0;0;0;0;;0;0;0;0;0;0;0;0;0;0;0;0;0;0;0,1;;0;0;0;0;0;0;0;0;0;0;0;0,1;0;0;;0;0;0;0;0;0;0;0;0,1;0;0
2024-10-12 00:00:00.0;;;3,8;4,3;4,3;4,6;3,8;4,1;5,3;4,4;2,6;1,1;1,6;11,5;6,2;7,4;2,8;3,6;3,1;10,5;2,8;3,9;2,2;6,8;4,2;2,3;6,5;;2,6;5,2;9;1,8;7,9;1,8;7,9;3;5,1;3,7;2,7;2,1;3,9;3,5;1,1;;5,5;1,4;4,1;4;3,3;6,4;3,1;10,7;4,6;14;5,4;0,8;8,2;4,6;;3,7;19,8;5,4;7,3;3,2;2;3,5;5,3;0,1;6,6;5,8
2024-10-13 00:00:00.0;;;0;0,1;0,2;0,2;0,4;0,1;0,3;0;0;0,1;0,1;0,1;0,1;0,1;0;0;0,2;0;0,1;0;0,1;0,1;0;0;0;;0;0;0,1;0,1;0,1;0,1;0,1;0,2;0;0,1;0;0,1;0,1;0,2;0,1;;0;0;0;0;0,1;0;0,1;0,2;0,1;0,7;0,1;0,3;0,8;0;;0;0,8;0;0,3;0,1;0;0;0;0;0,1;0,1
2024-10-14 00:00:00.0;;;0;0;0;0;0;0;0;0;0;0;0;0,1;0;0;0;0;0;0;0;0;0;0;0;0;0;;0;0;0,2;0;0;0;0;0;0;0;0;0;0;0;0;;0;0;0;0,1;0;0,5;0;0,2;0;1,8;0;0;1,8;0,8;;0;0,7;0,1;0;0;0;0;0;0;0;0,1
2024-10-15 00:00:00.0;;;0;0;0;0;0;0;0;0;0;0;0;0,1;0;0;0;0;0;0;0;0;0;0;0;0;0,1;;0;0;0,1;0;0;0;0;0;0;0;0;0;0;0;0;;0,3;0;0;0;0;0,2;0;0;0;0,8;0;0;0,3;0,4;;0;0,1;0;0;0;0;0;0;0,1;0;0,1
2024-10-16 00:00:00.0;;;0;0;0;4,9;0,6;0;4,5;0;0;0;0;0;0;0;0;3,5;0;0;2;0;0;0;0;0;0;;10,3;0;0;0;0;0;0;12,3;0;0;0;0,1;0;0,1;0;;0;20,9;0;0;0;0;0;0;0;0;0;0;0;0;;0;0,1;0;0;0;11,8;0;0;0;0;0
2024-10-17 00:00:00.0;;;0;0;0;0;0;0;0;0;0;0;0;0;0;0;0;0;0;0;0;0;0;0;0;0;0;;0;0;0;0;0;0;0;0;0;0;0;0;0;0;0;;0;0;0;0;0;0;0;0;0;0;0;0;0;0;;0;0;0;0;0;0;0;0;0;0;0
2024-10-18 00:00:00.0;;;0;0;0;6,6;0;0;4,7;0;0;17;0;0;0;0;0;0;0;0;0;0;1,5;0;2;2,6;0;;0;0;0;0;0;0;0;0;0;0;0,4;0;0;0;0;;0;0;0;0;0;0;0;0;0;0,1;0;8;0;0;;0;0;0;0;0;0;0;0;0;0;0
2024-10-19 00:00:00.0;;;2,2;0;1,7;3,7;14,3;1,5;7,7;0,1;0,1;0,6;3,1;0;0;0;0;32,7;2,6;0;5;0,4;0,9;0;0,8;1,8;0;;6,5;1;0;18,2;0;18,2;0;7,3;0,6;0;1,2;1,9;0;1,7;11;;0;2,5;0;0;0,1;0;1,9;0;0,7;0;0;18,9;0;0;;0,4;0,1;0;0;0,2;9,4;0,5;0,3;0;0;0,2
2024-10-20 00:00:00.0;;;0,4;15,2;0,5;0,1;0,1;0,1;0;0,3;0,7;0,1;0,1;0,1;0,1;27,9;0,9;0;0;0;0,5;0,1;0;0;0;0;7,3;;0;1,5;4,4;0;0;0;0;0;2,3;13,1;0;0;0,2;0;0,1;;32,4;0;4,9;3,3;0,2;7,1;0,1;0;0;17,2;0,1;0,1;0,2;18,3;;0;3,5;9,2;7,2;2,4;0;0,6;2,3;0;2,1;18,7
2024-10-21 00:00:00.0;;;42;17,8;7,8;8,5;39,4;7,7;11,5;39;27,3;5;14,6;17,3;13,9;57,9;47,2;25,4;11,2;26,4;14,2;23,4;10,6;45,4;19,2;9,1;69;;15;57;64,5;21,6;23,5;21,6;23,5;11,1;30,8;40,8;28;14,6;35,5;22,4;8,2;;20,5;3;9,1;35,8;38,6;48,6;0,1;41;16,5;21,5;43,6;4,3;16,2;21,4;;38,5;9,3;47,3;17,4;44,1;18,7;28,7;30,4;0,1;18,9;42,1
2024-10-22 00:00:00.0;;;27,6;51,1;50,8;29,2;29,4;64,5;25,9;31;23,9;37,6;24,4;12,1;9,2;36;24,8;68,9;43,8;12,7;67,1;40,2;34,5;15,4;44,5;42,6;26,9;;59,1;34,5;28,2;31,5;11,2;31,5;11,2;28,2;27,6;58,8;25,8;38,2;14,1;38,7;22,3;;34,3;56,2;56;32,1;24,7;23,2;0;12,6;24,5;18,1;33,3;35,1;2,3;13,1;;26,6;0,3;47,9;26;28,8;59,6;30,9;29,1;0;18;33,9
2024-10-23 00:00:00.0;;;5,3;0,9;1,4;1,2;0,7;1,6;1,1;2,6;2,8;1,8;2,7;0;0;1,5;1,3;0,4;1,5;0;1,2;1,5;1,7;0,6;2;1,8;1,8;;0,5;0,5;2,7;1,1;0,1;1,1;0,1;3,7;3,2;0,5;1,4;0,2;0,1;0,3;3,1;;1,3;1,3;0,5;0,5;0,8;0,7;0;0,2;7,3;0,1;1,7;3,5;0;2,4;;3,5;0;1,3;0,5;2,1;0,4;4,7;3,9;0,3;0;0,7
2024-10-24 00:00:00.0;;;0;0;0;0;0;0;0;0;0;0,1;0,1;0;0;0;0;0;0;0,1;0;0;0,1;0;0;0;0;;0;0;0;0;0,4;0;0,4;0;0;0;0;0;0;0;0,1;;0;0;0;0,1;0;0;0,2;0;0;1,9;0;0,1;0,1;0,1;;0;0;0;1,4;0;0;0;0;0;0,6;0
2024-10-25 00:00:00.0;;;0,1;0,1;1;1;1;0,4;0,8;0,6;0,3;0;0,9;3,8;2;1,1;0,6;0,2;1;4;0,1;0,3;2,4;0,8;0,9;0,1;0,6;;0;0,9;0,8;0,6;2,8;0,6;2,8;0,4;1,4;0,7;0,3;1;2,1;1;1,5;;0,1;0;0,1;3,2;0,5;0,6;1,8;2,1;1,9;8,2;0,5;0,1;2,6;0,6;;0,4;9,3;0,9;3,8;2;0;0;0,8;0,6;5,1;0,8
2024-10-26 00:00:00.0;;;1,1;0,3;0,1;0,1;0;0,1;0;1,2;1,2;0;0,7;3,5;1,9;1,5;0,9;0;0,3;1,6;0;0,6;2,1;1,4;0,9;0;1;;0;1,5;2,3;0;1,2;0;1,2;0;0,8;0,1;2,1;0;1,7;0,2;0,3;;0,2;0;0,5;2,1;0,6;2,9;0,3;2;2;4,7;1,7;0,1;0,5;2,9;;1,2;3;0,6;4,4;1,3;0;1;1,1;0,2;2,6;1,5
2024-10-27 00:00:00.0;;;1;8,5;3,7;2,6;3;4,2;1,5;1,7;1,3;4;2,1;9,7;6,9;4,7;2,8;2,8;5,4;8,1;1,8;1,1;1,5;4,9;0,9;2,5;2,6;;3,2;2,6;3,8;3,5;7,5;3,5;7,5;2,4;1,8;3,9;1,2;4,6;5,6;4,2;1,8;;12,1;3,9;3,5;5;3,2;6;2,6;11;1,9;12,7;2,2;1,4;7,5;9,4;;1,1;23;3;8,4;2,2;2,6;1,4;1;2,7;7,6;6,2
2024-10-28 00:00:00.0;;;0;0;0;0;0;0;0;0,1;0;0;0;0,1;0;0;0;0;0;0;0;0;0;0;0;0;0;;0;0;0;0;0;0;0;0;0;0;0;0;0;0,2;0;;0;0;0,1;0;0;0;0;0,1;0;1,5;0;0;0,3;0,2;;0;3,6;0;0,6;0;0;0;0;0;0,2;0
2024-10-29 00:00:00.0;;;0;0;0;0;0;0;0;0;0;0;0;0;0;0;0;0;0;0,1;0;0;0;0;0;0;0;;0;0;0;0;0;0;0;0;0;0;0;0;0;0;0;;0;0;0;0;0;0;0;0,2;0;2,5;0;0;0;0,2;;0;0,1;0;0,1;0;0;0;0;0;0;0,2
2024-10-30 00:00:00.0;;;0,6;0,8;1,1;2,3;3,9;1,2;5,5;0,7;0,4;0,8;0,9;0,5;0,4;0,8;0,4;1,1;1,2;0,4;3,7;0,5;0,9;0,5;0,7;0,6;0,5;;7,6;0,8;0,7;1,4;0,4;1,4;0,4;12,6;0,6;1;0,6;1,1;0,5;1,2;1;;0,9;3,5;1,2;0,4;0,4;1,1;0,8;0,5;1;0,4;0,6;1,6;0,4;1,1;;0,5;0,7;0,9;0,4;0,6;2,4;0,6;0,6;0,8;0,4;0,8
2024-10-31 00:00:00.0;;;9,3;12,5;13,2;13,2;20,8;14;15,2;8,7;10,7;9,6;11,4;5,4;5,2;10,3;13,3;14,7;12,6;6,8;14,7;9,7;11,4;7,1;13,8;8,4;8;;15,2;19;9,3;18,6;7,6;18,6;7,6;13,9;8,7;22,1;11,4;12,9;6,6;14,5;15,8;;13,8;18,9;13,5;26;6,6;22,1;13,2;8;12,6;6,1;9,2;17,9;7,8;12,5;;8,7;5,5;18,3;6,4;14,1;13,1;8,2;8,2;17,7;4,2;16,9
2024-11-01 00:00:00.0;;;0,5;1,7;1,5;0,6;1;1,7;0,7;1;0,2;0,4;0,3;1,5;0,9;1,1;0,2;0,7;1,8;1;3,2;0,9;0,3;1;0,2;0,4;0,9;;0,6;1,4;1,2;1,2;0,7;1,2;0,7;0,6;0,2;1,1;0,5;1,5;1,3;1,6;0,5;;2,4;0,7;2;0,4;0,4;2;0,3;1;0,3;1,8;0,7;0,4;0,7;1,2;;0,7;0;1,4;1,1;0,2;0,8;0,3;0,2;1,1;1,3;1,6
2024-11-02 00:00:00.0;;;0,6;3,1;71,7;5,2;5;50,4;3,4;2,5;0,7;1,7;2;5,3;6,3;2,9;0,3;1,5;50,2;10,5;2,3;4,4;35,6;3;15,1;1,2;1,9;;3,5;0,4;3,9;52,2;12,8;52,2;12,8;3,2;0,2;1,1;1,6;38;1,8;39,5;3,2;;15,6;4,5;35,9;0,6;0,2;0,5;1,9;4,1;11,6;0,9;1;4,5;7,1;19,8;;0,5;2,4;0,7;4,6;0,2;2,8;2,3;1;0,8;1,4;1,7
2024-11-03 00:00:00.0;;;3,1;4,3;3,1;4,1;6,7;3,2;4,8;2,3;3,1;2;3,7;0,2;0,2;4,7;2,3;2,9;7,8;0,6;1,5;5,7;6,2;2,1;1,3;2,3;4,1;;2,1;14,9;2,8;10,9;0,7;10,9;0,7;2,3;0,3;10;6,6;5,7;0,5;5,8;4,3;;7,1;3,5;7,1;0,3;2,8;3,1;2,8;5,7;2,3;0,2;3,2;2,8;0,1;0,2;;1;1,1;20,6;0;1,7;6,7;3,8;4,4;15,6;0,1;8,9
2024-11-04 00:00:00.0;;;10,1;47;42,6;3,8;32,1;12,8;27,4;12,1;3,9;3,7;7,9;7,6;9,3;26,1;4,3;27,4;31,2;10,4;12,9;12,7;5,1;7,4;4,9;6,2;19,7;;24,8;20,5;23;29,9;8,5;29,9;8,5;6,6;4,7;31,4;7;24,6;5,5;33,4;8,6;;32,4;4,2;39,1;4,9;4,3;28,1;5,6;13,3;4,5;5,4;5,4;3,7;7,3;11,5;;7,7;1,8;25,4;6,9;5,2;15,6;5,5;5,6;32,1;5,9;21,6
2024-11-05 00:00:00.0;;;0;2,4;16;4,6;16,7;5;11,9;0;0;12,8;0;0;0;0,1;0,9;19,6;15,9;0;10,9;0;0;0;0;6;0;;21,4;0,3;1,3;14,3;0;14,3;0;11,3;0;2,8;1,2;16,2;0,1;13,7;0;;8,5;18,3;22,7;5,1;0;1494,4;0;0;0;0,4;0;2,9;1,9;0,7;;0;0;0,7;0,1;2,3;27,9;0;0;3,2;0;0,2
2024-11-06 00:00:00.0;;;2,9;28,9;91,6;5,1;22,1;33,3;15,8;4,5;3,1;0,7;0,1;4,5;1,4;6,3;2,1;12,6;96,4;5,6;23,2;8,2;0,8;3,4;1,1;4,3;3,7;;29,2;6,8;5,1;55,8;2,1;55,8;2,1;31,1;2,6;11,5;1,8;68,3;3,2;53,1;0,3;;82,4;13,3;58,9;1,9;1,8;1903,9;0,5;5,4;0,9;3,5;2,3;14,1;4,1;23,8;;3,2;6,6;10,6;4,1;3,1;20,8;2,2;2,6;10,1;7,9;9,1
2024-11-07 00:00:00.0;;;0;0,2;0,1;7;0,1;6,8;3,1;0,2;0;0;0;0,3;0,1;0,3;0;0;0,2;0,2;0;0,2;0;0,8;0;0;0,4;;0;0,3;3,3;0,2;0,2;0,2;0,2;1,2;0;0;0;0,2;0,2;2,3;0;;0,2;0;0;0,9;0;0,3;0;0,2;0;1,5;0,1;0;9,8;0,6;;0,4;3;0,2;0,3;0;0;0;0;0,1;0,4;0,3
2024-11-08 00:00:00.0;;;2,5;1,3;1;1;1,1;0,6;1,2;3,9;1,5;2;2,8;2;1,8;3,7;1,4;0,6;1,3;2,5;0,6;4,4;3,6;2,8;3,2;1,1;4,5;;0,6;4,1;4,4;1,4;3;1,4;3;1;2;0,9;6,5;1,2;1,9;1,7;3,7;;1,1;0,6;1,3;2,1;1,6;11,3;2,6;4,2;3,1;1,4;2,6;1,8;12,7;17,7;;2,5;11,3;1,9;2,5;1,3;0,6;1,8;1,6;1;1,5;4,3
2024-11-09 00:00:00.0;;;24,5;23,9;50,6;1,2;12,7;49,6;5,9;17,6;12,2;3,9;1,2;26,9;24,5;24,8;14,3;13,7;27,1;18,3;24,5;16,5;4,8;16;7,2;12,4;19,3;;11,8;18,2;18,4;3;17,2;3;17,2;24,1;1,6;10,8;11,6;7,7;18,5;11,3;0,9;;24,1;28,8;32,2;26,3;21,9;25,5;0,9;20;1,4;16,2;18,4;2;21,4;32,6;;24,1;13,8;18,1;21,7;9,7;14,8;12,8;15,3;11,9;22,9;25,3
2024-11-10 00:00:00.0;;;16,2;14,9;10,6;17,9;6,9;9,8;15,8;26,5;10,6;15,1;13,6;35;21,4;35,5;10;20,8;8,3;28,8;11,4;32,4;20,3;28,3;22,9;10,2;29,8;;13,6;42,1;38;11,2;31,8;11,2;31,8;13,1;11,1;28,6;19;8,6;19;9,6;10,3;;11,5;15,5;11,7;19,2;13,8;26,4;13,8;33,9;14,2;16,9;24,6;16,2;16,5;8,3;;23,7;6,8;39,1;14,6;10;18,3;14,3;11,5;30,4;15,7;36,1
2024-11-11 00:00:00.0;;;6,5;10,3;4,2;12,7;3,7;3,4;17,5;15,2;0,9;19;12,5;0;0,4;6,4;4,7;19,5;2,7;0;5,2;12,9;11,1;0,8;13,7;8,1;8,2;;13,8;11,9;2,1;0,6;0,7;0,6;0,7;38,1;2,1;7,2;13,4;1,4;0,6;1,5;10,9;;4,6;15,7;0,6;0,3;2,1;1,1;18,5;0;6,5;0,1;0,7;5,5;0,3;0;;7,5;1,6;5,6;1,1;4;16,6;5,3;1,9;4,3;0;4,1
2024-11-12 00:00:00.0;;;8,7;19,2;18,4;5,1;23,9;15;13;28,8;8,3;7,6;3,2;15,2;9,9;36,5;1,6;32,6;8,8;5,6;8,6;10,4;4;16,9;7,8;13,8;31,4;;23,1;52;43,4;36,7;6;36,7;6;7,4;8,7;51,8;39,8;3,7;1,5;6,1;1,3;;18,3;9,9;45;0,7;4,4;22,6;1,5;5,9;7,4;8,5;22;11,9;9,4;11;;23,9;1,9;47,6;0,9;1,7;32,1;2,5;5,3;54,2;2,9;20,6
2024-11-13 00:00:00.0;;;0,1;0,2;0;0,1;0,2;0;0;0,3;0;0;0;0,3;0,1;0,8;0;0;0;0,3;0,1;0,2;0;0,2;0;0;0,5;;0;0,6;0,6;0;0,1;0;0,1;0;0;0,3;0;0;0,1;0,2;0;;0,5;0,1;0,1;0;0;2,7;0;0,5;0;0,3;0,2;0;0,2;6,6;;0,1;0;0,5;0,1;0;0;0;0;0,4;0,1;0,6
2024-11-14 00:00:00.0;;;20,3;41,7;23,4;13,8;14,2;21,8;11,5;21,7;14,1;21,8;11,5;18,1;16,1;30,1;15,7;26,3;24,3;20,1;19,5;20,9;21,7;21,8;18,6;27,4;23,3;;21,2;33,6;29,7;19;19;19;19;12;15,1;44,5;27,1;21,3;13,7;24,9;9,1;19,9;36,6;17,2;22,7;16;16,4;26,9;12,8;23,2;14,7;17,2;25,8;13,2;29,5;34,9;;19,2;20,6;41,5;15,7;16,2;18,9;15,3;18,8;44,9;15,3;21
2024-11-15 00:00:00.0;;;42,9;11,1;9,8;8,7;18;6,4;14,4;27,3;28,6;12,3;4,2;8,6;7,2;9,7;26;12,7;6,6;4,2;8,8;19,7;11;9;9,9;6,7;9,3;;7,2;6,9;7,7;5,5;4,6;5,5;4,6;8,2;14,7;5,1;17,2;4,5;13,8;8,4;2,5;9,3;6,8;10,9;8,4;8,9;25,3;8,1;5,4;7,9;7,4;11,5;23,5;0,9;0,5;9,6;;38,3;1,8;7,8;8,5;25;15,1;34,5;29,1;7,4;6,4;13
2024-11-16 00:00:00.0;;;6,7;0,8;0,7;8,3;8,1;0,5;9,2;10,4;17,3;6,9;8,6;3,9;4,6;9,6;13,5;7,5;0,7;3,2;6,4;9,1;8,1;2,3;9,2;6;13,5;;14,6;5,3;3,5;0,7;4,4;0,7;4,4;9,9;15,5;3,5;18,4;0,7;4,9;0,9;8,6;0,8;0,8;6,1;0,7;5,9;8,4;1,4;5,2;2,6;4,7;5,2;6;3,5;2,4;1,4;;8,6;4,7;8;7;13,1;12,4;6,9;12,8;5,3;4,5;7,2
2024-11-17 00:00:00.0;;;0;0,1;0;3,4;0;0;0,2;0;0;0,1;0,1;0;0;0,1;0;0;0;0;0;0;0,1;0;0,1;0,1;0;;0;0;0;0;0;0;0;0,1;0;0;0;0;0;0;0,1;0;0,1;0;0;0;0;0;0;0;0,1;0,5;0;2,5;0;0,1;;0,1;0,7;0;1,7;0;0,1;0,1;0;0;0;0,1
2024-11-18 00:00:00.0;;;0;7,4;10,5;7,6;12,1;8,6;14,3;1,1;0,8;2,6;4,4;1,6;0,4;2,3;0,4;3,1;6,7;4;10,2;0,2;3,6;3,5;4,9;3,8;1,6;;15,3;3,9;2,2;9,7;2,8;9,7;2,8;4,9;0;4,5;7,5;6,9;0,6;6,2;2,6;15;0,8;9,5;11,1;1;0,5;1,5;6,5;7,1;5,9;13,2;1,1;3,6;0;2;;0,2;0,2;2,7;0,5;1,1;6,7;0,2;0,1;3,8;2,1;3,4
2024-11-19 00:00:00.0;;;23,1;1,3;2,1;22,8;34,1;2,5;10,3;11,7;7,9;9,6;12;4,8;4,5;25,1;6,7;17,7;2,4;2,2;31,8;10,3;13,1;6,2;18,7;8;20,1;;10,3;13,1;24,2;43,1;1,9;43,1;1,9;9,9;9;2,8;19,6;4,8;4,5;5,3;10,2;33;1;7,9;2,8;5,9;9,5;5,9;11,8;2,4;11,1;2;9;16,1;0,9;0,6;;12,6;0;4,4;1,6;9,2;15,1;13,5;13,3;4;6,9;17,1
2024-11-20 00:00:00.0;;;12,2;62,1;27,2;18,5;32,8;21,3;31,5;35,1;7,2;0,5;0,9;3;0,4;39,3;7,2;28,8;14,1;3;10,9;11;0,6;16,9;1,1;0,4;44,7;;9,2;55,1;27;11,2;1,7;11,2;1,7;7;1,4;33,9;3,6;13,9;11,8;22,6;0,4;8,1;54;1,1;63,7;14,4;8,9;22,7;2;9,9;2,1;5;27,5;2;3,6;2,9;;25,2;10;36,5;1,2;8,6;19,1;4,1;1,4;32,1;0,9;28,2
2024-11-21 00:00:00.0;;;6,5;6,2;11,9;1,1;4,9;9,2;3,4;29,1;1,7;2,9;1,3;10,9;6,1;14,9;2,8;4,6;6;16,5;6,3;9,8;4,1;37,1;5,2;3,4;20,9;;2,6;10,1;32,5;11;8,8;11;8,8;4,1;5,2;14,9;4;6,5;0;5,9;2,4;3,5;5,1;6,5;5,5;0,4;3,4;14,7;4,7;19,3;5,2;7,3;23,1;1,6;2,5;19,1;;23,5;0;6,9;0,6;13,6;3,2;5,6;14,1;11,1;0,9;11,8
2024-11-22 00:00:00.0;;;5,8;44;10,1;5,6;8,7;15,6;4,7;17;11,5;1,9;19,4;12,4;7,5;21,3;19,1;13,6;16,1;9,4;5,7;8;8,5;7,9;22,8;1,4;16,8;;4,5;19,5;25,5;19,3;9;19,3;9;6,4;44,7;17,4;5,4;20,3;13,7;19,4;3,8;8,4;51,2;3,3;30,9;12,9;11,4;16,9;32,9;10,7;23,4;20,1;15,3;4,1;15,9;11,8;;13,4;0,5;24,3;14,4;23,9;4,4;4,2;16;15,8;11,9;22,6
2024-11-23 00:00:00.0;;;5,5;0,6;0,1;6,4;1,6;0,3;7,6;0,2;7;14,2;7,1;0,2;0;0,2;4,9;0,3;0,3;0,1;2;0,2;9,5;0,1;11,4;15;0;;5,5;0,2;0,1;0,7;0;0,7;0;17;7,2;0;16;0,3;0;0,5;5,5;0,7;0,4;28,8;0,3;4,2;0,1;0,5;8,4;0,1;9,5;2,7;0;20,9;3;0,6;;0,6;5,4;0,2;2,9;8,2;0;2,4;3,3;0;0;0,2
2024-11-24 00:00:00.0;;;0;0;0;0;0;0;0;0;0;0;0;0;0;0;0;0;0;0;0;0;0;0;0;0;0;;0;0;0;0;0;0;0;0;0;0;0;0;0;0;0;0;0,1;0;0;0;0;0;0;0;0;0,3;0;0;0,9;0,1;;0;0;0;0;0;0;0;0;0;0;0,1
2024-11-25 00:00:00.0;;;0;0;0;0;0;0;0;0;0;0;0;0;0;0;0;0;0;0;0;0;0;0;0;0;0;;0;0;0;0;0;0;0;0;0;0;0;0;0;0;0;0;0;0;0;0;0;0;0;0;0;0;0;0;0;0,3;;0;0,1;0;0;0;0;0;0;0;0;0,1
2024-11-26 00:00:00.0;;;0;0;0;0,2;0;0;0;0;0;0;8,6;0;0;0,4;0;0;0;0,9;0;0,1;0;0;0,1;0;0;;0,2;0;0;0;0,5;0;0,5;0;0;0;0,2;0;0;0;3,7;0;0;0;0;0;0;0,4;1,2;0;0;0;0;0,1;1,6;0,3;;0;0;0;0;0;0;0;0;0;0;0,8
2024-11-27 00:00:00.0;;;0;0;0;26;2,3;0,2;16,1;0;0;0,9;2,5;0;0;0;0;0;0;0;0;0;7;0;1,5;2,9;0;;0;0,1;0;0;0;0;0;9,8;0;0;1,6;0;0;0;0,5;0,3;0;1,2;0;0;0;1,9;2;0;0,3;0,1;0;2,3;0;2,3;;0;0;0,1;0;0;0;0;0;0;0;0,1
2024-11-28 00:00:00.0;;;0;0,2;0;0,1;0,1;0;0;0,1;0;0;0,2;0,1;0;0;0;0;0;0,6;0;0;0,1;0;0,1;0,1;0,1;;0;0;0;0;0,1;0;0,1;0;0;0;0;0;0;0;0,2;0,1;0,1;0;0,3;0;0;0,1;0;0,1;0;2,3;0;0;0,6;0,1;;0;0;0;0,6;0;0;0;0;0;0;0
2024-11-29 00:00:00.0;;;0;0,3;0;0;0;0;0;0;0;0;0;0;0;0;0;0;0,1;0;0;0;0;0;0;0;0;;0;0;0;0,1;0;0,1;0;0;0;0;0;0,1;0;0,6;0;0,3;0,6;0;0;0;0;0;0;0;0;0,1;0;0;0,1;0,5;;0;0,9;0,1;0,1;0;0;0;0;0;0,2;0
2024-11-30 00:00:00.0;;;0;0;0;0;0;0;0;0;0;0;0;0;0;0;0;0;0;0;0;0;0;0;0;0;0;;0;0;0;0;0;0;0;0;0;0;0;0;0;0;0;0;0;0;0;0;0;0;0;0;0;0,6;0;0;0;0;;0;0,1;0;0;0;0;0;0;0;0;0,1
2024-12-01 00:00:00.0;;;0;0;0;0;0;0;0;0;0;0;0;0;0;0;0;0;0;0;0;0;0;0;0;0;0;;0;0;0,1;0;0;0;0;0;0;0;0;0;0;0;0;0;0;0;0;0;0;0;0;0,1;0;0,1;0;0;0;0,1;;0;0,2;0;0;0;0;0;0;0;0;0
2024-12-02 00:00:00.0;;;0;0;0;2,8;14,9;0;10,5;0,3;0,2;7,3;0;0;0;0;0,2;0;0;0;0,2;0,9;0;0,2;0,1;3,5;0;;0,2;0;0,1;0;0,2;0;0,2;2,8;1,1;0;0;0;0;0;0;0;0;0;0;0;0;0;0;0;0;0,2;0,6;2,5;0;0;;0,3;0,3;0;0;0;0;0;0;0;0;0
2024-12-03 00:00:00.0;;;3,1;0;0;0,5;1,4;0;2;2,6;2,4;0,2;2,3;0,2;0,2;0;0,7;0;0;0;5,5;0;0,5;0;0,1;0,5;0;;13;0;0;0;0;0;0;1,5;0;0;0,1;0;0;0;0,2;0;0;2,1;0;0;0,4;0;0;0;0;0,1;0,3;0,1;0;0;;3,9;0;0;0;1,7;0,8;0,1;0,1;0;0;0
2024-12-04 00:00:00.0;;;0;0;0;0;0;0;0;0;0;0;2,2;0;0;0;0;0;0;0;0;0,4;3,2;0,3;0,4;0,1;0,2;;0;0,1;0,2;0;0;0;0;0,1;0;0;2,7;0;0;0;1,9;0;0;0;0;0;0;0;3,3;0;1,4;0;0;0;0;0,1;;0;0;0;0;0;0;0,1;0;0;0;0
2024-12-05 00:00:00.0;;;1,5;0,4;1,3;0,6;2;3,1;0,3;2,6;0,2;0,2;0,4;0,6;0,1;11,4;0,4;0;0,1;2,3;0;1,1;1,9;3,4;0,6;0;13,1;;0;9,7;10,6;0;0,3;0;0,3;0,1;0,1;0,9;3,3;0;0,6;0;0,4;0;1,3;0;7,4;0,1;1,6;5,4;0,1;1,8;0;0;4,2;0,2;0;0;;2,2;0;8,7;0;0;0;0,1;0,1;3,8;0;0,1
2024-12-06 00:00:00.0;;;0;12,6;15,8;0,2;1,8;11,5;0,1;0,4;0;0,7;0;0;0;2,1;0;5,3;14,5;0;11,7;0;1,3;0,1;1,3;0,7;1,4;;5,2;11,6;1,6;3,7;0;3,7;0;4,2;0;22,5;1,1;10,1;0;17,5;0;4,9;1,8;5,5;22;0,1;0;1,8;0,1;0;0,6;0,1;0;1,4;0;0,4;;0;0;11,5;0;0;7,1;0;0;16,1;0;0
2024-12-07 00:00:00.0;;;0;3,8;0;0,1;0,7;10,8;0;0;0;0;0;1,1;0,6;0;0;0,3;15,9;1;2,2;0;0;0;0;0;0,1;;1,2;0;0;1,9;0,9;1,9;0,9;0,6;0;1;0;3,6;1,3;6,4;0,1;0,5;8,5;0;19,8;0;0;0;0;0,9;0;1,8;0;0,1;0;0;;0;0,3;0,7;0;0;0,7;0;0;1;1,8;0
2024-12-08 00:00:00.0;;;0;0;;0;0;0;0;0;0;0;0;0;0;0;0;0;0;0;0;0;0;0;0;0;0;;0,2;0;0;0;0;0;0;0;0;0;0;0;0;0;0;0;0;0;0;0;0;0;0;0;0;0,1;0;0;0;0;;0;0,1;0;0;0;0;0;0;0;0;0
2024-12-09 00:00:00.0;;;0;0,2;;0;0;0;0;0;0;0;0;0,1;0;0;0;0;0;0,3;0;0,1;0;0;0;0;0;;0;0;0,1;0;0;0;0;0;0;0;0;0;0,1;0;0;0;0,5;0;0;0,3;0;0;0;0,1;0;2;0;0;0,2;0,2;;0;0,3;0;0;0;0;0;0;0;0,3;0
2024-12-10 00:00:00.0;;;0;0;;0;0;0;0;0;0;0;0;0;0;0;0;0;0;0;0;0;0;0;0;0;0;0,2;0;0;0;0;0;0;0;0;0;0;0;0;0;0;0;0;0;0;0;0;0;0;0;0;0;0,6;0;0;0;0;;0;0,1;0;0,6;0;0;0;0;0;0;0
2024-12-11 00:00:00.0;;;0;0;;0;0;0;0;0;0;0;0;0;0;0;0;0;0;0;0;0;0;0;0;0;0;0;0;0;0;0;0;0;0;0;0;0;0;0;0;0;0;0;0;0;0;0;0;0;0;0;0;0,1;0;0;0;0;;0;0;0;0;0;0;0;0;0;0;0
2024-12-12 00:00:00.0;;;0;15,5;;0;0;0,1;0;0;0;0;0;0;0;0;0;1,2;0;0;0;0;0;0;0;0;0;0;0;1,6;0;0;0;0;0;0;0;10,9;0;0;0;0,1;0;0;30,1;0;1,3;0;0;0,2;0;0;0;0,3;0;0;0;3,8;;0,2;0;5;0;0;0,9;0;0;8;0;0
2024-12-13 00:00:00.0;;;0;0,1;;0;0;0;0;0;0;0;0;0;0;0;0;0;0;0;0;0;0;0;0;0;0;0;0;0;0;0;0;0;0;0;0;0;0;0,3;0;0;0;0;0;0;0;0;0;0,1;0;0;0;0;0;0;0;0,1;;0;0;0;0;0;0;0;0;0;0;0
2024-12-14 00:00:00.0;;;0;0;;0;0;0;0;0;0;0;0;0;0;0;0;0;0;0;0;0;0;0;0;0;0;0;0;0;0;0;0;0;0;0;0;0;0;0;0;0;0,2;0;0;0;0;0,1;0;0;0;0;0;0;0;0,1;0;0;;0;0;0;0;0;0;0;0;0;0;0
2024-12-15 00:00:00.0;;;0;7,9;;0;0,3;14,9;0;1,8;0;0;0;0;0;1,5;0;0;7,2;0;2,7;0;0;0;0;0;2;0;0;0,1;2,8;1,3;0;1,3;0;0;0;0;0;2,4;0;4,9;0,1;6,1;8,7;0;9;0;0;6,1;0;0;0;0,1;0;0;0;13,3;;0;0;0;0;0;0;0;0;0;0;0,1
2024-12-16 00:00:00.0;;;0;0;0;0;0;0;0;0;0;0;0;0;0;0;0;0,2;0;0;0;0;0;0;0;0;0;0;0;0;0;0;0;0;0;0;0;0;0;0;0;0;0;0;0;0;0;0;0;0;0;0;0;0;0;0;0;0,2;;0;0;0;0;0;0;0;0;0;0;0
2024-12-17 00:00:00.0;;;0,3;0,1;;0;0,2;0;0;0,2;0,4;0;0,1;0,8;0,4;0,4;0,3;0,3;0,1;0,3;0;0,1;0,7;0,3;0,5;0,1;0,2;0;0,3;0,2;0,4;0;0,1;0;0,1;0;0,3;0,5;0,2;0;1;0;0,1;0;0,1;0,1;0;1;0,5;0,6;0;0,8;0;3,1;0,4;0;0,3;0,3;;0,4;0,1;0,4;0,2;0,4;0,5;0;0,3;0,4;0,4;0,1
2024-12-18 00:00:00.0;;;0;0;0,5;0;0;0;0;0;0;0;0;0,6;0,3;0;0;0;0;0;0;0;0;0;0;0;0;0;0;0;0;0;0;0;0;0;0;0;0;0;0;0;0;0;0;0;0;0;0;0;0;0;0;0,6;0;0;0;0,4;;0;0;0;0;0;0;0;0;0;0,1;0
2024-12-19 00:00:00.0;;;0;0;0;0;0;0;0;0;0;0;0;0;0;0;0;0;0;0;0;0;0;0;0;0;0;0;0;0;0;0;0;0;0;0;0;0;0;0;0,2;0;0;0;0;0;0;0;0,2;0;0;0;0;0,1;0;0;0;0,1;;0;0;0;0;0;0;0;0;0;0;0
2024-12-20 00:00:00.0;;;0;0;0;0;0;0;0;0;0;0;0;0;0;0;0;0;0;0;0;0;0;0;0;0;0;0;0;0;0;0;0;0;0;0;0;0;0;0;0;0;0,1;0;0;0;0;0;0;0;0;0;0;0;0;0;0,3;0;;0;1,3;0;0;0;0;0;0;0;0;0
2024-12-21 00:00:00.0;;;0;0,4;0;1,9;0;0;3,5;0;0;0,1;0;0;0;0,5;0;0,1;0;0;0,2;0;0;0;0;0;0;0,1;0,1;1,3;0;0;0;0;0;0,6;0;0,6;0;0;0;0,3;0;0;0,7;0;0,3;0;0;0,7;0,7;0;0,7;0;0;0;0;0,9;;0;0,2;1,6;0;0;0;0;0;0,7;0;0,6
2024-12-22 00:00:00.0;;;0,4;0,1;0;0,4;0;0;0;0,5;0,7;0,2;0;0;0;1,1;1,7;0;0;1,3;0;0,3;0,1;1,4;1,1;0;1;1,8;0;0;1,4;0,1;2;0,1;2;1,1;2,1;0;0;0;0,5;0,4;0;0,2;0,1;4,3;0,1;0,3;1,2;1,7;0,2;1,4;1,3;0,2;1,4;5,7;0;3,6;;0,5;0,4;0;0;1,2;0;0;0;0;0;2,3
2024-12-23 00:00:00.0;;;0;0,9;1,3;0;0,4;0,9;0,2;0;0;0,3;0,1;0,4;0,1;0,2;0;0;0,8;0,4;0,2;0;0,1;0,6;0;0;0,1;0,4;0,2;0,1;0,5;0,6;0,3;0,6;0,3;0,1;0,2;0,2;0;0,4;0;0,9;0;0,2;1,2;0;1,3;0;0;0,9;0;1,2;0;0,4;0;0,2;1,2;1,2;;0;9,2;0,4;0,3;0;0,1;0;0;0,3;0;0,5
2024-12-24 00:00:00.0;;;0;0;0;0,8;7,1;0;5,4;0;0;5,4;2,1;0;0;0;0;0;0;0;0,9;0;0;0;0;0;0;0;0;0;0;0;0;0;0;0;0;0;0;0;0;0;0,6;0;0;0;0;0;0;0;0;0;0;0;0;0,1;0,1;0;;0;3,9;0;0;0;0;0;0;0;0;0
2024-12-25 00:00:00.0;;;0;1,5;0,5;1,1;5,2;0,1;4,3;0,3;0;0,4;0,5;0;0;0;0;5,8;0,7;0;14,4;0,6;0,9;0;2;1,4;0;0;13,4;9,2;0,2;8,1;0;8,1;0;4,5;0;8,8;3,2;3,2;0;7,1;0,1;5,5;0;3,2;0;0;0;0;1,5;0;1,3;0;0;0,1;0;0;;0,3;0;8;0;0;3,8;0;0;9,7;0;0
2024-12-26 00:00:00.0;;;11,3;2,1;14,9;20,3;3,7;6,1;1,9;11,8;16,6;4,1;8;0;0,6;10,4;18,5;5,6;2,3;0;12,2;15,1;1,3;7,3;2,2;6;12,6;2,8;9,9;8,2;13;2,2;1,1;2,2;1,1;3,1;9,7;3,5;6,4;0;3,5;0;7,2;0,7;1,1;10,4;9,7;6,3;7,9;0,8;3,8;0,6;3,8;0;13,3;3;0;0,2;;12,4;0;1,8;0;6,2;9,6;0;12,1;3,7;0,3;6
2024-12-27 00:00:00.0;;;1,3;0,6;14,9;1,4;3,4;16,1;1,9;0,9;3,3;4,3;2,5;0,8;0,3;2,1;2,4;3,7;26,7;0,3;7,4;1,5;2,2;1;2,5;8,7;1,3;1,7;12,1;0,9;1,7;8,7;0,2;8,7;0,2;5,8;0,7;0,7;1,3;19;0,9;12,8;2,5;1,3;1;6,3;7,1;1,3;2,5;1,9;1,4;0,5;1,3;0,9;1,7;2,2;0;2,2;;0,8;0,7;0,7;0,1;4;8;0;1,5;0,6;0,3;2,7
2024-12-28 00:00:00.0;;;18,7;0,6;4,3;0,3;0,2;9,1;1,8;7,7;2,4;0,1;0,1;1,7;0,9;8,3;1,4;0,3;0;3,1;10,6;10;1,7;6,6;2,9;0,6;5,8;2,2;4,3;1,2;4,8;0,2;3,2;0,2;3,2;1,8;3;1,2;3;0;2,8;0,1;0,1;0;0,5;0,4;31,1;1,2;1,9;2,8;0,3;6,4;0,5;6;4,7;0,2;2;5,5;;4,5;2,8;0,8;2;5,1;0,3;0;5,7;0,8;3,1;4,5
2024-12-29 00:00:00.0;;;0,5;4,5;0,2;0;0,8;0,1;0;0,2;4,3;1,1;0,1;0,1;0,1;0,6;5,5;2,3;0;0,3;2,3;1,1;0,4;0,4;0,6;0,5;0,4;0,6;7,7;0,2;0,3;0,1;0,6;0,1;0,6;0,6;0,3;0,1;1,6;0;0,6;0;1,6;0;0,1;3,2;0,2;0,2;2,5;0,2;5,9;0,5;12,6;1;0,5;2,9;1,3;0,3;;0,2;3,2;0,2;1,3;3,6;10,7;0;0,9;0,2;0,7;0,6
2024-12-30 00:00:00.0;;;3,1;12,1;43,1;7,7;14,7;35,5;7,2;6;0,8;0,9;0,1;0;0;6,9;0,8;8,7;35,7;0,4;18;5,7;1,3;1,7;3,4;1;5,9;0;7,5;20,6;4,4;29,5;0,1;29,5;0,1;13,6;2,3;17,6;5,6;29,4;0,1;33,4;0;37,7;5,6;3;29,2;3,1;1,4;23,5;0,1;2,7;0,8;0,6;1,7;0,3;1,3;1,3;;4,6;0;12;0;0,8;11,9;0;2,5;15,6;0;8,9
2024-12-31 00:00:00.0;;;0;0;0,2;0,1;0,5;0,4;0;0;0;0;0;0;0;0;0;0;0,5;0;0;0;0;0;0;0;0;0;0,1;0;0;1,3;0;1,3;0;0;0;0;0;1,4;0;0;0;0,8;0;0;1,2;0;0;0;0;0;0;0;0;0;0;0;;0;0;0;0;0;0;0;0;0;0;0
