{
  "crs_descarga": "EPSG:4326",
  "xmin": -81.79471601128293,
  "ymin": -4.245076928345046,
  "xmax": -66.65563390158343,
  "ymax": 13.411477308717075,
  "resolucion_x": 0.00027335300904999995,
  "resolucion_y": 0.00027335300905000006,
  "origen_x": -81.79471601128293,
  "origen_y": 13.411477308717075,
  "ancho_total_px": 55383,
  "alto_total_px": 64592,
  "tile_size_px": 2048,
  "n_filas_tiles": 32,
  "n_columnas_tiles": 28,
  "nomenclatura_tiles": "tile_r{fila:04d}_c{columna:04d}",
  "buffer_grados": 0.0,
  "politica_borde": "recortar_al_extent_nacional_declarado",
  "nodata_tecnico": 253,
  "remuestreo": "nearest",
  "tolerancia_clase_desconocida_pct": 0.0,
  "grid_version": "national_grid_v1_2026-07-12"
}